--Adressen
INSERT INTO ADDRESS (A_ID,ENABLED,CITY,NUMBER,STREET,ZIP, CREATED) VALUES (1,TRUE,'WIEN',125,'Waehringerstrasse','1180', CURRENT_TIMESTAMP);
INSERT INTO ADDRESS (A_ID,ENABLED,CITY,NUMBER,STREET,ZIP, CREATED) VALUES (2,TRUE,'WIEN',5,'Plenergasse','1180', CURRENT_TIMESTAMP);
INSERT INTO ADDRESS (A_ID,ENABLED,CITY,DOOR,NUMBER,STAIR,STREET,ZIP, CREATED) VALUES (3,TRUE,'WIEN',8,1,5,'Gumpendorferstrasse','1160', CURRENT_TIMESTAMP);
INSERT INTO ADDRESS (A_ID,ENABLED,CITY,DOOR,NUMBER,STAIR,STREET,ZIP, CREATED) VALUES (4,TRUE,'WIEN',8,1,5,'Gumpendorferstrasse','1160', CURRENT_TIMESTAMP);
INSERT INTO ADDRESS (A_ID,ENABLED,CITY,DOOR,NUMBER,STAIR,STREET,ZIP, CREATED) VALUES (5,TRUE,'WIEN',8,1,5,'Gumpendorferstrasse','1160', CURRENT_TIMESTAMP);
INSERT INTO ADDRESS (A_ID,ENABLED,CITY,DOOR,NUMBER,STAIR,STREET,ZIP, CREATED) VALUES (6,TRUE,'WIEN',2,18,1,'Taubstummengasse','1040', CURRENT_TIMESTAMP);
INSERT INTO ADDRESS (A_ID,ENABLED,CITY,DOOR,NUMBER,STAIR,STREET,ZIP, CREATED) VALUES (7,TRUE,'WIEN',4,15,3,'Favoritenstrasse','1040', CURRENT_TIMESTAMP);
INSERT INTO ADDRESS (A_ID,ENABLED,CITY,DOOR,NUMBER,STAIR,STREET,ZIP, CREATED) VALUES (8,TRUE,'WIEN',6,2,10,'Seidlstrasse','1030', CURRENT_TIMESTAMP);
INSERT INTO ADDRESS (A_ID,ENABLED,CITY,DOOR,NUMBER,STAIR,STREET,ZIP, CREATED) VALUES (9,TRUE,'WIEN',3,5,7,'Alserstrasse','1080', CURRENT_TIMESTAMP);
INSERT INTO ADDRESS (A_ID,ENABLED,CITY,DOOR,NUMBER,STAIR,STREET,ZIP, CREATED) VALUES (10,TRUE,'WIEN',10,2,8,'Thaliastrasse','1150', CURRENT_TIMESTAMP);
INSERT INTO ADDRESS (A_ID,ENABLED,CITY,DOOR,NUMBER,STAIR,STREET,ZIP, CREATED) VALUES (11,TRUE,'WIEN',3,3,2,'Meidlinger Haupstrasse','1120', CURRENT_TIMESTAMP);
INSERT INTO ADDRESS (A_ID,ENABLED,CITY,DOOR,NUMBER,STAIR,STREET,ZIP, CREATED) VALUES (12,TRUE,'WIEN',3,17,2,'Lehargasse','1120', CURRENT_TIMESTAMP);
INSERT INTO ADDRESS (A_ID,ENABLED,CITY,DOOR,NUMBER,STAIR,STREET,ZIP, CREATED) VALUES (13,TRUE,'WIEN',3,10,4,'Seitenstettengasse','1130', CURRENT_TIMESTAMP);
INSERT INTO ADDRESS (A_ID,ENABLED,CITY,DOOR,NUMBER,STAIR,STREET,ZIP, CREATED) VALUES (14,TRUE,'WIEN',5,12,2,'Rosenweg','1220', CURRENT_TIMESTAMP);
INSERT INTO ADDRESS (A_ID,ENABLED,CITY,DOOR,NUMBER,STAIR,STREET,ZIP, CREATED) VALUES (15,TRUE,'WIEN',3,19,2,'Lilienweg','1100', CURRENT_TIMESTAMP);
INSERT INTO ADDRESS (A_ID,ENABLED,CITY,DOOR,NUMBER,STAIR,STREET,ZIP, CREATED) VALUES (16,TRUE,'WIEN',7,17,7,'Hannesgasse','1120', CURRENT_TIMESTAMP);
INSERT INTO ADDRESS (A_ID,ENABLED,CITY,DOOR,NUMBER,STAIR,STREET,ZIP, CREATED) VALUES (17,TRUE,'WIEN',3,17,2,'Dornstrasse','1010', CURRENT_TIMESTAMP);
INSERT INTO ADDRESS (A_ID,ENABLED,CITY,DOOR,NUMBER,STAIR,STREET,ZIP, CREATED) VALUES (18,TRUE,'WIEN',3,7,5,'Zopfgasse','1030', CURRENT_TIMESTAMP);
INSERT INTO ADDRESS (A_ID,ENABLED,CITY,DOOR,NUMBER,STAIR,STREET,ZIP, CREATED) VALUES (19,TRUE,'WIEN',9,17,2,'Ulmgasse','1120', CURRENT_TIMESTAMP);
INSERT INTO ADDRESS (A_ID,ENABLED,CITY,DOOR,NUMBER,STAIR,STREET,ZIP, CREATED) VALUES (20,TRUE,'WIEN',3,17,2,'Franz-Ferdinand Strasse','1120', CURRENT_TIMESTAMP);
INSERT INTO ADDRESS (A_ID,ENABLED,CITY,DOOR,NUMBER,STAIR,STREET,ZIP, CREATED) VALUES (21,TRUE,'WIEN',10,9,9,'Paulinengasse','1200', CURRENT_TIMESTAMP);
INSERT INTO ADDRESS (A_ID,ENABLED,CITY,DOOR,NUMBER,STAIR,STREET,ZIP, CREATED) VALUES (22,TRUE,'WIEN',3,17,2,'Elisabethstrasse','1100', CURRENT_TIMESTAMP);
INSERT INTO ADDRESS (A_ID,ENABLED,CITY,DOOR,NUMBER,STAIR,STREET,ZIP, CREATED) VALUES (23,TRUE,'WIEN',2,12,2,'Zotterstrasse','1130', CURRENT_TIMESTAMP);
INSERT INTO ADDRESS (A_ID,ENABLED,CITY,DOOR,NUMBER,STAIR,STREET,ZIP, CREATED) VALUES (24,TRUE,'WIEN',1,17,4,'Salitergasse','1140', CURRENT_TIMESTAMP);
INSERT INTO ADDRESS (A_ID,ENABLED,CITY,DOOR,NUMBER,STAIR,STREET,ZIP, CREATED) VALUES (25,TRUE,'WIEN',3,10,2,'Friedrichstrasse','1120', CURRENT_TIMESTAMP);
INSERT INTO ADDRESS (A_ID,ENABLED,CITY,DOOR,NUMBER,STAIR,STREET,ZIP, CREATED) VALUES (26,TRUE,'WIEN',9,14,3,'Brunnergasse','1120', CURRENT_TIMESTAMP);
INSERT INTO ADDRESS (A_ID,ENABLED,CITY,DOOR,NUMBER,STAIR,STREET,ZIP, CREATED) VALUES (27,TRUE,'WIEN',3,20,2,'Liesinger Strasse','1150', CURRENT_TIMESTAMP);
INSERT INTO ADDRESS (A_ID,ENABLED,CITY,DOOR,NUMBER,STAIR,STREET,ZIP, CREATED) VALUES (28,TRUE,'WIEN',7,17,7,'Matzleinsdorferplatz','1120', CURRENT_TIMESTAMP);
INSERT INTO ADDRESS (A_ID,ENABLED,CITY,DOOR,NUMBER,STAIR,STREET,ZIP, CREATED) VALUES (29,TRUE,'WIEN',3,14,2,'Erholdgasse','1170', CURRENT_TIMESTAMP);
INSERT INTO ADDRESS (A_ID,ENABLED,CITY,DOOR,NUMBER,STAIR,STREET,ZIP, CREATED) VALUES (30,TRUE,'WIEN',5,17,8,'Brunnerstrasse','1160', CURRENT_TIMESTAMP);
INSERT INTO ADDRESS (A_ID,ENABLED,CITY,DOOR,NUMBER,STAIR,STREET,ZIP, CREATED) VALUES (31,TRUE,'WIEN',3,13,2,'Gumpendorferstrasse','1190', CURRENT_TIMESTAMP);
INSERT INTO ADDRESS (A_ID,ENABLED,CITY,DOOR,NUMBER,STAIR,STREET,ZIP, CREATED) VALUES (32,TRUE,'WIEN',4,17,1,'Alterlaaerstrasse','1020', CURRENT_TIMESTAMP);
INSERT INTO ADDRESS (A_ID,ENABLED,CITY,DOOR,NUMBER,STAIR,STREET,ZIP, CREATED) VALUES (33,TRUE,'WIEN',10,10,2,'Linzerstrasse','1120', CURRENT_TIMESTAMP);
INSERT INTO ADDRESS (A_ID,ENABLED,CITY,DOOR,NUMBER,STAIR,STREET,ZIP, CREATED) VALUES (34,TRUE,'WIEN',3,17,3,'Rathausplatz','1130', CURRENT_TIMESTAMP);
INSERT INTO ADDRESS (A_ID,ENABLED,CITY,DOOR,NUMBER,STAIR,STREET,ZIP, CREATED) VALUES (35,TRUE,'WIEN',3,6,2,'Hannesgasse','1120', CURRENT_TIMESTAMP);
INSERT INTO ADDRESS (A_ID,ENABLED,CITY,DOOR,NUMBER,STAIR,STREET,ZIP, CREATED) VALUES (36,TRUE,'WIEN',3,17,6,'Triesterstrasse','1040', CURRENT_TIMESTAMP);
INSERT INTO ADDRESS (A_ID,ENABLED,CITY,DOOR,NUMBER,STAIR,STREET,ZIP, CREATED) VALUES (37,TRUE,'WIEN',6,5,2,'Martinstrasse','1060', CURRENT_TIMESTAMP);
INSERT INTO ADDRESS (A_ID,ENABLED,CITY,DOOR,NUMBER,STAIR,STREET,ZIP, CREATED) VALUES (38,TRUE,'WIEN',8,17,8,'Rudolfgasse','1120', CURRENT_TIMESTAMP);
INSERT INTO ADDRESS (A_ID,ENABLED,CITY,DOOR,NUMBER,STAIR,STREET,ZIP, CREATED) VALUES (39,TRUE,'WIEN',3,6,2,'Carolinenstrasse','1070', CURRENT_TIMESTAMP);
INSERT INTO ADDRESS (A_ID,ENABLED,CITY,DOOR,NUMBER,STAIR,STREET,ZIP, CREATED) VALUES (40,TRUE,'WIEN',3,17,10,'Apfelgasse','1120', CURRENT_TIMESTAMP);
INSERT INTO ADDRESS (A_ID,ENABLED,CITY,DOOR,NUMBER,STAIR,STREET,ZIP, CREATED) VALUES (41,TRUE,'WIEN',9,8,2,'Johnstrasse','1090', CURRENT_TIMESTAMP);
INSERT INTO ADDRESS (A_ID,ENABLED,CITY,DOOR,NUMBER,STAIR,STREET,ZIP, CREATED) VALUES (42,TRUE,'WIEN',3,17,20,'Handelskai','1100', CURRENT_TIMESTAMP);
INSERT INTO ADDRESS (A_ID,ENABLED,CITY,DOOR,NUMBER,STAIR,STREET,ZIP, CREATED) VALUES (43,TRUE,'WIEN',4,10,2,'Hutteldorferstrasse','1120', CURRENT_TIMESTAMP);
INSERT INTO ADDRESS (A_ID,ENABLED,CITY,DOOR,NUMBER,STAIR,STREET,ZIP, CREATED) VALUES (44,TRUE,'WIEN',2,17,21,'Kremser Haupstrasse','1110', CURRENT_TIMESTAMP);
INSERT INTO ADDRESS (A_ID,ENABLED,CITY,DOOR,NUMBER,STAIR,STREET,ZIP, CREATED) VALUES (45,TRUE,'WIEN',2,17,21,'Kremser Haupstrasse','1110', CURRENT_TIMESTAMP);
INSERT INTO ADDRESS (A_ID,ENABLED,CITY,DOOR,NUMBER,STAIR,STREET,ZIP, CREATED) VALUES (46,TRUE,'WIEN',7,17,7,'Hannesgasse','1120', CURRENT_TIMESTAMP);
INSERT INTO ADDRESS (A_ID,ENABLED,CITY,DOOR,NUMBER,STAIR,STREET,ZIP, CREATED) VALUES (47,TRUE,'WIEN',3,17,2,'Dornstrasse','1010', CURRENT_TIMESTAMP);
INSERT INTO ADDRESS (A_ID,ENABLED,CITY,DOOR,NUMBER,STAIR,STREET,ZIP, CREATED) VALUES (48,TRUE,'WIEN',3,7,5,'Zopfgasse','1030', CURRENT_TIMESTAMP);
INSERT INTO ADDRESS (A_ID,ENABLED,CITY,DOOR,NUMBER,STAIR,STREET,ZIP, CREATED) VALUES (49,TRUE,'WIEN',9,17,2,'Ulmgasse','1120', CURRENT_TIMESTAMP);
INSERT INTO ADDRESS (A_ID,ENABLED,CITY,DOOR,NUMBER,STAIR,STREET,ZIP, CREATED) VALUES (50,TRUE,'WIEN',3,17,2,'Franz-Ferdinand Strasse','1120', CURRENT_TIMESTAMP);
INSERT INTO ADDRESS (A_ID,ENABLED,CITY,DOOR,NUMBER,STAIR,STREET,ZIP, CREATED) VALUES (51,TRUE,'WIEN',10,9,9,'Paulinengasse','1200', CURRENT_TIMESTAMP);
INSERT INTO ADDRESS (A_ID,ENABLED,CITY,DOOR,NUMBER,STAIR,STREET,ZIP, CREATED) VALUES (52,TRUE,'WIEN',3,17,2,'Elisabethstrasse','1100', CURRENT_TIMESTAMP);
INSERT INTO ADDRESS (A_ID,ENABLED,CITY,DOOR,NUMBER,STAIR,STREET,ZIP, CREATED) VALUES (53,TRUE,'WIEN',2,12,2,'Zotterstrasse','1130', CURRENT_TIMESTAMP);
INSERT INTO ADDRESS (A_ID,ENABLED,CITY,DOOR,NUMBER,STAIR,STREET,ZIP, CREATED) VALUES (54,TRUE,'WIEN',1,17,4,'Salitergasse','1140', CURRENT_TIMESTAMP);
INSERT INTO ADDRESS (A_ID,ENABLED,CITY,DOOR,NUMBER,STAIR,STREET,ZIP, CREATED) VALUES (55,TRUE,'WIEN',3,10,2,'Friedrichstrasse','1120', CURRENT_TIMESTAMP);
INSERT INTO ADDRESS (A_ID,ENABLED,CITY,DOOR,NUMBER,STAIR,STREET,ZIP, CREATED) VALUES (56,TRUE,'WIEN',9,14,3,'Brunnergasse','1120', CURRENT_TIMESTAMP);
INSERT INTO ADDRESS (A_ID,ENABLED,CITY,DOOR,NUMBER,STAIR,STREET,ZIP, CREATED) VALUES (57,TRUE,'WIEN',3,20,2,'Liesinger Strasse','1150', CURRENT_TIMESTAMP);
INSERT INTO ADDRESS (A_ID,ENABLED,CITY,DOOR,NUMBER,STAIR,STREET,ZIP, CREATED) VALUES (58,TRUE,'WIEN',7,17,7,'Matzleinsdorferplatz','1120', CURRENT_TIMESTAMP);
INSERT INTO ADDRESS (A_ID,ENABLED,CITY,DOOR,NUMBER,STAIR,STREET,ZIP, CREATED) VALUES (59,TRUE,'WIEN',3,14,2,'Erholdgasse','1170', CURRENT_TIMESTAMP);
INSERT INTO ADDRESS (A_ID,ENABLED,CITY,DOOR,NUMBER,STAIR,STREET,ZIP, CREATED) VALUES (60,TRUE,'WIEN',5,17,8,'Brunnerstrasse','1160', CURRENT_TIMESTAMP);
INSERT INTO ADDRESS (A_ID,ENABLED,CITY,DOOR,NUMBER,STAIR,STREET,ZIP, CREATED) VALUES (61,TRUE,'WIEN',3,13,2,'Gumpendorferstrasse','1190', CURRENT_TIMESTAMP);
INSERT INTO ADDRESS (A_ID,ENABLED,CITY,DOOR,NUMBER,STAIR,STREET,ZIP, CREATED) VALUES (62,TRUE,'WIEN',4,17,1,'Alterlaaerstrasse','1020', CURRENT_TIMESTAMP);
INSERT INTO ADDRESS (A_ID,ENABLED,CITY,DOOR,NUMBER,STAIR,STREET,ZIP, CREATED) VALUES (63,TRUE,'WIEN',10,10,2,'Linzerstrasse','1120', CURRENT_TIMESTAMP);
INSERT INTO ADDRESS (A_ID,ENABLED,CITY,DOOR,NUMBER,STAIR,STREET,ZIP, CREATED) VALUES (64,TRUE,'WIEN',3,17,3,'Rathausplatz','1130', CURRENT_TIMESTAMP);
INSERT INTO ADDRESS (A_ID,ENABLED,CITY,DOOR,NUMBER,STAIR,STREET,ZIP, CREATED) VALUES (65,TRUE,'WIEN',3,6,2,'Hannesgasse','1120', CURRENT_TIMESTAMP);
INSERT INTO ADDRESS (A_ID,ENABLED,CITY,DOOR,NUMBER,STAIR,STREET,ZIP, CREATED) VALUES (66,TRUE,'WIEN',3,17,6,'Triesterstrasse','1040', CURRENT_TIMESTAMP);
INSERT INTO ADDRESS (A_ID,ENABLED,CITY,DOOR,NUMBER,STAIR,STREET,ZIP, CREATED) VALUES (67,TRUE,'WIEN',6,5,2,'Martinstrasse','1060', CURRENT_TIMESTAMP);
INSERT INTO ADDRESS (A_ID,ENABLED,CITY,DOOR,NUMBER,STAIR,STREET,ZIP, CREATED) VALUES (68,TRUE,'WIEN',8,17,8,'Rudolfgasse','1120', CURRENT_TIMESTAMP);
INSERT INTO ADDRESS (A_ID,ENABLED,CITY,DOOR,NUMBER,STAIR,STREET,ZIP, CREATED) VALUES (69,TRUE,'WIEN',3,6,2,'Carolinenstrasse','1070', CURRENT_TIMESTAMP);
INSERT INTO ADDRESS (A_ID,ENABLED,CITY,DOOR,NUMBER,STAIR,STREET,ZIP, CREATED) VALUES (70,TRUE,'WIEN',3,17,10,'Apfelgasse','1120', CURRENT_TIMESTAMP);
INSERT INTO ADDRESS (A_ID,ENABLED,CITY,DOOR,NUMBER,STAIR,STREET,ZIP, CREATED) VALUES (71,TRUE,'WIEN',9,8,2,'Johnstrasse','1090', CURRENT_TIMESTAMP);
INSERT INTO ADDRESS (A_ID,ENABLED,CITY,DOOR,NUMBER,STAIR,STREET,ZIP, CREATED) VALUES (72,TRUE,'WIEN',3,17,20,'Handelskai','1100', CURRENT_TIMESTAMP);
INSERT INTO ADDRESS (A_ID,ENABLED,CITY,DOOR,NUMBER,STAIR,STREET,ZIP, CREATED) VALUES (73,TRUE,'WIEN',4,10,2,'Hutteldorferstrasse','1120', CURRENT_TIMESTAMP);
INSERT INTO ADDRESS (A_ID,ENABLED,CITY,DOOR,NUMBER,STAIR,STREET,ZIP, CREATED) VALUES (74,TRUE,'WIEN',2,17,21,'Kremser Haupstrasse','1110', CURRENT_TIMESTAMP);
INSERT INTO ADDRESS (A_ID,ENABLED,CITY,DOOR,NUMBER,STAIR,STREET,ZIP, CREATED) VALUES (75,TRUE,'WIEN',2,17,21,'Kremser Haupstrasse','1110', CURRENT_TIMESTAMP);
INSERT INTO ADDRESS (A_ID,ENABLED,CITY,DOOR,NUMBER,STAIR,STREET,ZIP, CREATED) VALUES (76,TRUE,'WIEN',7,17,7,'Hannesgasse','1120', CURRENT_TIMESTAMP);
INSERT INTO ADDRESS (A_ID,ENABLED,CITY,DOOR,NUMBER,STAIR,STREET,ZIP, CREATED) VALUES (77,TRUE,'WIEN',3,17,2,'Dornstrasse','1010', CURRENT_TIMESTAMP);
INSERT INTO ADDRESS (A_ID,ENABLED,CITY,DOOR,NUMBER,STAIR,STREET,ZIP, CREATED) VALUES (78,TRUE,'WIEN',3,7,5,'Zopfgasse','1030', CURRENT_TIMESTAMP);
INSERT INTO ADDRESS (A_ID,ENABLED,CITY,DOOR,NUMBER,STAIR,STREET,ZIP, CREATED) VALUES (79,TRUE,'WIEN',9,17,2,'Ulmgasse','1120', CURRENT_TIMESTAMP);
INSERT INTO ADDRESS (A_ID,ENABLED,CITY,DOOR,NUMBER,STAIR,STREET,ZIP, CREATED) VALUES (80,TRUE,'WIEN',3,17,2,'Franz-Ferdinand Strasse','1120', CURRENT_TIMESTAMP);
INSERT INTO ADDRESS (A_ID,ENABLED,CITY,DOOR,NUMBER,STAIR,STREET,ZIP, CREATED) VALUES (81,TRUE,'WIEN',10,9,9,'Paulinengasse','1200', CURRENT_TIMESTAMP);
INSERT INTO ADDRESS (A_ID,ENABLED,CITY,DOOR,NUMBER,STAIR,STREET,ZIP, CREATED) VALUES (82,TRUE,'WIEN',3,17,2,'Elisabethstrasse','1100', CURRENT_TIMESTAMP);
INSERT INTO ADDRESS (A_ID,ENABLED,CITY,DOOR,NUMBER,STAIR,STREET,ZIP, CREATED) VALUES (83,TRUE,'WIEN',2,12,2,'Zotterstrasse','1130', CURRENT_TIMESTAMP);
INSERT INTO ADDRESS (A_ID,ENABLED,CITY,DOOR,NUMBER,STAIR,STREET,ZIP, CREATED) VALUES (84,TRUE,'WIEN',1,17,4,'Salitergasse','1140', CURRENT_TIMESTAMP);
INSERT INTO ADDRESS (A_ID,ENABLED,CITY,DOOR,NUMBER,STAIR,STREET,ZIP, CREATED) VALUES (85,TRUE,'WIEN',3,10,2,'Friedrichstrasse','1120', CURRENT_TIMESTAMP);
INSERT INTO ADDRESS (A_ID,ENABLED,CITY,DOOR,NUMBER,STAIR,STREET,ZIP, CREATED) VALUES (86,TRUE,'WIEN',9,14,3,'Brunnergasse','1120', CURRENT_TIMESTAMP);
INSERT INTO ADDRESS (A_ID,ENABLED,CITY,DOOR,NUMBER,STAIR,STREET,ZIP, CREATED) VALUES (87,TRUE,'WIEN',3,20,2,'Liesinger Strasse','1150', CURRENT_TIMESTAMP);
INSERT INTO ADDRESS (A_ID,ENABLED,CITY,DOOR,NUMBER,STAIR,STREET,ZIP, CREATED) VALUES (88,TRUE,'WIEN',7,17,7,'Matzleinsdorferplatz','1120', CURRENT_TIMESTAMP);
INSERT INTO ADDRESS (A_ID,ENABLED,CITY,DOOR,NUMBER,STAIR,STREET,ZIP, CREATED) VALUES (89,TRUE,'WIEN',3,14,2,'Erholdgasse','1170', CURRENT_TIMESTAMP);
INSERT INTO ADDRESS (A_ID,ENABLED,CITY,DOOR,NUMBER,STAIR,STREET,ZIP, CREATED) VALUES (90,TRUE,'WIEN',5,17,8,'Brunnerstrasse','1160', CURRENT_TIMESTAMP);
INSERT INTO ADDRESS (A_ID,ENABLED,CITY,DOOR,NUMBER,STAIR,STREET,ZIP, CREATED) VALUES (91,TRUE,'WIEN',3,13,2,'Gumpendorferstrasse','1190', CURRENT_TIMESTAMP);
INSERT INTO ADDRESS (A_ID,ENABLED,CITY,DOOR,NUMBER,STAIR,STREET,ZIP, CREATED) VALUES (92,TRUE,'WIEN',4,17,1,'Alterlaaerstrasse','1020', CURRENT_TIMESTAMP);
INSERT INTO ADDRESS (A_ID,ENABLED,CITY,DOOR,NUMBER,STAIR,STREET,ZIP, CREATED) VALUES (93,TRUE,'WIEN',10,10,2,'Linzerstrasse','1120', CURRENT_TIMESTAMP);
INSERT INTO ADDRESS (A_ID,ENABLED,CITY,DOOR,NUMBER,STAIR,STREET,ZIP, CREATED) VALUES (94,TRUE,'WIEN',3,17,3,'Rathausplatz','1130', CURRENT_TIMESTAMP);
INSERT INTO ADDRESS (A_ID,ENABLED,CITY,DOOR,NUMBER,STAIR,STREET,ZIP, CREATED) VALUES (95,TRUE,'WIEN',3,6,2,'Hannesgasse','1120', CURRENT_TIMESTAMP);
INSERT INTO ADDRESS (A_ID,ENABLED,CITY,DOOR,NUMBER,STAIR,STREET,ZIP, CREATED) VALUES (96,TRUE,'WIEN',3,17,6,'Triesterstrasse','1040', CURRENT_TIMESTAMP);
INSERT INTO ADDRESS (A_ID,ENABLED,CITY,DOOR,NUMBER,STAIR,STREET,ZIP, CREATED) VALUES (97,TRUE,'WIEN',6,5,2,'Martinstrasse','1060', CURRENT_TIMESTAMP);
INSERT INTO ADDRESS (A_ID,ENABLED,CITY,DOOR,NUMBER,STAIR,STREET,ZIP, CREATED) VALUES (98,TRUE,'WIEN',8,17,8,'Rudolfgasse','1120', CURRENT_TIMESTAMP);
INSERT INTO ADDRESS (A_ID,ENABLED,CITY,DOOR,NUMBER,STAIR,STREET,ZIP, CREATED) VALUES (99,TRUE,'WIEN',3,6,2,'Carolinenstrasse','1070', CURRENT_TIMESTAMP);
INSERT INTO ADDRESS (A_ID,ENABLED,CITY,DOOR,NUMBER,STAIR,STREET,ZIP, CREATED) VALUES (100,TRUE,'WIEN',3,17,10,'Apfelgasse','1120', CURRENT_TIMESTAMP);
INSERT INTO ADDRESS (A_ID,ENABLED,CITY,DOOR,NUMBER,STAIR,STREET,ZIP, CREATED) VALUES (101,TRUE,'WIEN',9,8,2,'Johnstrasse','1090', CURRENT_TIMESTAMP);
INSERT INTO ADDRESS (A_ID,ENABLED,CITY,DOOR,NUMBER,STAIR,STREET,ZIP, CREATED) VALUES (102,TRUE,'WIEN',3,17,20,'Handelskai','1100', CURRENT_TIMESTAMP);
INSERT INTO ADDRESS (A_ID,ENABLED,CITY,DOOR,NUMBER,STAIR,STREET,ZIP, CREATED) VALUES (103,TRUE,'WIEN',4,10,2,'Hutteldorferstrasse','1120', CURRENT_TIMESTAMP);
INSERT INTO ADDRESS (A_ID,ENABLED,CITY,DOOR,NUMBER,STAIR,STREET,ZIP, CREATED) VALUES (104,TRUE,'WIEN',2,17,21,'Kremser Haupstrasse','1110', CURRENT_TIMESTAMP);
INSERT INTO ADDRESS (A_ID,ENABLED,CITY,DOOR,NUMBER,STAIR,STREET,ZIP, CREATED) VALUES (105,TRUE,'WIEN',2,17,21,'Kremser Haupstrasse','1110', CURRENT_TIMESTAMP);
INSERT INTO ADDRESS (A_ID,ENABLED,CITY,DOOR,NUMBER,STAIR,STREET,ZIP, CREATED) VALUES (106,TRUE,'WIEN',3,17,10,'Apfelgasse','1120', CURRENT_TIMESTAMP);
INSERT INTO ADDRESS (A_ID,ENABLED,CITY,DOOR,NUMBER,STAIR,STREET,ZIP, CREATED) VALUES (107,TRUE,'WIEN',9,8,2,'Johnstrasse','1090', CURRENT_TIMESTAMP);
INSERT INTO ADDRESS (A_ID,ENABLED,CITY,DOOR,NUMBER,STAIR,STREET,ZIP, CREATED) VALUES (108,TRUE,'WIEN',3,17,20,'Handelskai','1100', CURRENT_TIMESTAMP);
INSERT INTO ADDRESS (A_ID,ENABLED,CITY,DOOR,NUMBER,STAIR,STREET,ZIP, CREATED) VALUES (109,TRUE,'WIEN',4,10,2,'Hutteldorferstrasse','1120', CURRENT_TIMESTAMP);
INSERT INTO ADDRESS (A_ID,ENABLED,CITY,DOOR,NUMBER,STAIR,STREET,ZIP, CREATED) VALUES (110,TRUE,'WIEN',2,17,21,'Kremser Haupstrasse','1110', CURRENT_TIMESTAMP);
INSERT INTO ADDRESS (A_ID,ENABLED,CITY,DOOR,NUMBER,STAIR,STREET,ZIP, CREATED) VALUES (111,TRUE,'WIEN',2,17,21,'Kremser Haupstrasse','1110', CURRENT_TIMESTAMP);
INSERT INTO ADDRESS (A_ID,ENABLED,CITY,DOOR,NUMBER,STAIR,STREET,ZIP, CREATED) VALUES (112,TRUE,'WIEN',3,17,20,'Handelskai','1100', CURRENT_TIMESTAMP);
INSERT INTO ADDRESS (A_ID,ENABLED,CITY,DOOR,NUMBER,STAIR,STREET,ZIP, CREATED) VALUES (113,TRUE,'WIEN',4,10,2,'Hutteldorferstrasse','1120', CURRENT_TIMESTAMP);
INSERT INTO ADDRESS (A_ID,ENABLED,CITY,DOOR,NUMBER,STAIR,STREET,ZIP, CREATED) VALUES (114,TRUE,'WIEN',2,17,21,'Kremser Haupstrasse','1110', CURRENT_TIMESTAMP);
INSERT INTO ADDRESS (A_ID,ENABLED,CITY,DOOR,NUMBER,STAIR,STREET,ZIP, CREATED) VALUES (115,TRUE,'WIEN',2,17,21,'Kremser Haupstrasse','1110', CURRENT_TIMESTAMP);
INSERT INTO ADDRESS (A_ID,ENABLED,CITY,DOOR,NUMBER,STAIR,STREET,ZIP, CREATED) VALUES (116,TRUE,'WIEN',3,17,10,'Apfelgasse','1120', CURRENT_TIMESTAMP);
INSERT INTO ADDRESS (A_ID,ENABLED,CITY,DOOR,NUMBER,STAIR,STREET,ZIP, CREATED) VALUES (117,TRUE,'WIEN',9,8,2,'Johnstrasse','1090', CURRENT_TIMESTAMP);
INSERT INTO ADDRESS (A_ID,ENABLED,CITY,DOOR,NUMBER,STAIR,STREET,ZIP, CREATED) VALUES (118,TRUE,'WIEN',3,17,20,'Handelskai','1100', CURRENT_TIMESTAMP);
INSERT INTO ADDRESS (A_ID,ENABLED,CITY,DOOR,NUMBER,STAIR,STREET,ZIP, CREATED) VALUES (119,TRUE,'WIEN',4,10,2,'Hutteldorferstrasse','1120', CURRENT_TIMESTAMP);
INSERT INTO ADDRESS (A_ID,ENABLED,CITY,DOOR,NUMBER,STAIR,STREET,ZIP, CREATED) VALUES (120,TRUE,'WIEN',2,17,21,'Kremser Haupstrasse','1110', CURRENT_TIMESTAMP);
INSERT INTO ADDRESS (A_ID,ENABLED,CITY,DOOR,NUMBER,STAIR,STREET,ZIP, CREATED) VALUES (121,TRUE,'WIEN',2,17,21,'Kremser Haupstrasse','1110', CURRENT_TIMESTAMP);
INSERT INTO ADDRESS (A_ID,ENABLED,CITY,DOOR,NUMBER,STAIR,STREET,ZIP, CREATED) VALUES (122,TRUE,'WIEN',3,17,20,'Handelskai','1100', CURRENT_TIMESTAMP);
INSERT INTO ADDRESS (A_ID,ENABLED,CITY,DOOR,NUMBER,STAIR,STREET,ZIP, CREATED) VALUES (123,TRUE,'WIEN',4,10,2,'Hutteldorferstrasse','1120', CURRENT_TIMESTAMP);
INSERT INTO ADDRESS (A_ID,ENABLED,CITY,DOOR,NUMBER,STAIR,STREET,ZIP, CREATED) VALUES (124,TRUE,'WIEN',2,17,21,'Kremser Haupstrasse','1110', CURRENT_TIMESTAMP);
INSERT INTO ADDRESS (A_ID,ENABLED,CITY,DOOR,NUMBER,STAIR,STREET,ZIP, CREATED) VALUES (125,TRUE,'WIEN',2,17,21,'Kremser Haupstrasse','1110', CURRENT_TIMESTAMP);
INSERT INTO ADDRESS (A_ID,ENABLED,CITY,DOOR,NUMBER,STAIR,STREET,ZIP, CREATED) VALUES (126,TRUE,'WIEN',3,17,10,'Apfelgasse','1120', CURRENT_TIMESTAMP);
INSERT INTO ADDRESS (A_ID,ENABLED,CITY,DOOR,NUMBER,STAIR,STREET,ZIP, CREATED) VALUES (127,TRUE,'WIEN',9,8,2,'Johnstrasse','1090', CURRENT_TIMESTAMP);
INSERT INTO ADDRESS (A_ID,ENABLED,CITY,DOOR,NUMBER,STAIR,STREET,ZIP, CREATED) VALUES (128,TRUE,'WIEN',3,17,20,'Handelskai','1100', CURRENT_TIMESTAMP);
INSERT INTO ADDRESS (A_ID,ENABLED,CITY,DOOR,NUMBER,STAIR,STREET,ZIP, CREATED) VALUES (129,TRUE,'WIEN',4,10,2,'Hutteldorferstrasse','1120', CURRENT_TIMESTAMP);
INSERT INTO ADDRESS (A_ID,ENABLED,CITY,DOOR,NUMBER,STAIR,STREET,ZIP, CREATED) VALUES (130,TRUE,'WIEN',2,17,21,'Kremser Haupstrasse','1110', CURRENT_TIMESTAMP);
INSERT INTO ADDRESS (A_ID,ENABLED,CITY,DOOR,NUMBER,STAIR,STREET,ZIP, CREATED) VALUES (131,TRUE,'WIEN',2,17,21,'Kremser Haupstrasse','1110', CURRENT_TIMESTAMP);
INSERT INTO ADDRESS (A_ID,ENABLED,CITY,DOOR,NUMBER,STAIR,STREET,ZIP, CREATED) VALUES (132,TRUE,'WIEN',3,17,20,'Handelskai','1100', CURRENT_TIMESTAMP);
INSERT INTO ADDRESS (A_ID,ENABLED,CITY,DOOR,NUMBER,STAIR,STREET,ZIP, CREATED) VALUES (133,TRUE,'WIEN',4,10,2,'Hutteldorferstrasse','1120', CURRENT_TIMESTAMP);
INSERT INTO ADDRESS (A_ID,ENABLED,CITY,DOOR,NUMBER,STAIR,STREET,ZIP, CREATED) VALUES (134,TRUE,'WIEN',2,17,21,'Kremser Haupstrasse','1110', CURRENT_TIMESTAMP);
INSERT INTO ADDRESS (A_ID,ENABLED,CITY,DOOR,NUMBER,STAIR,STREET,ZIP, CREATED) VALUES (135,TRUE,'WIEN',2,17,21,'Kremser Haupstrasse','1110', CURRENT_TIMESTAMP);
INSERT INTO ADDRESS (A_ID,ENABLED,CITY,DOOR,NUMBER,STAIR,STREET,ZIP, CREATED) VALUES (136,TRUE,'WIEN',3,17,10,'Apfelgasse','1120', CURRENT_TIMESTAMP);
INSERT INTO ADDRESS (A_ID,ENABLED,CITY,DOOR,NUMBER,STAIR,STREET,ZIP, CREATED) VALUES (137,TRUE,'WIEN',9,8,2,'Johnstrasse','1090', CURRENT_TIMESTAMP);
INSERT INTO ADDRESS (A_ID,ENABLED,CITY,DOOR,NUMBER,STAIR,STREET,ZIP, CREATED) VALUES (138,TRUE,'WIEN',3,17,20,'Handelskai','1100', CURRENT_TIMESTAMP);
INSERT INTO ADDRESS (A_ID,ENABLED,CITY,DOOR,NUMBER,STAIR,STREET,ZIP, CREATED) VALUES (139,TRUE,'WIEN',4,10,2,'Hutteldorferstrasse','1120', CURRENT_TIMESTAMP);
INSERT INTO ADDRESS (A_ID,ENABLED,CITY,DOOR,NUMBER,STAIR,STREET,ZIP, CREATED) VALUES (140,TRUE,'WIEN',2,17,21,'Kremser Haupstrasse','1110', CURRENT_TIMESTAMP);
INSERT INTO ADDRESS (A_ID,ENABLED,CITY,DOOR,NUMBER,STAIR,STREET,ZIP, CREATED) VALUES (141,TRUE,'WIEN',2,17,21,'Kremser Haupstrasse','1110', CURRENT_TIMESTAMP);
INSERT INTO ADDRESS (A_ID,ENABLED,CITY,DOOR,NUMBER,STAIR,STREET,ZIP, CREATED) VALUES (142,TRUE,'WIEN',3,17,20,'Handelskai','1100', CURRENT_TIMESTAMP);
INSERT INTO ADDRESS (A_ID,ENABLED,CITY,DOOR,NUMBER,STAIR,STREET,ZIP, CREATED) VALUES (143,TRUE,'WIEN',4,10,2,'Hutteldorferstrasse','1120', CURRENT_TIMESTAMP);
INSERT INTO ADDRESS (A_ID,ENABLED,CITY,DOOR,NUMBER,STAIR,STREET,ZIP, CREATED) VALUES (144,TRUE,'WIEN',2,17,21,'Kremser Haupstrasse','1110', CURRENT_TIMESTAMP);
INSERT INTO ADDRESS (A_ID,ENABLED,CITY,DOOR,NUMBER,STAIR,STREET,ZIP, CREATED) VALUES (145,TRUE,'WIEN',2,17,21,'Kremser Haupstrasse','1110', CURRENT_TIMESTAMP);
INSERT INTO ADDRESS (A_ID,ENABLED,CITY,DOOR,NUMBER,STAIR,STREET,ZIP, CREATED) VALUES (146,TRUE,'WIEN',3,17,10,'Apfelgasse','1120', CURRENT_TIMESTAMP);
INSERT INTO ADDRESS (A_ID,ENABLED,CITY,DOOR,NUMBER,STAIR,STREET,ZIP, CREATED) VALUES (147,TRUE,'WIEN',9,8,2,'Johnstrasse','1090', CURRENT_TIMESTAMP);
INSERT INTO ADDRESS (A_ID,ENABLED,CITY,DOOR,NUMBER,STAIR,STREET,ZIP, CREATED) VALUES (148,TRUE,'WIEN',3,17,20,'Handelskai','1100', CURRENT_TIMESTAMP);
INSERT INTO ADDRESS (A_ID,ENABLED,CITY,DOOR,NUMBER,STAIR,STREET,ZIP, CREATED) VALUES (149,TRUE,'WIEN',4,10,2,'Hutteldorferstrasse','1120', CURRENT_TIMESTAMP);
INSERT INTO ADDRESS (A_ID,ENABLED,CITY,DOOR,NUMBER,STAIR,STREET,ZIP, CREATED) VALUES (150,TRUE,'WIEN',2,17,21,'Kremser Haupstrasse','1110', CURRENT_TIMESTAMP);
INSERT INTO ADDRESS (A_ID,ENABLED,CITY,DOOR,NUMBER,STAIR,STREET,ZIP, CREATED) VALUES (151,TRUE,'WIEN',2,17,21,'Kremser Haupstrasse','1110', CURRENT_TIMESTAMP);
INSERT INTO ADDRESS (A_ID,ENABLED,CITY,DOOR,NUMBER,STAIR,STREET,ZIP, CREATED) VALUES (152,TRUE,'WIEN',3,17,20,'Handelskai','1100', CURRENT_TIMESTAMP);
INSERT INTO ADDRESS (A_ID,ENABLED,CITY,DOOR,NUMBER,STAIR,STREET,ZIP, CREATED) VALUES (153,TRUE,'WIEN',4,10,2,'Hutteldorferstrasse','1120', CURRENT_TIMESTAMP);
INSERT INTO ADDRESS (A_ID,ENABLED,CITY,DOOR,NUMBER,STAIR,STREET,ZIP, CREATED) VALUES (154,TRUE,'WIEN',2,17,21,'Kremser Haupstrasse','1110', CURRENT_TIMESTAMP);
INSERT INTO ADDRESS (A_ID,ENABLED,CITY,DOOR,NUMBER,STAIR,STREET,ZIP, CREATED) VALUES (155,TRUE,'WIEN',2,17,21,'Kremser Haupstrasse','1110', CURRENT_TIMESTAMP);
INSERT INTO ADDRESS (A_ID,ENABLED,CITY,DOOR,NUMBER,STAIR,STREET,ZIP, CREATED) VALUES (156,TRUE,'WIEN',3,17,10,'Apfelgasse','1120', CURRENT_TIMESTAMP);
INSERT INTO ADDRESS (A_ID,ENABLED,CITY,DOOR,NUMBER,STAIR,STREET,ZIP, CREATED) VALUES (157,TRUE,'WIEN',9,8,2,'Johnstrasse','1090', CURRENT_TIMESTAMP);
INSERT INTO ADDRESS (A_ID,ENABLED,CITY,DOOR,NUMBER,STAIR,STREET,ZIP, CREATED) VALUES (158,TRUE,'WIEN',3,17,20,'Handelskai','1100', CURRENT_TIMESTAMP);
INSERT INTO ADDRESS (A_ID,ENABLED,CITY,DOOR,NUMBER,STAIR,STREET,ZIP, CREATED) VALUES (159,TRUE,'WIEN',4,10,2,'Hutteldorferstrasse','1120', CURRENT_TIMESTAMP);
INSERT INTO ADDRESS (A_ID,ENABLED,CITY,DOOR,NUMBER,STAIR,STREET,ZIP, CREATED) VALUES (160,TRUE,'WIEN',2,17,21,'Kremser Haupstrasse','1110', CURRENT_TIMESTAMP);
INSERT INTO ADDRESS (A_ID,ENABLED,CITY,DOOR,NUMBER,STAIR,STREET,ZIP, CREATED) VALUES (161,TRUE,'WIEN',2,17,21,'Kremser Haupstrasse','1110', CURRENT_TIMESTAMP);
INSERT INTO ADDRESS (A_ID,ENABLED,CITY,DOOR,NUMBER,STAIR,STREET,ZIP, CREATED) VALUES (162,TRUE,'WIEN',3,17,20,'Handelskai','1100', CURRENT_TIMESTAMP);
INSERT INTO ADDRESS (A_ID,ENABLED,CITY,DOOR,NUMBER,STAIR,STREET,ZIP, CREATED) VALUES (163,TRUE,'WIEN',4,10,2,'Hutteldorferstrasse','1120', CURRENT_TIMESTAMP);
INSERT INTO ADDRESS (A_ID,ENABLED,CITY,DOOR,NUMBER,STAIR,STREET,ZIP, CREATED) VALUES (164,TRUE,'WIEN',2,17,21,'Kremser Haupstrasse','1110', CURRENT_TIMESTAMP);
INSERT INTO ADDRESS (A_ID,ENABLED,CITY,DOOR,NUMBER,STAIR,STREET,ZIP, CREATED) VALUES (165,TRUE,'WIEN',2,17,21,'Kremser Haupstrasse','1110', CURRENT_TIMESTAMP);
INSERT INTO ADDRESS (A_ID,ENABLED,CITY,DOOR,NUMBER,STAIR,STREET,ZIP, CREATED) VALUES (166,TRUE,'WIEN',3,17,10,'Apfelgasse','1120', CURRENT_TIMESTAMP);
INSERT INTO ADDRESS (A_ID,ENABLED,CITY,DOOR,NUMBER,STAIR,STREET,ZIP, CREATED) VALUES (167,TRUE,'WIEN',9,8,2,'Johnstrasse','1090', CURRENT_TIMESTAMP);
INSERT INTO ADDRESS (A_ID,ENABLED,CITY,DOOR,NUMBER,STAIR,STREET,ZIP, CREATED) VALUES (168,TRUE,'WIEN',3,17,20,'Handelskai','1100', CURRENT_TIMESTAMP);
INSERT INTO ADDRESS (A_ID,ENABLED,CITY,DOOR,NUMBER,STAIR,STREET,ZIP, CREATED) VALUES (169,TRUE,'WIEN',4,10,2,'Hutteldorferstrasse','1120', CURRENT_TIMESTAMP);
INSERT INTO ADDRESS (A_ID,ENABLED,CITY,DOOR,NUMBER,STAIR,STREET,ZIP, CREATED) VALUES (170,TRUE,'WIEN',2,17,21,'Kremser Haupstrasse','1110', CURRENT_TIMESTAMP);
INSERT INTO ADDRESS (A_ID,ENABLED,CITY,DOOR,NUMBER,STAIR,STREET,ZIP, CREATED) VALUES (171,TRUE,'WIEN',2,17,21,'Kremser Haupstrasse','1110', CURRENT_TIMESTAMP);
INSERT INTO ADDRESS (A_ID,ENABLED,CITY,DOOR,NUMBER,STAIR,STREET,ZIP, CREATED) VALUES (172,TRUE,'WIEN',3,17,20,'Handelskai','1100', CURRENT_TIMESTAMP);
INSERT INTO ADDRESS (A_ID,ENABLED,CITY,DOOR,NUMBER,STAIR,STREET,ZIP, CREATED) VALUES (173,TRUE,'WIEN',4,10,2,'Hutteldorferstrasse','1120', CURRENT_TIMESTAMP);
INSERT INTO ADDRESS (A_ID,ENABLED,CITY,DOOR,NUMBER,STAIR,STREET,ZIP, CREATED) VALUES (174,TRUE,'WIEN',2,17,21,'Kremser Haupstrasse','1110', CURRENT_TIMESTAMP);
INSERT INTO ADDRESS (A_ID,ENABLED,CITY,DOOR,NUMBER,STAIR,STREET,ZIP, CREATED) VALUES (175,TRUE,'WIEN',2,17,21,'Kremser Haupstrasse','1110', CURRENT_TIMESTAMP);
INSERT INTO ADDRESS (A_ID,ENABLED,CITY,DOOR,NUMBER,STAIR,STREET,ZIP, CREATED) VALUES (176,TRUE,'WIEN',3,17,10,'Apfelgasse','1120', CURRENT_TIMESTAMP);
INSERT INTO ADDRESS (A_ID,ENABLED,CITY,DOOR,NUMBER,STAIR,STREET,ZIP, CREATED) VALUES (177,TRUE,'WIEN',9,8,2,'Johnstrasse','1090', CURRENT_TIMESTAMP);
INSERT INTO ADDRESS (A_ID,ENABLED,CITY,DOOR,NUMBER,STAIR,STREET,ZIP, CREATED) VALUES (178,TRUE,'WIEN',3,17,20,'Handelskai','1100', CURRENT_TIMESTAMP);
INSERT INTO ADDRESS (A_ID,ENABLED,CITY,DOOR,NUMBER,STAIR,STREET,ZIP, CREATED) VALUES (179,TRUE,'WIEN',4,10,2,'Hutteldorferstrasse','1120', CURRENT_TIMESTAMP);
INSERT INTO ADDRESS (A_ID,ENABLED,CITY,DOOR,NUMBER,STAIR,STREET,ZIP, CREATED) VALUES (180,TRUE,'WIEN',2,17,21,'Kremser Haupstrasse','1110', CURRENT_TIMESTAMP);
INSERT INTO ADDRESS (A_ID,ENABLED,CITY,DOOR,NUMBER,STAIR,STREET,ZIP, CREATED) VALUES (181,TRUE,'WIEN',2,17,21,'Kremser Haupstrasse','1110', CURRENT_TIMESTAMP);
INSERT INTO ADDRESS (A_ID,ENABLED,CITY,DOOR,NUMBER,STAIR,STREET,ZIP, CREATED) VALUES (182,TRUE,'WIEN',3,17,20,'Handelskai','1100', CURRENT_TIMESTAMP);
INSERT INTO ADDRESS (A_ID,ENABLED,CITY,DOOR,NUMBER,STAIR,STREET,ZIP, CREATED) VALUES (183,TRUE,'WIEN',4,10,2,'Hutteldorferstrasse','1120', CURRENT_TIMESTAMP);
INSERT INTO ADDRESS (A_ID,ENABLED,CITY,DOOR,NUMBER,STAIR,STREET,ZIP, CREATED) VALUES (184,TRUE,'WIEN',2,17,21,'Kremser Haupstrasse','1110', CURRENT_TIMESTAMP);
INSERT INTO ADDRESS (A_ID,ENABLED,CITY,DOOR,NUMBER,STAIR,STREET,ZIP, CREATED) VALUES (185,TRUE,'WIEN',2,17,21,'Kremser Haupstrasse','1110', CURRENT_TIMESTAMP);
INSERT INTO ADDRESS (A_ID,ENABLED,CITY,DOOR,NUMBER,STAIR,STREET,ZIP, CREATED) VALUES (186,TRUE,'WIEN',3,17,10,'Apfelgasse','1120', CURRENT_TIMESTAMP);
INSERT INTO ADDRESS (A_ID,ENABLED,CITY,DOOR,NUMBER,STAIR,STREET,ZIP, CREATED) VALUES (187,TRUE,'WIEN',9,8,2,'Johnstrasse','1090', CURRENT_TIMESTAMP);
INSERT INTO ADDRESS (A_ID,ENABLED,CITY,DOOR,NUMBER,STAIR,STREET,ZIP, CREATED) VALUES (188,TRUE,'WIEN',3,17,20,'Handelskai','1100', CURRENT_TIMESTAMP);
INSERT INTO ADDRESS (A_ID,ENABLED,CITY,DOOR,NUMBER,STAIR,STREET,ZIP, CREATED) VALUES (189,TRUE,'WIEN',4,10,2,'Hutteldorferstrasse','1120', CURRENT_TIMESTAMP);
INSERT INTO ADDRESS (A_ID,ENABLED,CITY,DOOR,NUMBER,STAIR,STREET,ZIP, CREATED) VALUES (190,TRUE,'WIEN',2,17,21,'Kremser Haupstrasse','1110', CURRENT_TIMESTAMP);
INSERT INTO ADDRESS (A_ID,ENABLED,CITY,DOOR,NUMBER,STAIR,STREET,ZIP, CREATED) VALUES (191,TRUE,'WIEN',2,17,21,'Kremser Haupstrasse','1110', CURRENT_TIMESTAMP);
INSERT INTO ADDRESS (A_ID,ENABLED,CITY,DOOR,NUMBER,STAIR,STREET,ZIP, CREATED) VALUES (192,TRUE,'WIEN',3,17,20,'Handelskai','1100', CURRENT_TIMESTAMP);
INSERT INTO ADDRESS (A_ID,ENABLED,CITY,DOOR,NUMBER,STAIR,STREET,ZIP, CREATED) VALUES (193,TRUE,'WIEN',4,10,2,'Hutteldorferstrasse','1120', CURRENT_TIMESTAMP);
INSERT INTO ADDRESS (A_ID,ENABLED,CITY,DOOR,NUMBER,STAIR,STREET,ZIP, CREATED) VALUES (194,TRUE,'WIEN',2,17,21,'Kremser Haupstrasse','1110', CURRENT_TIMESTAMP);
INSERT INTO ADDRESS (A_ID,ENABLED,CITY,DOOR,NUMBER,STAIR,STREET,ZIP, CREATED) VALUES (195,TRUE,'WIEN',2,17,21,'Kremser Haupstrasse','1110', CURRENT_TIMESTAMP);
INSERT INTO ADDRESS (A_ID,ENABLED,CITY,DOOR,NUMBER,STAIR,STREET,ZIP, CREATED) VALUES (196,TRUE,'WIEN',3,17,10,'Apfelgasse','1120', CURRENT_TIMESTAMP);
INSERT INTO ADDRESS (A_ID,ENABLED,CITY,DOOR,NUMBER,STAIR,STREET,ZIP, CREATED) VALUES (197,TRUE,'WIEN',9,8,2,'Johnstrasse','1090', CURRENT_TIMESTAMP);
INSERT INTO ADDRESS (A_ID,ENABLED,CITY,DOOR,NUMBER,STAIR,STREET,ZIP, CREATED) VALUES (198,TRUE,'WIEN',3,17,20,'Handelskai','1100', CURRENT_TIMESTAMP);
INSERT INTO ADDRESS (A_ID,ENABLED,CITY,DOOR,NUMBER,STAIR,STREET,ZIP, CREATED) VALUES (199,TRUE,'WIEN',4,10,2,'Hutteldorferstrasse','1120', CURRENT_TIMESTAMP);
INSERT INTO ADDRESS (A_ID,ENABLED,CITY,DOOR,NUMBER,STAIR,STREET,ZIP, CREATED) VALUES (200,TRUE,'WIEN',2,17,21,'Kremser Haupstrasse','1110', CURRENT_TIMESTAMP);
INSERT INTO ADDRESS (A_ID,ENABLED,CITY,DOOR,NUMBER,STAIR,STREET,ZIP, CREATED) VALUES (201,TRUE,'WIEN',2,17,21,'Kremser Haupstrasse','1110', CURRENT_TIMESTAMP);
INSERT INTO ADDRESS (A_ID,ENABLED,CITY,DOOR,NUMBER,STAIR,STREET,ZIP, CREATED) VALUES (202,TRUE,'WIEN',3,17,20,'Handelskai','1100', CURRENT_TIMESTAMP);
INSERT INTO ADDRESS (A_ID,ENABLED,CITY,DOOR,NUMBER,STAIR,STREET,ZIP, CREATED) VALUES (203,TRUE,'WIEN',4,10,2,'Hutteldorferstrasse','1120', CURRENT_TIMESTAMP);
INSERT INTO ADDRESS (A_ID,ENABLED,CITY,DOOR,NUMBER,STAIR,STREET,ZIP, CREATED) VALUES (204,TRUE,'WIEN',2,17,21,'Kremser Haupstrasse','1110', CURRENT_TIMESTAMP);
INSERT INTO ADDRESS (A_ID,ENABLED,CITY,DOOR,NUMBER,STAIR,STREET,ZIP, CREATED) VALUES (205,TRUE,'WIEN',2,17,21,'Kremser Haupstrasse','1110', CURRENT_TIMESTAMP);
INSERT INTO ADDRESS (A_ID,ENABLED,CITY,DOOR,NUMBER,STAIR,STREET,ZIP, CREATED) VALUES (206,TRUE,'WIEN',3,17,10,'Apfelgasse','1120', CURRENT_TIMESTAMP);
INSERT INTO ADDRESS (A_ID,ENABLED,CITY,DOOR,NUMBER,STAIR,STREET,ZIP, CREATED) VALUES (207,TRUE,'WIEN',9,8,2,'Johnstrasse','1090', CURRENT_TIMESTAMP);
INSERT INTO ADDRESS (A_ID,ENABLED,CITY,DOOR,NUMBER,STAIR,STREET,ZIP, CREATED) VALUES (208,TRUE,'WIEN',3,17,20,'Handelskai','1100', CURRENT_TIMESTAMP);
INSERT INTO ADDRESS (A_ID,ENABLED,CITY,DOOR,NUMBER,STAIR,STREET,ZIP, CREATED) VALUES (209,TRUE,'WIEN',4,10,2,'Hutteldorferstrasse','1120', CURRENT_TIMESTAMP);
INSERT INTO ADDRESS (A_ID,ENABLED,CITY,DOOR,NUMBER,STAIR,STREET,ZIP, CREATED) VALUES (210,TRUE,'WIEN',2,17,21,'Kremser Haupstrasse','1110', CURRENT_TIMESTAMP);
INSERT INTO ADDRESS (A_ID,ENABLED,CITY,DOOR,NUMBER,STAIR,STREET,ZIP, CREATED) VALUES (211,TRUE,'WIEN',2,17,21,'Kremser Haupstrasse','1110', CURRENT_TIMESTAMP);
INSERT INTO ADDRESS (A_ID,ENABLED,CITY,DOOR,NUMBER,STAIR,STREET,ZIP, CREATED) VALUES (212,TRUE,'WIEN',3,17,20,'Handelskai','1100', CURRENT_TIMESTAMP);
INSERT INTO ADDRESS (A_ID,ENABLED,CITY,DOOR,NUMBER,STAIR,STREET,ZIP, CREATED) VALUES (213,TRUE,'WIEN',4,10,2,'Hutteldorferstrasse','1120', CURRENT_TIMESTAMP);
INSERT INTO ADDRESS (A_ID,ENABLED,CITY,DOOR,NUMBER,STAIR,STREET,ZIP, CREATED) VALUES (214,TRUE,'WIEN',2,17,21,'Kremser Haupstrasse','1110', CURRENT_TIMESTAMP);
INSERT INTO ADDRESS (A_ID,ENABLED,CITY,DOOR,NUMBER,STAIR,STREET,ZIP, CREATED) VALUES (215,TRUE,'WIEN',2,17,21,'Kremser Haupstrasse','1110', CURRENT_TIMESTAMP);
INSERT INTO ADDRESS (A_ID,ENABLED,CITY,DOOR,NUMBER,STAIR,STREET,ZIP, CREATED) VALUES (216,TRUE,'WIEN',3,17,10,'Apfelgasse','1120', CURRENT_TIMESTAMP);
INSERT INTO ADDRESS (A_ID,ENABLED,CITY,DOOR,NUMBER,STAIR,STREET,ZIP, CREATED) VALUES (217,TRUE,'WIEN',9,8,2,'Johnstrasse','1090', CURRENT_TIMESTAMP);
INSERT INTO ADDRESS (A_ID,ENABLED,CITY,DOOR,NUMBER,STAIR,STREET,ZIP, CREATED) VALUES (218,TRUE,'WIEN',3,17,20,'Handelskai','1100', CURRENT_TIMESTAMP);
INSERT INTO ADDRESS (A_ID,ENABLED,CITY,DOOR,NUMBER,STAIR,STREET,ZIP, CREATED) VALUES (219,TRUE,'WIEN',4,10,2,'Hutteldorferstrasse','1120', CURRENT_TIMESTAMP);
INSERT INTO ADDRESS (A_ID,ENABLED,CITY,DOOR,NUMBER,STAIR,STREET,ZIP, CREATED) VALUES (220,TRUE,'WIEN',2,17,21,'Kremser Haupstrasse','1110', CURRENT_TIMESTAMP);
INSERT INTO ADDRESS (A_ID,ENABLED,CITY,DOOR,NUMBER,STAIR,STREET,ZIP, CREATED) VALUES (221,TRUE,'WIEN',2,17,21,'Kremser Haupstrasse','1110', CURRENT_TIMESTAMP);
INSERT INTO ADDRESS (A_ID,ENABLED,CITY,DOOR,NUMBER,STAIR,STREET,ZIP, CREATED) VALUES (222,TRUE,'WIEN',3,17,20,'Handelskai','1100', CURRENT_TIMESTAMP);
INSERT INTO ADDRESS (A_ID,ENABLED,CITY,DOOR,NUMBER,STAIR,STREET,ZIP, CREATED) VALUES (223,TRUE,'WIEN',4,10,2,'Hutteldorferstrasse','1120', CURRENT_TIMESTAMP);
INSERT INTO ADDRESS (A_ID,ENABLED,CITY,DOOR,NUMBER,STAIR,STREET,ZIP, CREATED) VALUES (224,TRUE,'WIEN',2,17,21,'Kremser Haupstrasse','1110', CURRENT_TIMESTAMP);
INSERT INTO ADDRESS (A_ID,ENABLED,CITY,DOOR,NUMBER,STAIR,STREET,ZIP, CREATED) VALUES (225,TRUE,'WIEN',2,17,21,'Kremser Haupstrasse','1110', CURRENT_TIMESTAMP);
INSERT INTO ADDRESS (A_ID,ENABLED,CITY,DOOR,NUMBER,STAIR,STREET,ZIP, CREATED) VALUES (226,TRUE,'WIEN',3,17,10,'Apfelgasse','1120', CURRENT_TIMESTAMP);
INSERT INTO ADDRESS (A_ID,ENABLED,CITY,DOOR,NUMBER,STAIR,STREET,ZIP, CREATED) VALUES (227,TRUE,'WIEN',9,8,2,'Johnstrasse','1090', CURRENT_TIMESTAMP);
INSERT INTO ADDRESS (A_ID,ENABLED,CITY,DOOR,NUMBER,STAIR,STREET,ZIP, CREATED) VALUES (228,TRUE,'WIEN',3,17,20,'Handelskai','1100', CURRENT_TIMESTAMP);
INSERT INTO ADDRESS (A_ID,ENABLED,CITY,DOOR,NUMBER,STAIR,STREET,ZIP, CREATED) VALUES (229,TRUE,'WIEN',4,10,2,'Hutteldorferstrasse','1120', CURRENT_TIMESTAMP);
INSERT INTO ADDRESS (A_ID,ENABLED,CITY,DOOR,NUMBER,STAIR,STREET,ZIP, CREATED) VALUES (230,TRUE,'WIEN',2,17,21,'Kremser Haupstrasse','1110', CURRENT_TIMESTAMP);
INSERT INTO ADDRESS (A_ID,ENABLED,CITY,DOOR,NUMBER,STAIR,STREET,ZIP, CREATED) VALUES (231,TRUE,'WIEN',2,17,21,'Kremser Haupstrasse','1110', CURRENT_TIMESTAMP);
INSERT INTO ADDRESS (A_ID,ENABLED,CITY,DOOR,NUMBER,STAIR,STREET,ZIP, CREATED) VALUES (232,TRUE,'WIEN',3,17,20,'Handelskai','1100', CURRENT_TIMESTAMP);
INSERT INTO ADDRESS (A_ID,ENABLED,CITY,DOOR,NUMBER,STAIR,STREET,ZIP, CREATED) VALUES (233,TRUE,'WIEN',4,10,2,'Hutteldorferstrasse','1120', CURRENT_TIMESTAMP);
INSERT INTO ADDRESS (A_ID,ENABLED,CITY,DOOR,NUMBER,STAIR,STREET,ZIP, CREATED) VALUES (234,TRUE,'WIEN',2,17,21,'Kremser Haupstrasse','1110', CURRENT_TIMESTAMP);
INSERT INTO ADDRESS (A_ID,ENABLED,CITY,DOOR,NUMBER,STAIR,STREET,ZIP, CREATED) VALUES (235,TRUE,'WIEN',2,17,21,'Kremser Haupstrasse','1110', CURRENT_TIMESTAMP);
INSERT INTO ADDRESS (A_ID,ENABLED,CITY,DOOR,NUMBER,STAIR,STREET,ZIP, CREATED) VALUES (236,TRUE,'WIEN',3,17,10,'Apfelgasse','1120', CURRENT_TIMESTAMP);
INSERT INTO ADDRESS (A_ID,ENABLED,CITY,DOOR,NUMBER,STAIR,STREET,ZIP, CREATED) VALUES (237,TRUE,'WIEN',9,8,2,'Johnstrasse','1090', CURRENT_TIMESTAMP);
INSERT INTO ADDRESS (A_ID,ENABLED,CITY,DOOR,NUMBER,STAIR,STREET,ZIP, CREATED) VALUES (238,TRUE,'WIEN',3,17,20,'Handelskai','1100', CURRENT_TIMESTAMP);
INSERT INTO ADDRESS (A_ID,ENABLED,CITY,DOOR,NUMBER,STAIR,STREET,ZIP, CREATED) VALUES (239,TRUE,'WIEN',4,10,2,'Hutteldorferstrasse','1120', CURRENT_TIMESTAMP);
INSERT INTO ADDRESS (A_ID,ENABLED,CITY,DOOR,NUMBER,STAIR,STREET,ZIP, CREATED) VALUES (240,TRUE,'WIEN',2,17,21,'Kremser Haupstrasse','1110', CURRENT_TIMESTAMP);
INSERT INTO ADDRESS (A_ID,ENABLED,CITY,DOOR,NUMBER,STAIR,STREET,ZIP, CREATED) VALUES (241,TRUE,'WIEN',2,17,21,'Kremser Haupstrasse','1110', CURRENT_TIMESTAMP);
INSERT INTO ADDRESS (A_ID,ENABLED,CITY,DOOR,NUMBER,STAIR,STREET,ZIP, CREATED) VALUES (242,TRUE,'WIEN',3,17,20,'Handelskai','1100', CURRENT_TIMESTAMP);
INSERT INTO ADDRESS (A_ID,ENABLED,CITY,DOOR,NUMBER,STAIR,STREET,ZIP, CREATED) VALUES (243,TRUE,'WIEN',4,10,2,'Hutteldorferstrasse','1120', CURRENT_TIMESTAMP);
INSERT INTO ADDRESS (A_ID,ENABLED,CITY,DOOR,NUMBER,STAIR,STREET,ZIP, CREATED) VALUES (244,TRUE,'WIEN',2,17,21,'Kremser Haupstrasse','1110', CURRENT_TIMESTAMP);
INSERT INTO ADDRESS (A_ID,ENABLED,CITY,DOOR,NUMBER,STAIR,STREET,ZIP, CREATED) VALUES (245,TRUE,'WIEN',2,17,21,'Kremser Haupstrasse','1110', CURRENT_TIMESTAMP);
INSERT INTO ADDRESS (A_ID,ENABLED,CITY,DOOR,NUMBER,STAIR,STREET,ZIP, CREATED) VALUES (246,TRUE,'WIEN',3,17,10,'Apfelgasse','1120', CURRENT_TIMESTAMP);
INSERT INTO ADDRESS (A_ID,ENABLED,CITY,DOOR,NUMBER,STAIR,STREET,ZIP, CREATED) VALUES (247,TRUE,'WIEN',9,8,2,'Johnstrasse','1090', CURRENT_TIMESTAMP);
INSERT INTO ADDRESS (A_ID,ENABLED,CITY,DOOR,NUMBER,STAIR,STREET,ZIP, CREATED) VALUES (248,TRUE,'WIEN',3,17,20,'Handelskai','1100', CURRENT_TIMESTAMP);
INSERT INTO ADDRESS (A_ID,ENABLED,CITY,DOOR,NUMBER,STAIR,STREET,ZIP, CREATED) VALUES (249,TRUE,'WIEN',4,10,2,'Hutteldorferstrasse','1120', CURRENT_TIMESTAMP);
INSERT INTO ADDRESS (A_ID,ENABLED,CITY,DOOR,NUMBER,STAIR,STREET,ZIP, CREATED) VALUES (250,TRUE,'WIEN',2,17,21,'Kremser Haupstrasse','1110', CURRENT_TIMESTAMP);
INSERT INTO ADDRESS (A_ID,ENABLED,CITY,DOOR,NUMBER,STAIR,STREET,ZIP, CREATED) VALUES (251,TRUE,'WIEN',2,17,21,'Kremser Haupstrasse','1110', CURRENT_TIMESTAMP);
INSERT INTO ADDRESS (A_ID,ENABLED,CITY,DOOR,NUMBER,STAIR,STREET,ZIP, CREATED) VALUES (252,TRUE,'WIEN',3,17,20,'Handelskai','1100', CURRENT_TIMESTAMP);
INSERT INTO ADDRESS (A_ID,ENABLED,CITY,DOOR,NUMBER,STAIR,STREET,ZIP, CREATED) VALUES (253,TRUE,'WIEN',4,10,2,'Hutteldorferstrasse','1120', CURRENT_TIMESTAMP);
INSERT INTO ADDRESS (A_ID,ENABLED,CITY,DOOR,NUMBER,STAIR,STREET,ZIP, CREATED) VALUES (254,TRUE,'WIEN',2,17,21,'Kremser Haupstrasse','1110', CURRENT_TIMESTAMP);
INSERT INTO ADDRESS (A_ID,ENABLED,CITY,DOOR,NUMBER,STAIR,STREET,ZIP, CREATED) VALUES (255,TRUE,'WIEN',2,17,21,'Kremser Haupstrasse','1110', CURRENT_TIMESTAMP);
INSERT INTO ADDRESS (A_ID,ENABLED,CITY,DOOR,NUMBER,STAIR,STREET,ZIP, CREATED) VALUES (256,TRUE,'WIEN',3,17,10,'Apfelgasse','1120', CURRENT_TIMESTAMP);
INSERT INTO ADDRESS (A_ID,ENABLED,CITY,DOOR,NUMBER,STAIR,STREET,ZIP, CREATED) VALUES (257,TRUE,'WIEN',9,8,2,'Johnstrasse','1090', CURRENT_TIMESTAMP);
INSERT INTO ADDRESS (A_ID,ENABLED,CITY,DOOR,NUMBER,STAIR,STREET,ZIP, CREATED) VALUES (258,TRUE,'WIEN',3,17,20,'Handelskai','1100', CURRENT_TIMESTAMP);
INSERT INTO ADDRESS (A_ID,ENABLED,CITY,DOOR,NUMBER,STAIR,STREET,ZIP, CREATED) VALUES (259,TRUE,'WIEN',4,10,2,'Hutteldorferstrasse','1120', CURRENT_TIMESTAMP);
INSERT INTO ADDRESS (A_ID,ENABLED,CITY,DOOR,NUMBER,STAIR,STREET,ZIP, CREATED) VALUES (260,TRUE,'WIEN',2,17,21,'Kremser Haupstrasse','1110', CURRENT_TIMESTAMP);
INSERT INTO ADDRESS (A_ID,ENABLED,CITY,DOOR,NUMBER,STAIR,STREET,ZIP, CREATED) VALUES (261,TRUE,'WIEN',2,17,21,'Kremser Haupstrasse','1110', CURRENT_TIMESTAMP);
INSERT INTO ADDRESS (A_ID,ENABLED,CITY,DOOR,NUMBER,STAIR,STREET,ZIP, CREATED) VALUES (262,TRUE,'WIEN',3,17,20,'Handelskai','1100', CURRENT_TIMESTAMP);
INSERT INTO ADDRESS (A_ID,ENABLED,CITY,DOOR,NUMBER,STAIR,STREET,ZIP, CREATED) VALUES (263,TRUE,'WIEN',4,10,2,'Hutteldorferstrasse','1120', CURRENT_TIMESTAMP);
INSERT INTO ADDRESS (A_ID,ENABLED,CITY,DOOR,NUMBER,STAIR,STREET,ZIP, CREATED) VALUES (264,TRUE,'WIEN',2,17,21,'Kremser Haupstrasse','1110', CURRENT_TIMESTAMP);
INSERT INTO ADDRESS (A_ID,ENABLED,CITY,DOOR,NUMBER,STAIR,STREET,ZIP, CREATED) VALUES (265,TRUE,'WIEN',2,17,21,'Kremser Haupstrasse','1110', CURRENT_TIMESTAMP);
INSERT INTO ADDRESS (A_ID,ENABLED,CITY,DOOR,NUMBER,STAIR,STREET,ZIP, CREATED) VALUES (266,TRUE,'WIEN',3,17,10,'Apfelgasse','1120', CURRENT_TIMESTAMP);
INSERT INTO ADDRESS (A_ID,ENABLED,CITY,DOOR,NUMBER,STAIR,STREET,ZIP, CREATED) VALUES (267,TRUE,'WIEN',9,8,2,'Johnstrasse','1090', CURRENT_TIMESTAMP);
INSERT INTO ADDRESS (A_ID,ENABLED,CITY,DOOR,NUMBER,STAIR,STREET,ZIP, CREATED) VALUES (268,TRUE,'WIEN',3,17,20,'Handelskai','1100', CURRENT_TIMESTAMP);
INSERT INTO ADDRESS (A_ID,ENABLED,CITY,DOOR,NUMBER,STAIR,STREET,ZIP, CREATED) VALUES (269,TRUE,'WIEN',4,10,2,'Hutteldorferstrasse','1120', CURRENT_TIMESTAMP);
INSERT INTO ADDRESS (A_ID,ENABLED,CITY,DOOR,NUMBER,STAIR,STREET,ZIP, CREATED) VALUES (270,TRUE,'WIEN',2,17,21,'Kremser Haupstrasse','1110', CURRENT_TIMESTAMP);
INSERT INTO ADDRESS (A_ID,ENABLED,CITY,DOOR,NUMBER,STAIR,STREET,ZIP, CREATED) VALUES (271,TRUE,'WIEN',2,17,21,'Kremser Haupstrasse','1110', CURRENT_TIMESTAMP);
INSERT INTO ADDRESS (A_ID,ENABLED,CITY,DOOR,NUMBER,STAIR,STREET,ZIP, CREATED) VALUES (272,TRUE,'WIEN',3,17,20,'Handelskai','1100', CURRENT_TIMESTAMP);
INSERT INTO ADDRESS (A_ID,ENABLED,CITY,DOOR,NUMBER,STAIR,STREET,ZIP, CREATED) VALUES (273,TRUE,'WIEN',4,10,2,'Hutteldorferstrasse','1120', CURRENT_TIMESTAMP);
INSERT INTO ADDRESS (A_ID,ENABLED,CITY,DOOR,NUMBER,STAIR,STREET,ZIP, CREATED) VALUES (274,TRUE,'WIEN',2,17,21,'Kremser Haupstrasse','1110', CURRENT_TIMESTAMP);
INSERT INTO ADDRESS (A_ID,ENABLED,CITY,DOOR,NUMBER,STAIR,STREET,ZIP, CREATED) VALUES (275,TRUE,'WIEN',2,17,21,'Kremser Haupstrasse','1110', CURRENT_TIMESTAMP);
INSERT INTO ADDRESS (A_ID,ENABLED,CITY,DOOR,NUMBER,STAIR,STREET,ZIP, CREATED) VALUES (276,TRUE,'WIEN',3,17,10,'Apfelgasse','1120', CURRENT_TIMESTAMP);
INSERT INTO ADDRESS (A_ID,ENABLED,CITY,DOOR,NUMBER,STAIR,STREET,ZIP, CREATED) VALUES (277,TRUE,'WIEN',9,8,2,'Johnstrasse','1090', CURRENT_TIMESTAMP);
INSERT INTO ADDRESS (A_ID,ENABLED,CITY,DOOR,NUMBER,STAIR,STREET,ZIP, CREATED) VALUES (278,TRUE,'WIEN',3,17,20,'Handelskai','1100', CURRENT_TIMESTAMP);
INSERT INTO ADDRESS (A_ID,ENABLED,CITY,DOOR,NUMBER,STAIR,STREET,ZIP, CREATED) VALUES (279,TRUE,'WIEN',4,10,2,'Hutteldorferstrasse','1120', CURRENT_TIMESTAMP);
INSERT INTO ADDRESS (A_ID,ENABLED,CITY,DOOR,NUMBER,STAIR,STREET,ZIP, CREATED) VALUES (280,TRUE,'WIEN',2,17,21,'Kremser Haupstrasse','1110', CURRENT_TIMESTAMP);
INSERT INTO ADDRESS (A_ID,ENABLED,CITY,DOOR,NUMBER,STAIR,STREET,ZIP, CREATED) VALUES (281,TRUE,'WIEN',2,17,21,'Kremser Haupstrasse','1110', CURRENT_TIMESTAMP);
INSERT INTO ADDRESS (A_ID,ENABLED,CITY,DOOR,NUMBER,STAIR,STREET,ZIP, CREATED) VALUES (282,TRUE,'WIEN',3,17,20,'Handelskai','1100', CURRENT_TIMESTAMP);
INSERT INTO ADDRESS (A_ID,ENABLED,CITY,DOOR,NUMBER,STAIR,STREET,ZIP, CREATED) VALUES (283,TRUE,'WIEN',4,10,2,'Hutteldorferstrasse','1120', CURRENT_TIMESTAMP);
INSERT INTO ADDRESS (A_ID,ENABLED,CITY,DOOR,NUMBER,STAIR,STREET,ZIP, CREATED) VALUES (284,TRUE,'WIEN',2,17,21,'Kremser Haupstrasse','1110', CURRENT_TIMESTAMP);
INSERT INTO ADDRESS (A_ID,ENABLED,CITY,DOOR,NUMBER,STAIR,STREET,ZIP, CREATED) VALUES (285,TRUE,'WIEN',2,17,21,'Kremser Haupstrasse','1110', CURRENT_TIMESTAMP);
INSERT INTO ADDRESS (A_ID,ENABLED,CITY,DOOR,NUMBER,STAIR,STREET,ZIP, CREATED) VALUES (286,TRUE,'WIEN',3,17,10,'Apfelgasse','1120', CURRENT_TIMESTAMP);
INSERT INTO ADDRESS (A_ID,ENABLED,CITY,DOOR,NUMBER,STAIR,STREET,ZIP, CREATED) VALUES (287,TRUE,'WIEN',9,8,2,'Johnstrasse','1090', CURRENT_TIMESTAMP);
INSERT INTO ADDRESS (A_ID,ENABLED,CITY,DOOR,NUMBER,STAIR,STREET,ZIP, CREATED) VALUES (288,TRUE,'WIEN',3,17,20,'Handelskai','1100', CURRENT_TIMESTAMP);
INSERT INTO ADDRESS (A_ID,ENABLED,CITY,DOOR,NUMBER,STAIR,STREET,ZIP, CREATED) VALUES (289,TRUE,'WIEN',4,10,2,'Hutteldorferstrasse','1120', CURRENT_TIMESTAMP);
INSERT INTO ADDRESS (A_ID,ENABLED,CITY,DOOR,NUMBER,STAIR,STREET,ZIP, CREATED) VALUES (290,TRUE,'WIEN',2,17,21,'Kremser Haupstrasse','1110', CURRENT_TIMESTAMP);
INSERT INTO ADDRESS (A_ID,ENABLED,CITY,DOOR,NUMBER,STAIR,STREET,ZIP, CREATED) VALUES (291,TRUE,'WIEN',2,17,21,'Kremser Haupstrasse','1110', CURRENT_TIMESTAMP);
INSERT INTO ADDRESS (A_ID,ENABLED,CITY,DOOR,NUMBER,STAIR,STREET,ZIP, CREATED) VALUES (292,TRUE,'WIEN',3,17,20,'Handelskai','1100', CURRENT_TIMESTAMP);
INSERT INTO ADDRESS (A_ID,ENABLED,CITY,DOOR,NUMBER,STAIR,STREET,ZIP, CREATED) VALUES (293,TRUE,'WIEN',4,10,2,'Hutteldorferstrasse','1120', CURRENT_TIMESTAMP);
INSERT INTO ADDRESS (A_ID,ENABLED,CITY,DOOR,NUMBER,STAIR,STREET,ZIP, CREATED) VALUES (294,TRUE,'WIEN',2,17,21,'Kremser Haupstrasse','1110', CURRENT_TIMESTAMP);
INSERT INTO ADDRESS (A_ID,ENABLED,CITY,DOOR,NUMBER,STAIR,STREET,ZIP, CREATED) VALUES (295,TRUE,'WIEN',2,17,21,'Kremser Haupstrasse','1110', CURRENT_TIMESTAMP);
INSERT INTO ADDRESS (A_ID,ENABLED,CITY,DOOR,NUMBER,STAIR,STREET,ZIP, CREATED) VALUES (296,TRUE,'WIEN',3,17,10,'Apfelgasse','1120', CURRENT_TIMESTAMP);
INSERT INTO ADDRESS (A_ID,ENABLED,CITY,DOOR,NUMBER,STAIR,STREET,ZIP, CREATED) VALUES (297,TRUE,'WIEN',9,8,2,'Johnstrasse','1090', CURRENT_TIMESTAMP);
INSERT INTO ADDRESS (A_ID,ENABLED,CITY,DOOR,NUMBER,STAIR,STREET,ZIP, CREATED) VALUES (298,TRUE,'WIEN',3,17,20,'Handelskai','1100', CURRENT_TIMESTAMP);
INSERT INTO ADDRESS (A_ID,ENABLED,CITY,DOOR,NUMBER,STAIR,STREET,ZIP, CREATED) VALUES (299,TRUE,'WIEN',4,10,2,'Hutteldorferstrasse','1120', CURRENT_TIMESTAMP);
INSERT INTO ADDRESS (A_ID,ENABLED,CITY,DOOR,NUMBER,STAIR,STREET,ZIP, CREATED) VALUES (300,TRUE,'WIEN',2,17,21,'Kremser Haupstrasse','1110', CURRENT_TIMESTAMP);
INSERT INTO ADDRESS (A_ID,ENABLED,CITY,DOOR,NUMBER,STAIR,STREET,ZIP, CREATED) VALUES (301,TRUE,'WIEN',2,17,21,'Kremser Haupstrasse','1110', CURRENT_TIMESTAMP);
INSERT INTO ADDRESS (A_ID,ENABLED,CITY,DOOR,NUMBER,STAIR,STREET,ZIP, CREATED) VALUES (302,TRUE,'WIEN',3,17,20,'Handelskai','1100', CURRENT_TIMESTAMP);
INSERT INTO ADDRESS (A_ID,ENABLED,CITY,DOOR,NUMBER,STAIR,STREET,ZIP, CREATED) VALUES (303,TRUE,'WIEN',4,10,2,'Hutteldorferstrasse','1120', CURRENT_TIMESTAMP);
INSERT INTO ADDRESS (A_ID,ENABLED,CITY,DOOR,NUMBER,STAIR,STREET,ZIP, CREATED) VALUES (304,TRUE,'WIEN',2,17,21,'Kremser Haupstrasse','1110', CURRENT_TIMESTAMP);
INSERT INTO ADDRESS (A_ID,ENABLED,CITY,DOOR,NUMBER,STAIR,STREET,ZIP, CREATED) VALUES (305,TRUE,'WIEN',2,17,21,'Kremser Haupstrasse','1110', CURRENT_TIMESTAMP);
INSERT INTO ADDRESS (A_ID,ENABLED,CITY,DOOR,NUMBER,STAIR,STREET,ZIP, CREATED) VALUES (306,TRUE,'WIEN',3,17,10,'Apfelgasse','1120', CURRENT_TIMESTAMP);
INSERT INTO ADDRESS (A_ID,ENABLED,CITY,DOOR,NUMBER,STAIR,STREET,ZIP, CREATED) VALUES (307,TRUE,'WIEN',9,8,2,'Johnstrasse','1090', CURRENT_TIMESTAMP);
INSERT INTO ADDRESS (A_ID,ENABLED,CITY,DOOR,NUMBER,STAIR,STREET,ZIP, CREATED) VALUES (308,TRUE,'WIEN',3,17,20,'Handelskai','1100', CURRENT_TIMESTAMP);
INSERT INTO ADDRESS (A_ID,ENABLED,CITY,DOOR,NUMBER,STAIR,STREET,ZIP, CREATED) VALUES (309,TRUE,'WIEN',4,10,2,'Hutteldorferstrasse','1120', CURRENT_TIMESTAMP);
INSERT INTO ADDRESS (A_ID,ENABLED,CITY,DOOR,NUMBER,STAIR,STREET,ZIP, CREATED) VALUES (310,TRUE,'WIEN',2,17,21,'Kremser Haupstrasse','1110', CURRENT_TIMESTAMP);
INSERT INTO ADDRESS (A_ID,ENABLED,CITY,DOOR,NUMBER,STAIR,STREET,ZIP, CREATED) VALUES (311,TRUE,'WIEN',2,17,21,'Kremser Haupstrasse','1110', CURRENT_TIMESTAMP);
INSERT INTO ADDRESS (A_ID,ENABLED,CITY,DOOR,NUMBER,STAIR,STREET,ZIP, CREATED) VALUES (312,TRUE,'WIEN',3,17,20,'Handelskai','1100', CURRENT_TIMESTAMP);
INSERT INTO ADDRESS (A_ID,ENABLED,CITY,DOOR,NUMBER,STAIR,STREET,ZIP, CREATED) VALUES (313,TRUE,'WIEN',4,10,2,'Hutteldorferstrasse','1120', CURRENT_TIMESTAMP);
INSERT INTO ADDRESS (A_ID,ENABLED,CITY,DOOR,NUMBER,STAIR,STREET,ZIP, CREATED) VALUES (314,TRUE,'WIEN',2,17,21,'Kremser Haupstrasse','1110', CURRENT_TIMESTAMP);
INSERT INTO ADDRESS (A_ID,ENABLED,CITY,DOOR,NUMBER,STAIR,STREET,ZIP, CREATED) VALUES (315,TRUE,'WIEN',2,17,21,'Kremser Haupstrasse','1110', CURRENT_TIMESTAMP);
INSERT INTO ADDRESS (A_ID,ENABLED,CITY,DOOR,NUMBER,STAIR,STREET,ZIP, CREATED) VALUES (316,TRUE,'WIEN',3,17,10,'Apfelgasse','1120', CURRENT_TIMESTAMP);
INSERT INTO ADDRESS (A_ID,ENABLED,CITY,DOOR,NUMBER,STAIR,STREET,ZIP, CREATED) VALUES (317,TRUE,'WIEN',9,8,2,'Johnstrasse','1090', CURRENT_TIMESTAMP);
INSERT INTO ADDRESS (A_ID,ENABLED,CITY,DOOR,NUMBER,STAIR,STREET,ZIP, CREATED) VALUES (318,TRUE,'WIEN',3,17,20,'Handelskai','1100', CURRENT_TIMESTAMP);
INSERT INTO ADDRESS (A_ID,ENABLED,CITY,DOOR,NUMBER,STAIR,STREET,ZIP, CREATED) VALUES (319,TRUE,'WIEN',4,10,2,'Hutteldorferstrasse','1120', CURRENT_TIMESTAMP);
INSERT INTO ADDRESS (A_ID,ENABLED,CITY,DOOR,NUMBER,STAIR,STREET,ZIP, CREATED) VALUES (320,TRUE,'WIEN',2,17,21,'Kremser Haupstrasse','1110', CURRENT_TIMESTAMP);
INSERT INTO ADDRESS (A_ID,ENABLED,CITY,DOOR,NUMBER,STAIR,STREET,ZIP, CREATED) VALUES (321,TRUE,'WIEN',2,17,21,'Kremser Haupstrasse','1110', CURRENT_TIMESTAMP);
INSERT INTO ADDRESS (A_ID,ENABLED,CITY,DOOR,NUMBER,STAIR,STREET,ZIP, CREATED) VALUES (322,TRUE,'WIEN',3,17,20,'Handelskai','1100', CURRENT_TIMESTAMP);
INSERT INTO ADDRESS (A_ID,ENABLED,CITY,DOOR,NUMBER,STAIR,STREET,ZIP, CREATED) VALUES (323,TRUE,'WIEN',4,10,2,'Hutteldorferstrasse','1120', CURRENT_TIMESTAMP);
INSERT INTO ADDRESS (A_ID,ENABLED,CITY,DOOR,NUMBER,STAIR,STREET,ZIP, CREATED) VALUES (324,TRUE,'WIEN',2,17,21,'Kremser Haupstrasse','1110', CURRENT_TIMESTAMP);
INSERT INTO ADDRESS (A_ID,ENABLED,CITY,DOOR,NUMBER,STAIR,STREET,ZIP, CREATED) VALUES (325,TRUE,'WIEN',2,17,21,'Kremser Haupstrasse','1110', CURRENT_TIMESTAMP);
INSERT INTO ADDRESS (A_ID,ENABLED,CITY,DOOR,NUMBER,STAIR,STREET,ZIP, CREATED) VALUES (326,TRUE,'WIEN',3,17,10,'Apfelgasse','1120', CURRENT_TIMESTAMP);
INSERT INTO ADDRESS (A_ID,ENABLED,CITY,DOOR,NUMBER,STAIR,STREET,ZIP, CREATED) VALUES (327,TRUE,'WIEN',9,8,2,'Johnstrasse','1090', CURRENT_TIMESTAMP);
INSERT INTO ADDRESS (A_ID,ENABLED,CITY,DOOR,NUMBER,STAIR,STREET,ZIP, CREATED) VALUES (328,TRUE,'WIEN',3,17,20,'Handelskai','1100', CURRENT_TIMESTAMP);
INSERT INTO ADDRESS (A_ID,ENABLED,CITY,DOOR,NUMBER,STAIR,STREET,ZIP, CREATED) VALUES (329,TRUE,'WIEN',4,10,2,'Hutteldorferstrasse','1120', CURRENT_TIMESTAMP);
INSERT INTO ADDRESS (A_ID,ENABLED,CITY,DOOR,NUMBER,STAIR,STREET,ZIP, CREATED) VALUES (330,TRUE,'WIEN',2,17,21,'Kremser Haupstrasse','1110', CURRENT_TIMESTAMP);
INSERT INTO ADDRESS (A_ID,ENABLED,CITY,DOOR,NUMBER,STAIR,STREET,ZIP, CREATED) VALUES (331,TRUE,'WIEN',2,17,21,'Kremser Haupstrasse','1110', CURRENT_TIMESTAMP);
INSERT INTO ADDRESS (A_ID,ENABLED,CITY,DOOR,NUMBER,STAIR,STREET,ZIP, CREATED) VALUES (332,TRUE,'WIEN',3,17,20,'Handelskai','1100', CURRENT_TIMESTAMP);
INSERT INTO ADDRESS (A_ID,ENABLED,CITY,DOOR,NUMBER,STAIR,STREET,ZIP, CREATED) VALUES (333,TRUE,'WIEN',4,10,2,'Hutteldorferstrasse','1120', CURRENT_TIMESTAMP);
INSERT INTO ADDRESS (A_ID,ENABLED,CITY,DOOR,NUMBER,STAIR,STREET,ZIP, CREATED) VALUES (334,TRUE,'WIEN',2,17,21,'Kremser Haupstrasse','1110', CURRENT_TIMESTAMP);
INSERT INTO ADDRESS (A_ID,ENABLED,CITY,DOOR,NUMBER,STAIR,STREET,ZIP, CREATED) VALUES (335,TRUE,'WIEN',2,17,21,'Kremser Haupstrasse','1110', CURRENT_TIMESTAMP);
INSERT INTO ADDRESS (A_ID,ENABLED,CITY,DOOR,NUMBER,STAIR,STREET,ZIP, CREATED) VALUES (336,TRUE,'WIEN',3,17,10,'Apfelgasse','1120', CURRENT_TIMESTAMP);
INSERT INTO ADDRESS (A_ID,ENABLED,CITY,DOOR,NUMBER,STAIR,STREET,ZIP, CREATED) VALUES (337,TRUE,'WIEN',9,8,2,'Johnstrasse','1090', CURRENT_TIMESTAMP);
INSERT INTO ADDRESS (A_ID,ENABLED,CITY,DOOR,NUMBER,STAIR,STREET,ZIP, CREATED) VALUES (338,TRUE,'WIEN',3,17,20,'Handelskai','1100', CURRENT_TIMESTAMP);
INSERT INTO ADDRESS (A_ID,ENABLED,CITY,DOOR,NUMBER,STAIR,STREET,ZIP, CREATED) VALUES (339,TRUE,'WIEN',4,10,2,'Hutteldorferstrasse','1120', CURRENT_TIMESTAMP);
INSERT INTO ADDRESS (A_ID,ENABLED,CITY,DOOR,NUMBER,STAIR,STREET,ZIP, CREATED) VALUES (340,TRUE,'WIEN',2,17,21,'Kremser Haupstrasse','1110', CURRENT_TIMESTAMP);
INSERT INTO ADDRESS (A_ID,ENABLED,CITY,DOOR,NUMBER,STAIR,STREET,ZIP, CREATED) VALUES (341,TRUE,'WIEN',2,17,21,'Kremser Haupstrasse','1110', CURRENT_TIMESTAMP);
INSERT INTO ADDRESS (A_ID,ENABLED,CITY,DOOR,NUMBER,STAIR,STREET,ZIP, CREATED) VALUES (342,TRUE,'WIEN',3,17,20,'Handelskai','1100', CURRENT_TIMESTAMP);
INSERT INTO ADDRESS (A_ID,ENABLED,CITY,DOOR,NUMBER,STAIR,STREET,ZIP, CREATED) VALUES (343,TRUE,'WIEN',4,10,2,'Hutteldorferstrasse','1120', CURRENT_TIMESTAMP);
INSERT INTO ADDRESS (A_ID,ENABLED,CITY,DOOR,NUMBER,STAIR,STREET,ZIP, CREATED) VALUES (344,TRUE,'WIEN',2,17,21,'Kremser Haupstrasse','1110', CURRENT_TIMESTAMP);
INSERT INTO ADDRESS (A_ID,ENABLED,CITY,DOOR,NUMBER,STAIR,STREET,ZIP, CREATED) VALUES (345,TRUE,'WIEN',2,17,21,'Kremser Haupstrasse','1110', CURRENT_TIMESTAMP);
INSERT INTO ADDRESS (A_ID,ENABLED,CITY,DOOR,NUMBER,STAIR,STREET,ZIP, CREATED) VALUES (346,TRUE,'WIEN',3,17,10,'Apfelgasse','1120', CURRENT_TIMESTAMP);
INSERT INTO ADDRESS (A_ID,ENABLED,CITY,DOOR,NUMBER,STAIR,STREET,ZIP, CREATED) VALUES (347,TRUE,'WIEN',9,8,2,'Johnstrasse','1090', CURRENT_TIMESTAMP);
INSERT INTO ADDRESS (A_ID,ENABLED,CITY,DOOR,NUMBER,STAIR,STREET,ZIP, CREATED) VALUES (348,TRUE,'WIEN',3,17,20,'Handelskai','1100', CURRENT_TIMESTAMP);
INSERT INTO ADDRESS (A_ID,ENABLED,CITY,DOOR,NUMBER,STAIR,STREET,ZIP, CREATED) VALUES (349,TRUE,'WIEN',4,10,2,'Hutteldorferstrasse','1120', CURRENT_TIMESTAMP);
INSERT INTO ADDRESS (A_ID,ENABLED,CITY,DOOR,NUMBER,STAIR,STREET,ZIP, CREATED) VALUES (350,TRUE,'WIEN',2,17,21,'Kremser Haupstrasse','1110', CURRENT_TIMESTAMP);
INSERT INTO ADDRESS (A_ID,ENABLED,CITY,DOOR,NUMBER,STAIR,STREET,ZIP, CREATED) VALUES (351,TRUE,'WIEN',2,17,21,'Kremser Haupstrasse','1110', CURRENT_TIMESTAMP);
INSERT INTO ADDRESS (A_ID,ENABLED,CITY,DOOR,NUMBER,STAIR,STREET,ZIP, CREATED) VALUES (352,TRUE,'WIEN',3,17,20,'Handelskai','1100', CURRENT_TIMESTAMP);
INSERT INTO ADDRESS (A_ID,ENABLED,CITY,DOOR,NUMBER,STAIR,STREET,ZIP, CREATED) VALUES (353,TRUE,'WIEN',4,10,2,'Hutteldorferstrasse','1120', CURRENT_TIMESTAMP);
INSERT INTO ADDRESS (A_ID,ENABLED,CITY,DOOR,NUMBER,STAIR,STREET,ZIP, CREATED) VALUES (354,TRUE,'WIEN',2,17,21,'Kremser Haupstrasse','1110', CURRENT_TIMESTAMP);
INSERT INTO ADDRESS (A_ID,ENABLED,CITY,DOOR,NUMBER,STAIR,STREET,ZIP, CREATED) VALUES (355,TRUE,'WIEN',2,17,21,'Kremser Haupstrasse','1110', CURRENT_TIMESTAMP);
INSERT INTO ADDRESS (A_ID,ENABLED,CITY,DOOR,NUMBER,STAIR,STREET,ZIP, CREATED) VALUES (356,TRUE,'WIEN',3,17,10,'Apfelgasse','1120', CURRENT_TIMESTAMP);
INSERT INTO ADDRESS (A_ID,ENABLED,CITY,DOOR,NUMBER,STAIR,STREET,ZIP, CREATED) VALUES (357,TRUE,'WIEN',9,8,2,'Johnstrasse','1090', CURRENT_TIMESTAMP);
INSERT INTO ADDRESS (A_ID,ENABLED,CITY,DOOR,NUMBER,STAIR,STREET,ZIP, CREATED) VALUES (358,TRUE,'WIEN',3,17,20,'Handelskai','1100', CURRENT_TIMESTAMP);
INSERT INTO ADDRESS (A_ID,ENABLED,CITY,DOOR,NUMBER,STAIR,STREET,ZIP, CREATED) VALUES (359,TRUE,'WIEN',4,10,2,'Hutteldorferstrasse','1120', CURRENT_TIMESTAMP);
INSERT INTO ADDRESS (A_ID,ENABLED,CITY,DOOR,NUMBER,STAIR,STREET,ZIP, CREATED) VALUES (360,TRUE,'WIEN',2,17,21,'Kremser Haupstrasse','1110', CURRENT_TIMESTAMP);
INSERT INTO ADDRESS (A_ID,ENABLED,CITY,DOOR,NUMBER,STAIR,STREET,ZIP, CREATED) VALUES (361,TRUE,'WIEN',2,17,21,'Kremser Haupstrasse','1110', CURRENT_TIMESTAMP);
INSERT INTO ADDRESS (A_ID,ENABLED,CITY,DOOR,NUMBER,STAIR,STREET,ZIP, CREATED) VALUES (362,TRUE,'WIEN',3,17,20,'Handelskai','1100', CURRENT_TIMESTAMP);
INSERT INTO ADDRESS (A_ID,ENABLED,CITY,DOOR,NUMBER,STAIR,STREET,ZIP, CREATED) VALUES (363,TRUE,'WIEN',4,10,2,'Hutteldorferstrasse','1120', CURRENT_TIMESTAMP);
INSERT INTO ADDRESS (A_ID,ENABLED,CITY,DOOR,NUMBER,STAIR,STREET,ZIP, CREATED) VALUES (364,TRUE,'WIEN',2,17,21,'Kremser Haupstrasse','1110', CURRENT_TIMESTAMP);
INSERT INTO ADDRESS (A_ID,ENABLED,CITY,DOOR,NUMBER,STAIR,STREET,ZIP, CREATED) VALUES (365,TRUE,'WIEN',2,17,21,'Kremser Haupstrasse','1110', CURRENT_TIMESTAMP);
INSERT INTO ADDRESS (A_ID,ENABLED,CITY,DOOR,NUMBER,STAIR,STREET,ZIP, CREATED) VALUES (366,TRUE,'WIEN',3,17,10,'Apfelgasse','1120', CURRENT_TIMESTAMP);
INSERT INTO ADDRESS (A_ID,ENABLED,CITY,DOOR,NUMBER,STAIR,STREET,ZIP, CREATED) VALUES (367,TRUE,'WIEN',9,8,2,'Johnstrasse','1090', CURRENT_TIMESTAMP);
INSERT INTO ADDRESS (A_ID,ENABLED,CITY,DOOR,NUMBER,STAIR,STREET,ZIP, CREATED) VALUES (368,TRUE,'WIEN',3,17,20,'Handelskai','1100', CURRENT_TIMESTAMP);
INSERT INTO ADDRESS (A_ID,ENABLED,CITY,DOOR,NUMBER,STAIR,STREET,ZIP, CREATED) VALUES (369,TRUE,'WIEN',4,10,2,'Hutteldorferstrasse','1120', CURRENT_TIMESTAMP);
INSERT INTO ADDRESS (A_ID,ENABLED,CITY,DOOR,NUMBER,STAIR,STREET,ZIP, CREATED) VALUES (370,TRUE,'WIEN',2,17,21,'Kremser Haupstrasse','1110', CURRENT_TIMESTAMP);
INSERT INTO ADDRESS (A_ID,ENABLED,CITY,DOOR,NUMBER,STAIR,STREET,ZIP, CREATED) VALUES (371,TRUE,'WIEN',2,17,21,'Kremser Haupstrasse','1110', CURRENT_TIMESTAMP);
INSERT INTO ADDRESS (A_ID,ENABLED,CITY,DOOR,NUMBER,STAIR,STREET,ZIP, CREATED) VALUES (372,TRUE,'WIEN',3,17,20,'Handelskai','1100', CURRENT_TIMESTAMP);
INSERT INTO ADDRESS (A_ID,ENABLED,CITY,DOOR,NUMBER,STAIR,STREET,ZIP, CREATED) VALUES (373,TRUE,'WIEN',4,10,2,'Hutteldorferstrasse','1120', CURRENT_TIMESTAMP);
INSERT INTO ADDRESS (A_ID,ENABLED,CITY,DOOR,NUMBER,STAIR,STREET,ZIP, CREATED) VALUES (374,TRUE,'WIEN',2,17,21,'Kremser Haupstrasse','1110', CURRENT_TIMESTAMP);
INSERT INTO ADDRESS (A_ID,ENABLED,CITY,DOOR,NUMBER,STAIR,STREET,ZIP, CREATED) VALUES (375,TRUE,'WIEN',2,17,21,'Kremser Haupstrasse','1110', CURRENT_TIMESTAMP);
INSERT INTO ADDRESS (A_ID,ENABLED,CITY,DOOR,NUMBER,STAIR,STREET,ZIP, CREATED) VALUES (376,TRUE,'WIEN',3,17,10,'Apfelgasse','1120', CURRENT_TIMESTAMP);
INSERT INTO ADDRESS (A_ID,ENABLED,CITY,DOOR,NUMBER,STAIR,STREET,ZIP, CREATED) VALUES (377,TRUE,'WIEN',9,8,2,'Johnstrasse','1090', CURRENT_TIMESTAMP);
INSERT INTO ADDRESS (A_ID,ENABLED,CITY,DOOR,NUMBER,STAIR,STREET,ZIP, CREATED) VALUES (378,TRUE,'WIEN',3,17,20,'Handelskai','1100', CURRENT_TIMESTAMP);
INSERT INTO ADDRESS (A_ID,ENABLED,CITY,DOOR,NUMBER,STAIR,STREET,ZIP, CREATED) VALUES (379,TRUE,'WIEN',4,10,2,'Hutteldorferstrasse','1120', CURRENT_TIMESTAMP);
INSERT INTO ADDRESS (A_ID,ENABLED,CITY,DOOR,NUMBER,STAIR,STREET,ZIP, CREATED) VALUES (380,TRUE,'WIEN',2,17,21,'Kremser Haupstrasse','1110', CURRENT_TIMESTAMP);
INSERT INTO ADDRESS (A_ID,ENABLED,CITY,DOOR,NUMBER,STAIR,STREET,ZIP, CREATED) VALUES (381,TRUE,'WIEN',2,17,21,'Kremser Haupstrasse','1110', CURRENT_TIMESTAMP);
INSERT INTO ADDRESS (A_ID,ENABLED,CITY,DOOR,NUMBER,STAIR,STREET,ZIP, CREATED) VALUES (382,TRUE,'WIEN',3,17,20,'Handelskai','1100', CURRENT_TIMESTAMP);
INSERT INTO ADDRESS (A_ID,ENABLED,CITY,DOOR,NUMBER,STAIR,STREET,ZIP, CREATED) VALUES (383,TRUE,'WIEN',4,10,2,'Hutteldorferstrasse','1120', CURRENT_TIMESTAMP);
INSERT INTO ADDRESS (A_ID,ENABLED,CITY,DOOR,NUMBER,STAIR,STREET,ZIP, CREATED) VALUES (384,TRUE,'WIEN',2,17,21,'Kremser Haupstrasse','1110', CURRENT_TIMESTAMP);
INSERT INTO ADDRESS (A_ID,ENABLED,CITY,DOOR,NUMBER,STAIR,STREET,ZIP, CREATED) VALUES (385,TRUE,'WIEN',2,17,21,'Kremser Haupstrasse','1110', CURRENT_TIMESTAMP);
INSERT INTO ADDRESS (A_ID,ENABLED,CITY,DOOR,NUMBER,STAIR,STREET,ZIP, CREATED) VALUES (386,TRUE,'WIEN',3,17,10,'Apfelgasse','1120', CURRENT_TIMESTAMP);
INSERT INTO ADDRESS (A_ID,ENABLED,CITY,DOOR,NUMBER,STAIR,STREET,ZIP, CREATED) VALUES (387,TRUE,'WIEN',9,8,2,'Johnstrasse','1090', CURRENT_TIMESTAMP);
INSERT INTO ADDRESS (A_ID,ENABLED,CITY,DOOR,NUMBER,STAIR,STREET,ZIP, CREATED) VALUES (388,TRUE,'WIEN',3,17,20,'Handelskai','1100', CURRENT_TIMESTAMP);
INSERT INTO ADDRESS (A_ID,ENABLED,CITY,DOOR,NUMBER,STAIR,STREET,ZIP, CREATED) VALUES (389,TRUE,'WIEN',4,10,2,'Hutteldorferstrasse','1120', CURRENT_TIMESTAMP);
INSERT INTO ADDRESS (A_ID,ENABLED,CITY,DOOR,NUMBER,STAIR,STREET,ZIP, CREATED) VALUES (390,TRUE,'WIEN',2,17,21,'Kremser Haupstrasse','1110', CURRENT_TIMESTAMP);
INSERT INTO ADDRESS (A_ID,ENABLED,CITY,DOOR,NUMBER,STAIR,STREET,ZIP, CREATED) VALUES (391,TRUE,'WIEN',2,17,21,'Kremser Haupstrasse','1110', CURRENT_TIMESTAMP);
INSERT INTO ADDRESS (A_ID,ENABLED,CITY,DOOR,NUMBER,STAIR,STREET,ZIP, CREATED) VALUES (392,TRUE,'WIEN',3,17,20,'Handelskai','1100', CURRENT_TIMESTAMP);
INSERT INTO ADDRESS (A_ID,ENABLED,CITY,DOOR,NUMBER,STAIR,STREET,ZIP, CREATED) VALUES (393,TRUE,'WIEN',4,10,2,'Hutteldorferstrasse','1120', CURRENT_TIMESTAMP);
INSERT INTO ADDRESS (A_ID,ENABLED,CITY,DOOR,NUMBER,STAIR,STREET,ZIP, CREATED) VALUES (394,TRUE,'WIEN',2,17,21,'Kremser Haupstrasse','1110', CURRENT_TIMESTAMP);
INSERT INTO ADDRESS (A_ID,ENABLED,CITY,DOOR,NUMBER,STAIR,STREET,ZIP, CREATED) VALUES (395,TRUE,'WIEN',2,17,21,'Kremser Haupstrasse','1110', CURRENT_TIMESTAMP);
INSERT INTO ADDRESS (A_ID,ENABLED,CITY,DOOR,NUMBER,STAIR,STREET,ZIP, CREATED) VALUES (396,TRUE,'WIEN',3,17,10,'Apfelgasse','1120', CURRENT_TIMESTAMP);
INSERT INTO ADDRESS (A_ID,ENABLED,CITY,DOOR,NUMBER,STAIR,STREET,ZIP, CREATED) VALUES (397,TRUE,'WIEN',9,8,2,'Johnstrasse','1090', CURRENT_TIMESTAMP);
INSERT INTO ADDRESS (A_ID,ENABLED,CITY,DOOR,NUMBER,STAIR,STREET,ZIP, CREATED) VALUES (398,TRUE,'WIEN',3,17,20,'Handelskai','1100', CURRENT_TIMESTAMP);
INSERT INTO ADDRESS (A_ID,ENABLED,CITY,DOOR,NUMBER,STAIR,STREET,ZIP, CREATED) VALUES (399,TRUE,'WIEN',4,10,2,'Hutteldorferstrasse','1120', CURRENT_TIMESTAMP);
INSERT INTO ADDRESS (A_ID,ENABLED,CITY,DOOR,NUMBER,STAIR,STREET,ZIP, CREATED) VALUES (400,TRUE,'WIEN',2,17,21,'Kremser Haupstrasse','1110', CURRENT_TIMESTAMP);
INSERT INTO ADDRESS (A_ID,ENABLED,CITY,DOOR,NUMBER,STAIR,STREET,ZIP, CREATED) VALUES (401,TRUE,'WIEN',2,17,21,'Kremser Haupstrasse','1110', CURRENT_TIMESTAMP);
INSERT INTO ADDRESS (A_ID,ENABLED,CITY,DOOR,NUMBER,STAIR,STREET,ZIP, CREATED) VALUES (402,TRUE,'WIEN',3,17,20,'Handelskai','1100', CURRENT_TIMESTAMP);
INSERT INTO ADDRESS (A_ID,ENABLED,CITY,DOOR,NUMBER,STAIR,STREET,ZIP, CREATED) VALUES (403,TRUE,'WIEN',4,10,2,'Hutteldorferstrasse','1120', CURRENT_TIMESTAMP);
INSERT INTO ADDRESS (A_ID,ENABLED,CITY,DOOR,NUMBER,STAIR,STREET,ZIP, CREATED) VALUES (404,TRUE,'WIEN',2,17,21,'Kremser Haupstrasse','1110', CURRENT_TIMESTAMP);
INSERT INTO ADDRESS (A_ID,ENABLED,CITY,DOOR,NUMBER,STAIR,STREET,ZIP, CREATED) VALUES (405,TRUE,'WIEN',2,17,21,'Kremser Haupstrasse','1110', CURRENT_TIMESTAMP);
INSERT INTO ADDRESS (A_ID,ENABLED,CITY,DOOR,NUMBER,STAIR,STREET,ZIP, CREATED) VALUES (406,TRUE,'WIEN',3,17,10,'Apfelgasse','1120', CURRENT_TIMESTAMP);
INSERT INTO ADDRESS (A_ID,ENABLED,CITY,DOOR,NUMBER,STAIR,STREET,ZIP, CREATED) VALUES (407,TRUE,'WIEN',9,8,2,'Johnstrasse','1090', CURRENT_TIMESTAMP);
INSERT INTO ADDRESS (A_ID,ENABLED,CITY,DOOR,NUMBER,STAIR,STREET,ZIP, CREATED) VALUES (408,TRUE,'WIEN',3,17,20,'Handelskai','1100', CURRENT_TIMESTAMP);
INSERT INTO ADDRESS (A_ID,ENABLED,CITY,DOOR,NUMBER,STAIR,STREET,ZIP, CREATED) VALUES (409,TRUE,'WIEN',4,10,2,'Hutteldorferstrasse','1120', CURRENT_TIMESTAMP);
INSERT INTO ADDRESS (A_ID,ENABLED,CITY,DOOR,NUMBER,STAIR,STREET,ZIP, CREATED) VALUES (410,TRUE,'WIEN',2,17,21,'Kremser Haupstrasse','1110', CURRENT_TIMESTAMP);
INSERT INTO ADDRESS (A_ID,ENABLED,CITY,DOOR,NUMBER,STAIR,STREET,ZIP, CREATED) VALUES (411,TRUE,'WIEN',2,17,21,'Kremser Haupstrasse','1110', CURRENT_TIMESTAMP);
INSERT INTO ADDRESS (A_ID,ENABLED,CITY,DOOR,NUMBER,STAIR,STREET,ZIP, CREATED) VALUES (412,TRUE,'WIEN',3,17,20,'Handelskai','1100', CURRENT_TIMESTAMP);
INSERT INTO ADDRESS (A_ID,ENABLED,CITY,DOOR,NUMBER,STAIR,STREET,ZIP, CREATED) VALUES (413,TRUE,'WIEN',4,10,2,'Hutteldorferstrasse','1120', CURRENT_TIMESTAMP);
INSERT INTO ADDRESS (A_ID,ENABLED,CITY,DOOR,NUMBER,STAIR,STREET,ZIP, CREATED) VALUES (414,TRUE,'WIEN',2,17,21,'Kremser Haupstrasse','1110', CURRENT_TIMESTAMP);
INSERT INTO ADDRESS (A_ID,ENABLED,CITY,DOOR,NUMBER,STAIR,STREET,ZIP, CREATED) VALUES (415,TRUE,'WIEN',2,17,21,'Kremser Haupstrasse','1110', CURRENT_TIMESTAMP);
INSERT INTO ADDRESS (A_ID,ENABLED,CITY,DOOR,NUMBER,STAIR,STREET,ZIP, CREATED) VALUES (416,TRUE,'WIEN',3,17,10,'Apfelgasse','1120', CURRENT_TIMESTAMP);
INSERT INTO ADDRESS (A_ID,ENABLED,CITY,DOOR,NUMBER,STAIR,STREET,ZIP, CREATED) VALUES (417,TRUE,'WIEN',9,8,2,'Johnstrasse','1090', CURRENT_TIMESTAMP);
INSERT INTO ADDRESS (A_ID,ENABLED,CITY,DOOR,NUMBER,STAIR,STREET,ZIP, CREATED) VALUES (418,TRUE,'WIEN',3,17,20,'Handelskai','1100', CURRENT_TIMESTAMP);
INSERT INTO ADDRESS (A_ID,ENABLED,CITY,DOOR,NUMBER,STAIR,STREET,ZIP, CREATED) VALUES (419,TRUE,'WIEN',4,10,2,'Hutteldorferstrasse','1120', CURRENT_TIMESTAMP);
INSERT INTO ADDRESS (A_ID,ENABLED,CITY,DOOR,NUMBER,STAIR,STREET,ZIP, CREATED) VALUES (420,TRUE,'WIEN',2,17,21,'Kremser Haupstrasse','1110', CURRENT_TIMESTAMP);
INSERT INTO ADDRESS (A_ID,ENABLED,CITY,DOOR,NUMBER,STAIR,STREET,ZIP, CREATED) VALUES (421,TRUE,'WIEN',2,17,21,'Kremser Haupstrasse','1110', CURRENT_TIMESTAMP);
INSERT INTO ADDRESS (A_ID,ENABLED,CITY,DOOR,NUMBER,STAIR,STREET,ZIP, CREATED) VALUES (422,TRUE,'WIEN',3,17,20,'Handelskai','1100', CURRENT_TIMESTAMP);
INSERT INTO ADDRESS (A_ID,ENABLED,CITY,DOOR,NUMBER,STAIR,STREET,ZIP, CREATED) VALUES (423,TRUE,'WIEN',4,10,2,'Hutteldorferstrasse','1120', CURRENT_TIMESTAMP);
INSERT INTO ADDRESS (A_ID,ENABLED,CITY,DOOR,NUMBER,STAIR,STREET,ZIP, CREATED) VALUES (424,TRUE,'WIEN',2,17,21,'Kremser Haupstrasse','1110', CURRENT_TIMESTAMP);
INSERT INTO ADDRESS (A_ID,ENABLED,CITY,DOOR,NUMBER,STAIR,STREET,ZIP, CREATED) VALUES (425,TRUE,'WIEN',2,17,21,'Kremser Haupstrasse','1110', CURRENT_TIMESTAMP);
INSERT INTO ADDRESS (A_ID,ENABLED,CITY,DOOR,NUMBER,STAIR,STREET,ZIP, CREATED) VALUES (426,TRUE,'WIEN',3,17,10,'Apfelgasse','1120', CURRENT_TIMESTAMP);
INSERT INTO ADDRESS (A_ID,ENABLED,CITY,DOOR,NUMBER,STAIR,STREET,ZIP, CREATED) VALUES (427,TRUE,'WIEN',9,8,2,'Johnstrasse','1090', CURRENT_TIMESTAMP);
INSERT INTO ADDRESS (A_ID,ENABLED,CITY,DOOR,NUMBER,STAIR,STREET,ZIP, CREATED) VALUES (428,TRUE,'WIEN',3,17,20,'Handelskai','1100', CURRENT_TIMESTAMP);
INSERT INTO ADDRESS (A_ID,ENABLED,CITY,DOOR,NUMBER,STAIR,STREET,ZIP, CREATED) VALUES (429,TRUE,'WIEN',4,10,2,'Hutteldorferstrasse','1120', CURRENT_TIMESTAMP);
INSERT INTO ADDRESS (A_ID,ENABLED,CITY,DOOR,NUMBER,STAIR,STREET,ZIP, CREATED) VALUES (430,TRUE,'WIEN',2,17,21,'Kremser Haupstrasse','1110', CURRENT_TIMESTAMP);
INSERT INTO ADDRESS (A_ID,ENABLED,CITY,DOOR,NUMBER,STAIR,STREET,ZIP, CREATED) VALUES (431,TRUE,'WIEN',2,17,21,'Kremser Haupstrasse','1110', CURRENT_TIMESTAMP);
INSERT INTO ADDRESS (A_ID,ENABLED,CITY,DOOR,NUMBER,STAIR,STREET,ZIP, CREATED) VALUES (432,TRUE,'WIEN',3,17,20,'Handelskai','1100', CURRENT_TIMESTAMP);
INSERT INTO ADDRESS (A_ID,ENABLED,CITY,DOOR,NUMBER,STAIR,STREET,ZIP, CREATED) VALUES (433,TRUE,'WIEN',4,10,2,'Hutteldorferstrasse','1120', CURRENT_TIMESTAMP);
INSERT INTO ADDRESS (A_ID,ENABLED,CITY,DOOR,NUMBER,STAIR,STREET,ZIP, CREATED) VALUES (434,TRUE,'WIEN',2,17,21,'Kremser Haupstrasse','1110', CURRENT_TIMESTAMP);
INSERT INTO ADDRESS (A_ID,ENABLED,CITY,DOOR,NUMBER,STAIR,STREET,ZIP, CREATED) VALUES (435,TRUE,'WIEN',2,17,21,'Kremser Haupstrasse','1110', CURRENT_TIMESTAMP);
INSERT INTO ADDRESS (A_ID,ENABLED,CITY,DOOR,NUMBER,STAIR,STREET,ZIP, CREATED) VALUES (436,TRUE,'WIEN',3,17,10,'Apfelgasse','1120', CURRENT_TIMESTAMP);
INSERT INTO ADDRESS (A_ID,ENABLED,CITY,DOOR,NUMBER,STAIR,STREET,ZIP, CREATED) VALUES (437,TRUE,'WIEN',9,8,2,'Johnstrasse','1090', CURRENT_TIMESTAMP);
INSERT INTO ADDRESS (A_ID,ENABLED,CITY,DOOR,NUMBER,STAIR,STREET,ZIP, CREATED) VALUES (438,TRUE,'WIEN',3,17,20,'Handelskai','1100', CURRENT_TIMESTAMP);
INSERT INTO ADDRESS (A_ID,ENABLED,CITY,DOOR,NUMBER,STAIR,STREET,ZIP, CREATED) VALUES (439,TRUE,'WIEN',4,10,2,'Hutteldorferstrasse','1120', CURRENT_TIMESTAMP);
INSERT INTO ADDRESS (A_ID,ENABLED,CITY,DOOR,NUMBER,STAIR,STREET,ZIP, CREATED) VALUES (440,TRUE,'WIEN',2,17,21,'Kremser Haupstrasse','1110', CURRENT_TIMESTAMP);
INSERT INTO ADDRESS (A_ID,ENABLED,CITY,DOOR,NUMBER,STAIR,STREET,ZIP, CREATED) VALUES (441,TRUE,'WIEN',2,17,21,'Kremser Haupstrasse','1110', CURRENT_TIMESTAMP);
INSERT INTO ADDRESS (A_ID,ENABLED,CITY,DOOR,NUMBER,STAIR,STREET,ZIP, CREATED) VALUES (442,TRUE,'WIEN',3,17,20,'Handelskai','1100', CURRENT_TIMESTAMP);
INSERT INTO ADDRESS (A_ID,ENABLED,CITY,DOOR,NUMBER,STAIR,STREET,ZIP, CREATED) VALUES (443,TRUE,'WIEN',4,10,2,'Hutteldorferstrasse','1120', CURRENT_TIMESTAMP);
INSERT INTO ADDRESS (A_ID,ENABLED,CITY,DOOR,NUMBER,STAIR,STREET,ZIP, CREATED) VALUES (444,TRUE,'WIEN',2,17,21,'Kremser Haupstrasse','1110', CURRENT_TIMESTAMP);
INSERT INTO ADDRESS (A_ID,ENABLED,CITY,DOOR,NUMBER,STAIR,STREET,ZIP, CREATED) VALUES (445,TRUE,'WIEN',2,17,21,'Kremser Haupstrasse','1110', CURRENT_TIMESTAMP);
INSERT INTO ADDRESS (A_ID,ENABLED,CITY,DOOR,NUMBER,STAIR,STREET,ZIP, CREATED) VALUES (446,TRUE,'WIEN',2,17,21,'Kremser Haupstrasse','1110', CURRENT_TIMESTAMP);

--Stile
INSERT INTO STYLE (S_ID,NAME,ENABLED, CREATED) VALUES (1,'Breakdance',TRUE, CURRENT_TIMESTAMP);
INSERT INTO STYLE (S_ID,NAME,ENABLED, CREATED) VALUES (2,'Step',TRUE, CURRENT_TIMESTAMP);
INSERT INTO STYLE (S_ID,NAME,ENABLED, CREATED) VALUES (3,'Ballett',TRUE, CURRENT_TIMESTAMP);
INSERT INTO STYLE (S_ID,NAME,ENABLED, CREATED) VALUES (4,'Hip Hop',TRUE, CURRENT_TIMESTAMP);
INSERT INTO STYLE (S_ID,NAME,ENABLED, CREATED) VALUES (5,'Videoclipdancing',TRUE, CURRENT_TIMESTAMP);
INSERT INTO STYLE (S_ID,NAME,ENABLED, CREATED) VALUES (6,'Musical',TRUE, CURRENT_TIMESTAMP);
INSERT INTO STYLE (S_ID,NAME,ENABLED, CREATED) VALUES (7,'Jazz',TRUE, CURRENT_TIMESTAMP);
INSERT INTO STYLE (S_ID,NAME,ENABLED, CREATED) VALUES (8,'Dance Mix',TRUE, CURRENT_TIMESTAMP);

--Eltern
INSERT INTO PERSON (P_ID,ENABLED,EMAIL,FIRSTNAME,LASTNAME,PASSWORD,TELEPHONE,A_ID,CREATED) 
VALUES (24,TRUE,'bettina_mayer@mail.com','Bettina','Mayer','ca92ddbb320e5ba3d78ff898445ab385298bb69fd7129e1c05bf30f48e407821ebc2ee3ae372047b',06801111121,445,CURRENT_TIMESTAMP);
INSERT INTO PARENT (P_ID) VALUES (24);
INSERT INTO PERSON (P_ID,ENABLED,EMAIL,FIRSTNAME,LASTNAME,PASSWORD,TELEPHONE,A_ID,CREATED) 
VALUES (47,TRUE,'klaus_gruber@mail.com','Klaus','Gruber','ca92ddbb320e5ba3d78ff898445ab385298bb69fd7129e1c05bf30f48e407821ebc2ee3ae372047b',06801111121,45,CURRENT_TIMESTAMP);
INSERT INTO PARENT (P_ID) VALUES (47);
INSERT INTO PERSON (P_ID,ENABLED,EMAIL,FIRSTNAME,LASTNAME,PASSWORD,TELEPHONE,A_ID,CREATED) 
VALUES (401,TRUE,'debora_schulz@mail.com','Debora','Schulz','ca92ddbb320e5ba3d78ff898445ab385298bb69fd7129e1c05bf30f48e407821ebc2ee3ae372047b',06801111121,299,CURRENT_TIMESTAMP);
INSERT INTO PARENT (P_ID) VALUES (401);
INSERT INTO PERSON (P_ID,ENABLED,EMAIL,FIRSTNAME,LASTNAME,PASSWORD,TELEPHONE,A_ID,CREATED) 
VALUES (402,TRUE,'getrut_schwab@mail.com','Gertrut','Schwab','ca92ddbb320e5ba3d78ff898445ab385298bb69fd7129e1c05bf30f48e407821ebc2ee3ae372047b',06801111121,300,CURRENT_TIMESTAMP);
INSERT INTO PARENT (P_ID) VALUES (402);
INSERT INTO PERSON (P_ID,ENABLED,EMAIL,FIRSTNAME,LASTNAME,PASSWORD,TELEPHONE,A_ID,CREATED) 
VALUES (403,TRUE,'heide_klein@mail.com','Heide','Klein','ca92ddbb320e5ba3d78ff898445ab385298bb69fd7129e1c05bf30f48e407821ebc2ee3ae372047b',06801111121,301,CURRENT_TIMESTAMP);
INSERT INTO PARENT (P_ID) VALUES (403);
INSERT INTO PERSON (P_ID,ENABLED,EMAIL,FIRSTNAME,LASTNAME,PASSWORD,TELEPHONE,A_ID,CREATED) 
VALUES (404,TRUE,'hiltrud_schulzer@mail.com','Hiltrud','Schulzer','ca92ddbb320e5ba3d78ff898445ab385298bb69fd7129e1c05bf30f48e407821ebc2ee3ae372047b',06801111121,302,CURRENT_TIMESTAMP);
INSERT INTO PARENT (P_ID) VALUES (404);
INSERT INTO PERSON (P_ID,ENABLED,EMAIL,FIRSTNAME,LASTNAME,PASSWORD,TELEPHONE,A_ID,CREATED) 
VALUES (405,TRUE,'elisabeth_bauer@mail.com','Elisabeth','Bauer','ca92ddbb320e5ba3d78ff898445ab385298bb69fd7129e1c05bf30f48e407821ebc2ee3ae372047b',06801111121,303,CURRENT_TIMESTAMP);
INSERT INTO PARENT (P_ID) VALUES (405);
INSERT INTO PERSON (P_ID,ENABLED,EMAIL,FIRSTNAME,LASTNAME,PASSWORD,TELEPHONE,A_ID,CREATED) 
VALUES (406,TRUE,'lisbeth_kimla@mail.com','Lisbeth','Kimla','ca92ddbb320e5ba3d78ff898445ab385298bb69fd7129e1c05bf30f48e407821ebc2ee3ae372047b',06801111121,304,CURRENT_TIMESTAMP);
INSERT INTO PARENT (P_ID) VALUES (406);
INSERT INTO PERSON (P_ID,ENABLED,EMAIL,FIRSTNAME,LASTNAME,PASSWORD,TELEPHONE,A_ID,CREATED) 
VALUES (407,TRUE,'marlis_dietrich@mail.com','Marlis','Dietrich','ca92ddbb320e5ba3d78ff898445ab385298bb69fd7129e1c05bf30f48e407821ebc2ee3ae372047b',06801111121,305,CURRENT_TIMESTAMP);
INSERT INTO PARENT (P_ID) VALUES (407);
INSERT INTO PERSON (P_ID,ENABLED,EMAIL,FIRSTNAME,LASTNAME,PASSWORD,TELEPHONE,A_ID,CREATED) 
VALUES (408,TRUE,'daniela_diederich@mail.com','Daniela','Diederich','ca92ddbb320e5ba3d78ff898445ab385298bb69fd7129e1c05bf30f48e407821ebc2ee3ae372047b',06801111121,306,CURRENT_TIMESTAMP);
INSERT INTO PARENT (P_ID) VALUES (408);
INSERT INTO PERSON (P_ID,ENABLED,EMAIL,FIRSTNAME,LASTNAME,PASSWORD,TELEPHONE,A_ID,CREATED) 
VALUES (409,TRUE,'viktoria_theiss@mail.com','Viktoria','Theiss','ca92ddbb320e5ba3d78ff898445ab385298bb69fd7129e1c05bf30f48e407821ebc2ee3ae372047b',06801111121,307,CURRENT_TIMESTAMP);
INSERT INTO PARENT (P_ID) VALUES (409);
INSERT INTO PERSON (P_ID,ENABLED,EMAIL,FIRSTNAME,LASTNAME,PASSWORD,TELEPHONE,A_ID,CREATED) 
VALUES (410,TRUE,'barbara_bar@mail.com','Barbara','Bar','ca92ddbb320e5ba3d78ff898445ab385298bb69fd7129e1c05bf30f48e407821ebc2ee3ae372047b',06801111121,308,CURRENT_TIMESTAMP);
INSERT INTO PARENT (P_ID) VALUES (410);
INSERT INTO PERSON (P_ID,ENABLED,EMAIL,FIRSTNAME,LASTNAME,PASSWORD,TELEPHONE,A_ID,CREATED) 
VALUES (411,TRUE,'stefan_freud@mail.com','Stefan','Freud','ca92ddbb320e5ba3d78ff898445ab385298bb69fd7129e1c05bf30f48e407821ebc2ee3ae372047b',06801111121,309,CURRENT_TIMESTAMP);
INSERT INTO PARENT (P_ID) VALUES (411);
INSERT INTO PERSON (P_ID,ENABLED,EMAIL,FIRSTNAME,LASTNAME,PASSWORD,TELEPHONE,A_ID,CREATED) 
VALUES (412,TRUE,'thomas_loewe@mail.com','Thomas','Loewe','ca92ddbb320e5ba3d78ff898445ab385298bb69fd7129e1c05bf30f48e407821ebc2ee3ae372047b',06801111121,310,CURRENT_TIMESTAMP);
INSERT INTO PARENT (P_ID) VALUES (412);
INSERT INTO PERSON (P_ID,ENABLED,EMAIL,FIRSTNAME,LASTNAME,PASSWORD,TELEPHONE,A_ID,CREATED) 
VALUES (413,TRUE,'lukas_holzmann@mail.com','Lukas','Holzmann','ca92ddbb320e5ba3d78ff898445ab385298bb69fd7129e1c05bf30f48e407821ebc2ee3ae372047b',06801111121,311,CURRENT_TIMESTAMP);
INSERT INTO PARENT (P_ID) VALUES (413);
INSERT INTO PERSON (P_ID,ENABLED,EMAIL,FIRSTNAME,LASTNAME,PASSWORD,TELEPHONE,A_ID,CREATED) 
VALUES (414,TRUE,'stephanie_herz@mail.com','Stephanie','Herz','ca92ddbb320e5ba3d78ff898445ab385298bb69fd7129e1c05bf30f48e407821ebc2ee3ae372047b',06801111121,312,CURRENT_TIMESTAMP);
INSERT INTO PARENT (P_ID) VALUES (414);
INSERT INTO PERSON (P_ID,ENABLED,EMAIL,FIRSTNAME,LASTNAME,PASSWORD,TELEPHONE,A_ID,CREATED) 
VALUES (415,TRUE,'sophie_hoehne@mail.com','Sophie','Hoehne','ca92ddbb320e5ba3d78ff898445ab385298bb69fd7129e1c05bf30f48e407821ebc2ee3ae372047b',06801111121,313,CURRENT_TIMESTAMP);
INSERT INTO PARENT (P_ID) VALUES (415);
INSERT INTO PERSON (P_ID,ENABLED,EMAIL,FIRSTNAME,LASTNAME,PASSWORD,TELEPHONE,A_ID,CREATED) 
VALUES (416,TRUE,'martha_blei@mail.com','Martha','Blei','ca92ddbb320e5ba3d78ff898445ab385298bb69fd7129e1c05bf30f48e407821ebc2ee3ae372047b',06801111121,314,CURRENT_TIMESTAMP);
INSERT INTO PARENT (P_ID) VALUES (416);
INSERT INTO PERSON (P_ID,ENABLED,EMAIL,FIRSTNAME,LASTNAME,PASSWORD,TELEPHONE,A_ID,CREATED) 
VALUES (417,TRUE,'maria_ruppnig@mail.com','Maria','Ruppnig','ca92ddbb320e5ba3d78ff898445ab385298bb69fd7129e1c05bf30f48e407821ebc2ee3ae372047b',06801111121,315,CURRENT_TIMESTAMP);
INSERT INTO PARENT (P_ID) VALUES (417);
INSERT INTO PERSON (P_ID,ENABLED,EMAIL,FIRSTNAME,LASTNAME,PASSWORD,TELEPHONE,A_ID,CREATED) 
VALUES (418,TRUE,'michaela_grames@mail.com','Michaela','Grames','ca92ddbb320e5ba3d78ff898445ab385298bb69fd7129e1c05bf30f48e407821ebc2ee3ae372047b',06801111121,316,CURRENT_TIMESTAMP);
INSERT INTO PARENT (P_ID) VALUES (418);
INSERT INTO PERSON (P_ID,ENABLED,EMAIL,FIRSTNAME,LASTNAME,PASSWORD,TELEPHONE,A_ID,CREATED) 
VALUES (419,TRUE,'gerhard_frey@mail.com','Gerhard','Frey','ca92ddbb320e5ba3d78ff898445ab385298bb69fd7129e1c05bf30f48e407821ebc2ee3ae372047b',06801111121,317,CURRENT_TIMESTAMP);
INSERT INTO PARENT (P_ID) VALUES (419);
INSERT INTO PERSON (P_ID,ENABLED,EMAIL,FIRSTNAME,LASTNAME,PASSWORD,TELEPHONE,A_ID,CREATED) 
VALUES (420,TRUE,'harald_frei@mail.com','Harald','Frei','ca92ddbb320e5ba3d78ff898445ab385298bb69fd7129e1c05bf30f48e407821ebc2ee3ae372047b',06801111121,318,CURRENT_TIMESTAMP);
INSERT INTO PARENT (P_ID) VALUES (420);
INSERT INTO PERSON (P_ID,ENABLED,EMAIL,FIRSTNAME,LASTNAME,PASSWORD,TELEPHONE,A_ID,CREATED) 
VALUES (421,TRUE,'toni_beich@mail.com','Toni','Beich','ca92ddbb320e5ba3d78ff898445ab385298bb69fd7129e1c05bf30f48e407821ebc2ee3ae372047b',06801111121,319,CURRENT_TIMESTAMP);
INSERT INTO PARENT (P_ID) VALUES (421);
INSERT INTO PERSON (P_ID,ENABLED,EMAIL,FIRSTNAME,LASTNAME,PASSWORD,TELEPHONE,A_ID,CREATED) 
VALUES (422,TRUE,'gisela_reich@mail.com','Gisela','Reich','ca92ddbb320e5ba3d78ff898445ab385298bb69fd7129e1c05bf30f48e407821ebc2ee3ae372047b',06801111121,320,CURRENT_TIMESTAMP);
INSERT INTO PARENT (P_ID) VALUES (422);
INSERT INTO PERSON (P_ID,ENABLED,EMAIL,FIRSTNAME,LASTNAME,PASSWORD,TELEPHONE,A_ID,CREATED) 
VALUES (423,TRUE,'katharina_busch@mail.com','Katharina','Busch','ca92ddbb320e5ba3d78ff898445ab385298bb69fd7129e1c05bf30f48e407821ebc2ee3ae372047b',06801111121,321,CURRENT_TIMESTAMP);
INSERT INTO PARENT (P_ID) VALUES (423);
INSERT INTO PERSON (P_ID,ENABLED,EMAIL,FIRSTNAME,LASTNAME,PASSWORD,TELEPHONE,A_ID,CREATED) 
VALUES (424,TRUE,'eva_gersten@mail.com','Eva','Gersten','ca92ddbb320e5ba3d78ff898445ab385298bb69fd7129e1c05bf30f48e407821ebc2ee3ae372047b',06801111121,322,CURRENT_TIMESTAMP);
INSERT INTO PARENT (P_ID) VALUES (424);
INSERT INTO PERSON (P_ID,ENABLED,EMAIL,FIRSTNAME,LASTNAME,PASSWORD,TELEPHONE,A_ID,CREATED) 
VALUES (425,TRUE,'maria_sankt@mail.com','Maria','Sankt','ca92ddbb320e5ba3d78ff898445ab385298bb69fd7129e1c05bf30f48e407821ebc2ee3ae372047b',06801111121,323,CURRENT_TIMESTAMP);
INSERT INTO PARENT (P_ID) VALUES (425);
INSERT INTO PERSON (P_ID,ENABLED,EMAIL,FIRSTNAME,LASTNAME,PASSWORD,TELEPHONE,A_ID,CREATED) 
VALUES (426,TRUE,'tanja_moeller@mail.com','Tanja','Moeller','ca92ddbb320e5ba3d78ff898445ab385298bb69fd7129e1c05bf30f48e407821ebc2ee3ae372047b',06801111121,324,CURRENT_TIMESTAMP);
INSERT INTO PARENT (P_ID) VALUES (426);
INSERT INTO PERSON (P_ID,ENABLED,EMAIL,FIRSTNAME,LASTNAME,PASSWORD,TELEPHONE,A_ID,CREATED) 
VALUES (427,TRUE,'dennis_klammer@mail.com','Dennis','Klammer','ca92ddbb320e5ba3d78ff898445ab385298bb69fd7129e1c05bf30f48e407821ebc2ee3ae372047b',06801111121,325,CURRENT_TIMESTAMP);
INSERT INTO PARENT (P_ID) VALUES (427);
INSERT INTO PERSON (P_ID,ENABLED,EMAIL,FIRSTNAME,LASTNAME,PASSWORD,TELEPHONE,A_ID,CREATED) 
VALUES (428,TRUE,'markus_klamm@mail.com','Markus','Klamm','ca92ddbb320e5ba3d78ff898445ab385298bb69fd7129e1c05bf30f48e407821ebc2ee3ae372047b',06801111121,326,CURRENT_TIMESTAMP);
INSERT INTO PARENT (P_ID) VALUES (428);
INSERT INTO PERSON (P_ID,ENABLED,EMAIL,FIRSTNAME,LASTNAME,PASSWORD,TELEPHONE,A_ID,CREATED) 
VALUES (429,TRUE,'marc_hartl@mail.com','Marc','Hartl','ca92ddbb320e5ba3d78ff898445ab385298bb69fd7129e1c05bf30f48e407821ebc2ee3ae372047b',06801111121,327,CURRENT_TIMESTAMP);
INSERT INTO PARENT (P_ID) VALUES (429);
INSERT INTO PERSON (P_ID,ENABLED,EMAIL,FIRSTNAME,LASTNAME,PASSWORD,TELEPHONE,A_ID,CREATED) 
VALUES (430,TRUE,'hans_keller@mail.com','Hans','Keller','ca92ddbb320e5ba3d78ff898445ab385298bb69fd7129e1c05bf30f48e407821ebc2ee3ae372047b',06801111121,328,CURRENT_TIMESTAMP);
INSERT INTO PARENT (P_ID) VALUES (430);
INSERT INTO PERSON (P_ID,ENABLED,EMAIL,FIRSTNAME,LASTNAME,PASSWORD,TELEPHONE,A_ID,CREATED) 
VALUES (431,TRUE,'karoline_heller@mail.com','Karoline','Heller','ca92ddbb320e5ba3d78ff898445ab385298bb69fd7129e1c05bf30f48e407821ebc2ee3ae372047b',06801111121,329,CURRENT_TIMESTAMP);
INSERT INTO PARENT (P_ID) VALUES (431);
INSERT INTO PERSON (P_ID,ENABLED,EMAIL,FIRSTNAME,LASTNAME,PASSWORD,TELEPHONE,A_ID,CREATED) 
VALUES (432,TRUE,'heidelinde_schultheiss@mail.com','Heidelinde','Schultheiss','ca92ddbb320e5ba3d78ff898445ab385298bb69fd7129e1c05bf30f48e407821ebc2ee3ae372047b',06801111121,330,CURRENT_TIMESTAMP);
INSERT INTO PARENT (P_ID) VALUES (432);
INSERT INTO PERSON (P_ID,ENABLED,EMAIL,FIRSTNAME,LASTNAME,PASSWORD,TELEPHONE,A_ID,CREATED) 
VALUES (433,TRUE,'maximilian_suess@mail.com','Maximilian','Suess','ca92ddbb320e5ba3d78ff898445ab385298bb69fd7129e1c05bf30f48e407821ebc2ee3ae372047b',06801111121,331,CURRENT_TIMESTAMP);
INSERT INTO PARENT (P_ID) VALUES (433);
INSERT INTO PERSON (P_ID,ENABLED,EMAIL,FIRSTNAME,LASTNAME,PASSWORD,TELEPHONE,A_ID,CREATED) 
VALUES (434,TRUE,'alexander_tag@mail.com','Alexander','Tag','ca92ddbb320e5ba3d78ff898445ab385298bb69fd7129e1c05bf30f48e407821ebc2ee3ae372047b',06801111121,332,CURRENT_TIMESTAMP);
INSERT INTO PARENT (P_ID) VALUES (434);
INSERT INTO PERSON (P_ID,ENABLED,EMAIL,FIRSTNAME,LASTNAME,PASSWORD,TELEPHONE,A_ID,CREATED) 
VALUES (435,TRUE,'alexandra_gottlieb@mail.com','Alexandra','Gottlieb','ca92ddbb320e5ba3d78ff898445ab385298bb69fd7129e1c05bf30f48e407821ebc2ee3ae372047b',06801111121,332,CURRENT_TIMESTAMP);
INSERT INTO PARENT (P_ID) VALUES (435);
INSERT INTO PERSON (P_ID,ENABLED,EMAIL,FIRSTNAME,LASTNAME,PASSWORD,TELEPHONE,A_ID,CREATED) 
VALUES (436,TRUE,'roma_trommler@mail.com','Roma','Trommler','ca92ddbb320e5ba3d78ff898445ab385298bb69fd7129e1c05bf30f48e407821ebc2ee3ae372047b',06801111121,333,CURRENT_TIMESTAMP);
INSERT INTO PARENT (P_ID) VALUES (436);
INSERT INTO PERSON (P_ID,ENABLED,EMAIL,FIRSTNAME,LASTNAME,PASSWORD,TELEPHONE,A_ID,CREATED) 
VALUES (437,TRUE,'susanne_frommel@mail.com','Susanne','Frommel','ca92ddbb320e5ba3d78ff898445ab385298bb69fd7129e1c05bf30f48e407821ebc2ee3ae372047b',06801111121,334,CURRENT_TIMESTAMP);
INSERT INTO PARENT (P_ID) VALUES (437);
INSERT INTO PERSON (P_ID,ENABLED,EMAIL,FIRSTNAME,LASTNAME,PASSWORD,TELEPHONE,A_ID,CREATED) 
VALUES (438,TRUE,'sabine_buschmann@mail.com','Sabine','Buschmann','ca92ddbb320e5ba3d78ff898445ab385298bb69fd7129e1c05bf30f48e407821ebc2ee3ae372047b',06801111121,335,CURRENT_TIMESTAMP);
INSERT INTO PARENT (P_ID) VALUES (438);
INSERT INTO PERSON (P_ID,ENABLED,EMAIL,FIRSTNAME,LASTNAME,PASSWORD,TELEPHONE,A_ID,CREATED) 
VALUES (439,TRUE,'katja_fuerst@mail.com','Katja','Fuerst','ca92ddbb320e5ba3d78ff898445ab385298bb69fd7129e1c05bf30f48e407821ebc2ee3ae372047b',06801111121,336,CURRENT_TIMESTAMP);
INSERT INTO PARENT (P_ID) VALUES (439);
INSERT INTO PERSON (P_ID,ENABLED,EMAIL,FIRSTNAME,LASTNAME,PASSWORD,TELEPHONE,A_ID,CREATED) 
VALUES (440,TRUE,'karin_maiar@mail.com','Karin','Maiar','ca92ddbb320e5ba3d78ff898445ab385298bb69fd7129e1c05bf30f48e407821ebc2ee3ae372047b',06801111121,337,CURRENT_TIMESTAMP);
INSERT INTO PARENT (P_ID) VALUES (440);
INSERT INTO PERSON (P_ID,ENABLED,EMAIL,FIRSTNAME,LASTNAME,PASSWORD,TELEPHONE,A_ID,CREATED) 
VALUES (441,TRUE,'dragana_meier@mail.com','Dragana','Meier','ca92ddbb320e5ba3d78ff898445ab385298bb69fd7129e1c05bf30f48e407821ebc2ee3ae372047b',06801111121,338,CURRENT_TIMESTAMP);
INSERT INTO PARENT (P_ID) VALUES (441);
INSERT INTO PERSON (P_ID,ENABLED,EMAIL,FIRSTNAME,LASTNAME,PASSWORD,TELEPHONE,A_ID,CREATED) 
VALUES (442,TRUE,'olga_breuninger@mail.com','Olga','Breuninger','ca92ddbb320e5ba3d78ff898445ab385298bb69fd7129e1c05bf30f48e407821ebc2ee3ae372047b',06801111121,339,CURRENT_TIMESTAMP);
INSERT INTO PARENT (P_ID) VALUES (442);
INSERT INTO PERSON (P_ID,ENABLED,EMAIL,FIRSTNAME,LASTNAME,PASSWORD,TELEPHONE,A_ID,CREATED) 
VALUES (443,TRUE,'helene_habig@mail.com','Helene','Habig','ca92ddbb320e5ba3d78ff898445ab385298bb69fd7129e1c05bf30f48e407821ebc2ee3ae372047b',06801111121,340,CURRENT_TIMESTAMP);
INSERT INTO PARENT (P_ID) VALUES (443);
INSERT INTO PERSON (P_ID,ENABLED,EMAIL,FIRSTNAME,LASTNAME,PASSWORD,TELEPHONE,A_ID,CREATED) 
VALUES (444,TRUE,'claudia_saul@mail.com','Claudia','Saul','ca92ddbb320e5ba3d78ff898445ab385298bb69fd7129e1c05bf30f48e407821ebc2ee3ae372047b',06801111121,341,CURRENT_TIMESTAMP);
INSERT INTO PARENT (P_ID) VALUES (444);
INSERT INTO PERSON (P_ID,ENABLED,EMAIL,FIRSTNAME,LASTNAME,PASSWORD,TELEPHONE,A_ID,CREATED) 
VALUES (445,TRUE,'claudia_gebauer@mail.com','Claudia','Gebauer','ca92ddbb320e5ba3d78ff898445ab385298bb69fd7129e1c05bf30f48e407821ebc2ee3ae372047b',06801111121,342,CURRENT_TIMESTAMP);
INSERT INTO PARENT (P_ID) VALUES (445);
INSERT INTO PERSON (P_ID,ENABLED,EMAIL,FIRSTNAME,LASTNAME,PASSWORD,TELEPHONE,A_ID,CREATED) 
VALUES (446,TRUE,'margot_kobold@mail.com','Margot','Kobold','ca92ddbb320e5ba3d78ff898445ab385298bb69fd7129e1c05bf30f48e407821ebc2ee3ae372047b',06801111121,343,CURRENT_TIMESTAMP);
INSERT INTO PARENT (P_ID) VALUES (446);
INSERT INTO PERSON (P_ID,ENABLED,EMAIL,FIRSTNAME,LASTNAME,PASSWORD,TELEPHONE,A_ID,CREATED) 
VALUES (447,TRUE,'theresia_wappner@mail.com','Theresia','Wappner','ca92ddbb320e5ba3d78ff898445ab385298bb69fd7129e1c05bf30f48e407821ebc2ee3ae372047b',06801111121,344,CURRENT_TIMESTAMP);
INSERT INTO PARENT (P_ID) VALUES (447);
INSERT INTO PERSON (P_ID,ENABLED,EMAIL,FIRSTNAME,LASTNAME,PASSWORD,TELEPHONE,A_ID,CREATED) 
VALUES (448,TRUE,'renate_dattel@mail.com','Renate','Dattel','ca92ddbb320e5ba3d78ff898445ab385298bb69fd7129e1c05bf30f48e407821ebc2ee3ae372047b',06801111121,345,CURRENT_TIMESTAMP);
INSERT INTO PARENT (P_ID) VALUES (448);
INSERT INTO PERSON (P_ID,ENABLED,EMAIL,FIRSTNAME,LASTNAME,PASSWORD,TELEPHONE,A_ID,CREATED) 
VALUES (449,TRUE,'dieter_kiefner@mail.com','Dieter','Kiefner','ca92ddbb320e5ba3d78ff898445ab385298bb69fd7129e1c05bf30f48e407821ebc2ee3ae372047b',06801111121,346,CURRENT_TIMESTAMP);
INSERT INTO PARENT (P_ID) VALUES (449);
INSERT INTO PERSON (P_ID,ENABLED,EMAIL,FIRSTNAME,LASTNAME,PASSWORD,TELEPHONE,A_ID,CREATED) 
VALUES (450,TRUE,'benedikt_mosemann@mail.com','Benedikt','Mosemann','ca92ddbb320e5ba3d78ff898445ab385298bb69fd7129e1c05bf30f48e407821ebc2ee3ae372047b',06801111121,347,CURRENT_TIMESTAMP);
INSERT INTO PARENT (P_ID) VALUES (450);
INSERT INTO PERSON (P_ID,ENABLED,EMAIL,FIRSTNAME,LASTNAME,PASSWORD,TELEPHONE,A_ID,CREATED) 
VALUES (451,TRUE,'erich_schonberg@mail.com','Erich','Schonberg','ca92ddbb320e5ba3d78ff898445ab385298bb69fd7129e1c05bf30f48e407821ebc2ee3ae372047b',06801111121,348,CURRENT_TIMESTAMP);
INSERT INTO PARENT (P_ID) VALUES (451);
INSERT INTO PERSON (P_ID,ENABLED,EMAIL,FIRSTNAME,LASTNAME,PASSWORD,TELEPHONE,A_ID,CREATED) 
VALUES (452,TRUE,'fritz_bixler@mail.com','Fritz','Bixler','ca92ddbb320e5ba3d78ff898445ab385298bb69fd7129e1c05bf30f48e407821ebc2ee3ae372047b',06801111121,349,CURRENT_TIMESTAMP);
INSERT INTO PARENT (P_ID) VALUES (452);
INSERT INTO PERSON (P_ID,ENABLED,EMAIL,FIRSTNAME,LASTNAME,PASSWORD,TELEPHONE,A_ID,CREATED) 
VALUES (453,TRUE,'franz_eismann@mail.com','Franz','Eismann','ca92ddbb320e5ba3d78ff898445ab385298bb69fd7129e1c05bf30f48e407821ebc2ee3ae372047b',06801111121,350,CURRENT_TIMESTAMP);
INSERT INTO PARENT (P_ID) VALUES (453);
INSERT INTO PERSON (P_ID,ENABLED,EMAIL,FIRSTNAME,LASTNAME,PASSWORD,TELEPHONE,A_ID,CREATED) 
VALUES (454,TRUE,'irene_breitbart@mail.com','Irene','Breitbart','ca92ddbb320e5ba3d78ff898445ab385298bb69fd7129e1c05bf30f48e407821ebc2ee3ae372047b',06801111121,351,CURRENT_TIMESTAMP);
INSERT INTO PARENT (P_ID) VALUES (454);
INSERT INTO PERSON (P_ID,ENABLED,EMAIL,FIRSTNAME,LASTNAME,PASSWORD,TELEPHONE,A_ID,CREATED) 
VALUES (455,TRUE,'katharina_dachel@mail.com','Katharina','Dachel','ca92ddbb320e5ba3d78ff898445ab385298bb69fd7129e1c05bf30f48e407821ebc2ee3ae372047b',06801111121,352,CURRENT_TIMESTAMP);
INSERT INTO PARENT (P_ID) VALUES (455);
INSERT INTO PERSON (P_ID,ENABLED,EMAIL,FIRSTNAME,LASTNAME,PASSWORD,TELEPHONE,A_ID,CREATED) 
VALUES (456,TRUE,'carina_tixler@mail.com','Carina','Tixler','ca92ddbb320e5ba3d78ff898445ab385298bb69fd7129e1c05bf30f48e407821ebc2ee3ae372047b',06801111121,353,CURRENT_TIMESTAMP);
INSERT INTO PARENT (P_ID) VALUES (456);
INSERT INTO PERSON (P_ID,ENABLED,EMAIL,FIRSTNAME,LASTNAME,PASSWORD,TELEPHONE,A_ID,CREATED) 
VALUES (457,TRUE,'helena_thomann@mail.com','Helena','Thomann','ca92ddbb320e5ba3d78ff898445ab385298bb69fd7129e1c05bf30f48e407821ebc2ee3ae372047b',06801111121,354,CURRENT_TIMESTAMP);
INSERT INTO PARENT (P_ID) VALUES (457);
INSERT INTO PERSON (P_ID,ENABLED,EMAIL,FIRSTNAME,LASTNAME,PASSWORD,TELEPHONE,A_ID,CREATED) 
VALUES (458,TRUE,'elena_schuster@mail.com','Elena','Schuster','ca92ddbb320e5ba3d78ff898445ab385298bb69fd7129e1c05bf30f48e407821ebc2ee3ae372047b',06801111121,355,CURRENT_TIMESTAMP);
INSERT INTO PARENT (P_ID) VALUES (458);
INSERT INTO PERSON (P_ID,ENABLED,EMAIL,FIRSTNAME,LASTNAME,PASSWORD,TELEPHONE,A_ID,CREATED) 
VALUES (459,TRUE,'patricia_stubenrauch@mail.com','Patricia','Stubenrauch','ca92ddbb320e5ba3d78ff898445ab385298bb69fd7129e1c05bf30f48e407821ebc2ee3ae372047b',06801111121,356,CURRENT_TIMESTAMP);
INSERT INTO PARENT (P_ID) VALUES (459);
INSERT INTO PERSON (P_ID,ENABLED,EMAIL,FIRSTNAME,LASTNAME,PASSWORD,TELEPHONE,A_ID,CREATED) 
VALUES (460,TRUE,'miriam_gruneberg@mail.com','Miriam','Gruneberg','ca92ddbb320e5ba3d78ff898445ab385298bb69fd7129e1c05bf30f48e407821ebc2ee3ae372047b',06801111121,357,CURRENT_TIMESTAMP);
INSERT INTO PARENT (P_ID) VALUES (460);
INSERT INTO PERSON (P_ID,ENABLED,EMAIL,FIRSTNAME,LASTNAME,PASSWORD,TELEPHONE,A_ID,CREATED) 
VALUES (461,TRUE,'stephan_emde@mail.com','Stephan','Emde','ca92ddbb320e5ba3d78ff898445ab385298bb69fd7129e1c05bf30f48e407821ebc2ee3ae372047b',06801111121,358,CURRENT_TIMESTAMP);
INSERT INTO PARENT (P_ID) VALUES (461);
INSERT INTO PERSON (P_ID,ENABLED,EMAIL,FIRSTNAME,LASTNAME,PASSWORD,TELEPHONE,A_ID,CREATED) 
VALUES (462,TRUE,'christoph_wilke@mail.com','Christoph','Wilke','ca92ddbb320e5ba3d78ff898445ab385298bb69fd7129e1c05bf30f48e407821ebc2ee3ae372047b',06801111121,359,CURRENT_TIMESTAMP);
INSERT INTO PARENT (P_ID) VALUES (462);
INSERT INTO PERSON (P_ID,ENABLED,EMAIL,FIRSTNAME,LASTNAME,PASSWORD,TELEPHONE,A_ID,CREATED) 
VALUES (463,TRUE,'christian_schlake@mail.com','Christian','Schlake','ca92ddbb320e5ba3d78ff898445ab385298bb69fd7129e1c05bf30f48e407821ebc2ee3ae372047b',06801111121,360,CURRENT_TIMESTAMP);
INSERT INTO PARENT (P_ID) VALUES (463);
INSERT INTO PERSON (P_ID,ENABLED,EMAIL,FIRSTNAME,LASTNAME,PASSWORD,TELEPHONE,A_ID,CREATED) 
VALUES (464,TRUE,'markus_klemm@mail.com','Markus','Klemm','ca92ddbb320e5ba3d78ff898445ab385298bb69fd7129e1c05bf30f48e407821ebc2ee3ae372047b',06801111121,361,CURRENT_TIMESTAMP);
INSERT INTO PARENT (P_ID) VALUES (464);
INSERT INTO PERSON (P_ID,ENABLED,EMAIL,FIRSTNAME,LASTNAME,PASSWORD,TELEPHONE,A_ID,CREATED) 
VALUES (465,TRUE,'johanna_ende@mail.com','Johanna','Ende','ca92ddbb320e5ba3d78ff898445ab385298bb69fd7129e1c05bf30f48e407821ebc2ee3ae372047b',06801111121,362,CURRENT_TIMESTAMP);
INSERT INTO PARENT (P_ID) VALUES (465);
INSERT INTO PERSON (P_ID,ENABLED,EMAIL,FIRSTNAME,LASTNAME,PASSWORD,TELEPHONE,A_ID,CREATED) 
VALUES (466,TRUE,'doris_schmeichel@mail.com','Doris','Schmeichel','ca92ddbb320e5ba3d78ff898445ab385298bb69fd7129e1c05bf30f48e407821ebc2ee3ae372047b',06801111121,363,CURRENT_TIMESTAMP);
INSERT INTO PARENT (P_ID) VALUES (466);
INSERT INTO PERSON (P_ID,ENABLED,EMAIL,FIRSTNAME,LASTNAME,PASSWORD,TELEPHONE,A_ID,CREATED) 
VALUES (467,TRUE,'simone_ernst@mail.com','Simone','Ernst','ca92ddbb320e5ba3d78ff898445ab385298bb69fd7129e1c05bf30f48e407821ebc2ee3ae372047b',06801111121,364,CURRENT_TIMESTAMP);
INSERT INTO PARENT (P_ID) VALUES (467);
INSERT INTO PERSON (P_ID,ENABLED,EMAIL,FIRSTNAME,LASTNAME,PASSWORD,TELEPHONE,A_ID,CREATED) 
VALUES (468,TRUE,'sandra_wich@mail.com','Sandra','Wich','ca92ddbb320e5ba3d78ff898445ab385298bb69fd7129e1c05bf30f48e407821ebc2ee3ae372047b',06801111121,365,CURRENT_TIMESTAMP);
INSERT INTO PARENT (P_ID) VALUES (468);
INSERT INTO PERSON (P_ID,ENABLED,EMAIL,FIRSTNAME,LASTNAME,PASSWORD,TELEPHONE,A_ID,CREATED) 
VALUES (469,TRUE,'thomas_teubner@mail.com','Thomas','Teubner','ca92ddbb320e5ba3d78ff898445ab385298bb69fd7129e1c05bf30f48e407821ebc2ee3ae372047b',06801111121,366,CURRENT_TIMESTAMP);
INSERT INTO PARENT (P_ID) VALUES (469);
INSERT INTO PERSON (P_ID,ENABLED,EMAIL,FIRSTNAME,LASTNAME,PASSWORD,TELEPHONE,A_ID,CREATED) 
VALUES (470,TRUE,'johannes_garnick@mail.com','Johannes','Garnick','ca92ddbb320e5ba3d78ff898445ab385298bb69fd7129e1c05bf30f48e407821ebc2ee3ae372047b',06801111121,367,CURRENT_TIMESTAMP);
INSERT INTO PARENT (P_ID) VALUES (470);
INSERT INTO PERSON (P_ID,ENABLED,EMAIL,FIRSTNAME,LASTNAME,PASSWORD,TELEPHONE,A_ID,CREATED) 
VALUES (471,TRUE,'johannes_oberdorf@mail.com','Johannes','Oberdorf','ca92ddbb320e5ba3d78ff898445ab385298bb69fd7129e1c05bf30f48e407821ebc2ee3ae372047b',06801111121,368,CURRENT_TIMESTAMP);
INSERT INTO PARENT (P_ID) VALUES (471);
INSERT INTO PERSON (P_ID,ENABLED,EMAIL,FIRSTNAME,LASTNAME,PASSWORD,TELEPHONE,A_ID,CREATED) 
VALUES (472,TRUE,'bettina_unterdorf@mail.com','Bettina','Unterdorf','ca92ddbb320e5ba3d78ff898445ab385298bb69fd7129e1c05bf30f48e407821ebc2ee3ae372047b',06801111121,369,CURRENT_TIMESTAMP);
INSERT INTO PARENT (P_ID) VALUES (472);
INSERT INTO PERSON (P_ID,ENABLED,EMAIL,FIRSTNAME,LASTNAME,PASSWORD,TELEPHONE,A_ID,CREATED) 
VALUES (473,TRUE,'clemens_karel@mail.com','Clemens','Karel','ca92ddbb320e5ba3d78ff898445ab385298bb69fd7129e1c05bf30f48e407821ebc2ee3ae372047b',06801111121,370,CURRENT_TIMESTAMP);
INSERT INTO PARENT (P_ID) VALUES (473);
INSERT INTO PERSON (P_ID,ENABLED,EMAIL,FIRSTNAME,LASTNAME,PASSWORD,TELEPHONE,A_ID,CREATED) 
VALUES (474,TRUE,'matthias_fullmer@mail.com','Matthias','Fullmer','ca92ddbb320e5ba3d78ff898445ab385298bb69fd7129e1c05bf30f48e407821ebc2ee3ae372047b',06801111121,371,CURRENT_TIMESTAMP);
INSERT INTO PARENT (P_ID) VALUES (474);
INSERT INTO PERSON (P_ID,ENABLED,EMAIL,FIRSTNAME,LASTNAME,PASSWORD,TELEPHONE,A_ID,CREATED) 
VALUES (475,TRUE,'mattias_kief@mail.com','Mattias','Kief','ca92ddbb320e5ba3d78ff898445ab385298bb69fd7129e1c05bf30f48e407821ebc2ee3ae372047b',06801111121,372,CURRENT_TIMESTAMP);
INSERT INTO PARENT (P_ID) VALUES (475);
INSERT INTO PERSON (P_ID,ENABLED,EMAIL,FIRSTNAME,LASTNAME,PASSWORD,TELEPHONE,A_ID,CREATED) 
VALUES (476,TRUE,'gerhard_heiting@mail.com','Gerhard','Heiting','ca92ddbb320e5ba3d78ff898445ab385298bb69fd7129e1c05bf30f48e407821ebc2ee3ae372047b',06801111121,373,CURRENT_TIMESTAMP);
INSERT INTO PARENT (P_ID) VALUES (476);
INSERT INTO PERSON (P_ID,ENABLED,EMAIL,FIRSTNAME,LASTNAME,PASSWORD,TELEPHONE,A_ID,CREATED) 
VALUES (477,TRUE,'harald_gahr@mail.com','Harald','Gahr','ca92ddbb320e5ba3d78ff898445ab385298bb69fd7129e1c05bf30f48e407821ebc2ee3ae372047b',06801111121,374,CURRENT_TIMESTAMP);
INSERT INTO PARENT (P_ID) VALUES (477);
INSERT INTO PERSON (P_ID,ENABLED,EMAIL,FIRSTNAME,LASTNAME,PASSWORD,TELEPHONE,A_ID,CREATED) 
VALUES (478,TRUE,'robert_peek@mail.com','Robert','Peek','ca92ddbb320e5ba3d78ff898445ab385298bb69fd7129e1c05bf30f48e407821ebc2ee3ae372047b',06801111121,375,CURRENT_TIMESTAMP);
INSERT INTO PARENT (P_ID) VALUES (478);
INSERT INTO PERSON (P_ID,ENABLED,EMAIL,FIRSTNAME,LASTNAME,PASSWORD,TELEPHONE,A_ID,CREATED) 
VALUES (479,TRUE,'tina_prinz@mail.com','Tina','Prinz','ca92ddbb320e5ba3d78ff898445ab385298bb69fd7129e1c05bf30f48e407821ebc2ee3ae372047b',06801111121,376,CURRENT_TIMESTAMP);
INSERT INTO PARENT (P_ID) VALUES (479);
INSERT INTO PERSON (P_ID,ENABLED,EMAIL,FIRSTNAME,LASTNAME,PASSWORD,TELEPHONE,A_ID,CREATED) 
VALUES (480,TRUE,'maschka_vonbergen@mail.com','Maschka','Von Bergen','ca92ddbb320e5ba3d78ff898445ab385298bb69fd7129e1c05bf30f48e407821ebc2ee3ae372047b',06801111121,377,CURRENT_TIMESTAMP);
INSERT INTO PARENT (P_ID) VALUES (480);
INSERT INTO PERSON (P_ID,ENABLED,EMAIL,FIRSTNAME,LASTNAME,PASSWORD,TELEPHONE,A_ID,CREATED) 
VALUES (481,TRUE,'petra_suess@mail.com','Petra','Suess','ca92ddbb320e5ba3d78ff898445ab385298bb69fd7129e1c05bf30f48e407821ebc2ee3ae372047b',06801111121,378,CURRENT_TIMESTAMP);
INSERT INTO PARENT (P_ID) VALUES (481);
INSERT INTO PERSON (P_ID,ENABLED,EMAIL,FIRSTNAME,LASTNAME,PASSWORD,TELEPHONE,A_ID,CREATED) 
VALUES (482,TRUE,'ute_finke@mail.com','Ute','Finke','ca92ddbb320e5ba3d78ff898445ab385298bb69fd7129e1c05bf30f48e407821ebc2ee3ae372047b',06801111121,379,CURRENT_TIMESTAMP);
INSERT INTO PARENT (P_ID) VALUES (482);
INSERT INTO PERSON (P_ID,ENABLED,EMAIL,FIRSTNAME,LASTNAME,PASSWORD,TELEPHONE,A_ID,CREATED) 
VALUES (483,TRUE,'ulrike_graper@mail.com','Ulrike','Graper','ca92ddbb320e5ba3d78ff898445ab385298bb69fd7129e1c05bf30f48e407821ebc2ee3ae372047b',06801111121,380,CURRENT_TIMESTAMP);
INSERT INTO PARENT (P_ID) VALUES (483);
INSERT INTO PERSON (P_ID,ENABLED,EMAIL,FIRSTNAME,LASTNAME,PASSWORD,TELEPHONE,A_ID,CREATED) 
VALUES (484,TRUE,'erika_hasse@mail.com','Erika','Hasse','ca92ddbb320e5ba3d78ff898445ab385298bb69fd7129e1c05bf30f48e407821ebc2ee3ae372047b',06801111121,381,CURRENT_TIMESTAMP);
INSERT INTO PARENT (P_ID) VALUES (484);
INSERT INTO PERSON (P_ID,ENABLED,EMAIL,FIRSTNAME,LASTNAME,PASSWORD,TELEPHONE,A_ID,CREATED) 
VALUES (485,TRUE,'grabiele_jantzi@mail.com','Gabriele','Jantzi','ca92ddbb320e5ba3d78ff898445ab385298bb69fd7129e1c05bf30f48e407821ebc2ee3ae372047b',06801111121,382,CURRENT_TIMESTAMP);
INSERT INTO PARENT (P_ID) VALUES (485);
INSERT INTO PERSON (P_ID,ENABLED,EMAIL,FIRSTNAME,LASTNAME,PASSWORD,TELEPHONE,A_ID,CREATED) 
VALUES (486,TRUE,'hannelore_ewoldt@mail.com','Hannelore','Ewoldt','ca92ddbb320e5ba3d78ff898445ab385298bb69fd7129e1c05bf30f48e407821ebc2ee3ae372047b',06801111121,383,CURRENT_TIMESTAMP);
INSERT INTO PARENT (P_ID) VALUES (486);
INSERT INTO PERSON (P_ID,ENABLED,EMAIL,FIRSTNAME,LASTNAME,PASSWORD,TELEPHONE,A_ID,CREATED) 
VALUES (487,TRUE,'rosemarie_hackel@mail.com','Rosemarie','Hackel','ca92ddbb320e5ba3d78ff898445ab385298bb69fd7129e1c05bf30f48e407821ebc2ee3ae372047b',06801111121,384,CURRENT_TIMESTAMP);
INSERT INTO PARENT (P_ID) VALUES (487);
INSERT INTO PERSON (P_ID,ENABLED,EMAIL,FIRSTNAME,LASTNAME,PASSWORD,TELEPHONE,A_ID,CREATED) 
VALUES (488,TRUE,'hubert_reichlin@mail.com','Hubert','Reichlin','ca92ddbb320e5ba3d78ff898445ab385298bb69fd7129e1c05bf30f48e407821ebc2ee3ae372047b',06801111121,385,CURRENT_TIMESTAMP);
INSERT INTO PARENT (P_ID) VALUES (488);
INSERT INTO PERSON (P_ID,ENABLED,EMAIL,FIRSTNAME,LASTNAME,PASSWORD,TELEPHONE,A_ID,CREATED) 
VALUES (489,TRUE,'elisa_schmeichel@mail.com','Elisa','Schmeichel','ca92ddbb320e5ba3d78ff898445ab385298bb69fd7129e1c05bf30f48e407821ebc2ee3ae372047b',06801111121,386,CURRENT_TIMESTAMP);
INSERT INTO PARENT (P_ID) VALUES (489);
INSERT INTO PERSON (P_ID,ENABLED,EMAIL,FIRSTNAME,LASTNAME,PASSWORD,TELEPHONE,A_ID,CREATED) 
VALUES (490,TRUE,'lise_dues@mail.com','Lisa','Dues','ca92ddbb320e5ba3d78ff898445ab385298bb69fd7129e1c05bf30f48e407821ebc2ee3ae372047b',06801111121,387,CURRENT_TIMESTAMP);
INSERT INTO PARENT (P_ID) VALUES (490);
INSERT INTO PERSON (P_ID,ENABLED,EMAIL,FIRSTNAME,LASTNAME,PASSWORD,TELEPHONE,A_ID,CREATED) 
VALUES (491,TRUE,'caroline_blankenburg@mail.com','Caroline','Blankenburg','ca92ddbb320e5ba3d78ff898445ab385298bb69fd7129e1c05bf30f48e407821ebc2ee3ae372047b',06801111121,388,CURRENT_TIMESTAMP);
INSERT INTO PARENT (P_ID) VALUES (491);
INSERT INTO PERSON (P_ID,ENABLED,EMAIL,FIRSTNAME,LASTNAME,PASSWORD,TELEPHONE,A_ID,CREATED) 
VALUES (492,TRUE,'rebekka_sensemann@mail.com','Rebekka','Sensemann','ca92ddbb320e5ba3d78ff898445ab385298bb69fd7129e1c05bf30f48e407821ebc2ee3ae372047b',06801111121,389,CURRENT_TIMESTAMP);
INSERT INTO PARENT (P_ID) VALUES (492);
INSERT INTO PERSON (P_ID,ENABLED,EMAIL,FIRSTNAME,LASTNAME,PASSWORD,TELEPHONE,A_ID,CREATED) 
VALUES (493,TRUE,'johanna_stand@mail.com','Johanna','Stand','ca92ddbb320e5ba3d78ff898445ab385298bb69fd7129e1c05bf30f48e407821ebc2ee3ae372047b',06801111121,390,CURRENT_TIMESTAMP);
INSERT INTO PARENT (P_ID) VALUES (493);
INSERT INTO PERSON (P_ID,ENABLED,EMAIL,FIRSTNAME,LASTNAME,PASSWORD,TELEPHONE,A_ID,CREATED) 
VALUES (494,TRUE,'maria_stuber@mail.com','Maria','Stuber','ca92ddbb320e5ba3d78ff898445ab385298bb69fd7129e1c05bf30f48e407821ebc2ee3ae372047b',06801111121,391,CURRENT_TIMESTAMP);
INSERT INTO PARENT (P_ID) VALUES (494);
INSERT INTO PERSON (P_ID,ENABLED,EMAIL,FIRSTNAME,LASTNAME,PASSWORD,TELEPHONE,A_ID,CREATED) 
VALUES (495,TRUE,'eva_spiers@mail.com','Eva','Spiers','ca92ddbb320e5ba3d78ff898445ab385298bb69fd7129e1c05bf30f48e407821ebc2ee3ae372047b',06801111121,392,CURRENT_TIMESTAMP);
INSERT INTO PARENT (P_ID) VALUES (495);
INSERT INTO PERSON (P_ID,ENABLED,EMAIL,FIRSTNAME,LASTNAME,PASSWORD,TELEPHONE,A_ID,CREATED) 
VALUES (496,TRUE,'larissa_knaus@mail.com','Larissa','Knaus','ca92ddbb320e5ba3d78ff898445ab385298bb69fd7129e1c05bf30f48e407821ebc2ee3ae372047b',06801111121,393,CURRENT_TIMESTAMP);
INSERT INTO PARENT (P_ID) VALUES (496);
INSERT INTO PERSON (P_ID,ENABLED,EMAIL,FIRSTNAME,LASTNAME,PASSWORD,TELEPHONE,A_ID,CREATED) 
VALUES (497,TRUE,'jonathan_mesman@mail.com','Jonathan','Mesman','ca92ddbb320e5ba3d78ff898445ab385298bb69fd7129e1c05bf30f48e407821ebc2ee3ae372047b',06801111121,394,CURRENT_TIMESTAMP);
INSERT INTO PARENT (P_ID) VALUES (497);
INSERT INTO PERSON (P_ID,ENABLED,EMAIL,FIRSTNAME,LASTNAME,PASSWORD,TELEPHONE,A_ID,CREATED) 
VALUES (498,TRUE,'marcus_gerloff@mail.com','Marcus','Gerloff','ca92ddbb320e5ba3d78ff898445ab385298bb69fd7129e1c05bf30f48e407821ebc2ee3ae372047b',06801111121,395,CURRENT_TIMESTAMP);
INSERT INTO PARENT (P_ID) VALUES (498);
INSERT INTO PERSON (P_ID,ENABLED,EMAIL,FIRSTNAME,LASTNAME,PASSWORD,TELEPHONE,A_ID,CREATED) 
VALUES (499,TRUE,'zlatan_neller@mail.com','Zlatan','Neller','ca92ddbb320e5ba3d78ff898445ab385298bb69fd7129e1c05bf30f48e407821ebc2ee3ae372047b',06801111121,396,CURRENT_TIMESTAMP);
INSERT INTO PARENT (P_ID) VALUES (499);
INSERT INTO PERSON (P_ID,ENABLED,EMAIL,FIRSTNAME,LASTNAME,PASSWORD,TELEPHONE,A_ID,CREATED) 
VALUES (500,TRUE,'peter_hellenbrand@mail.com','Peter','Hellenbrand','ca92ddbb320e5ba3d78ff898445ab385298bb69fd7129e1c05bf30f48e407821ebc2ee3ae372047b',06801111121,397,CURRENT_TIMESTAMP);
INSERT INTO PARENT (P_ID) VALUES (500);
INSERT INTO PERSON (P_ID,ENABLED,EMAIL,FIRSTNAME,LASTNAME,PASSWORD,TELEPHONE,A_ID,CREATED) 
VALUES (501,TRUE,'paul_nitz@mail.com','Paul','Nitz','ca92ddbb320e5ba3d78ff898445ab385298bb69fd7129e1c05bf30f48e407821ebc2ee3ae372047b',06801111121,398,CURRENT_TIMESTAMP);
INSERT INTO PARENT (P_ID) VALUES (501);
INSERT INTO PERSON (P_ID,ENABLED,EMAIL,FIRSTNAME,LASTNAME,PASSWORD,TELEPHONE,A_ID,CREATED) 
VALUES (502,TRUE,'ingrid_bart@mail.com','Ingrid','Bart','ca92ddbb320e5ba3d78ff898445ab385298bb69fd7129e1c05bf30f48e407821ebc2ee3ae372047b',06801111121,399,CURRENT_TIMESTAMP);
INSERT INTO PARENT (P_ID) VALUES (502);
INSERT INTO PERSON (P_ID,ENABLED,EMAIL,FIRSTNAME,LASTNAME,PASSWORD,TELEPHONE,A_ID,CREATED) 
VALUES (503,TRUE,'katrin_heyen@mail.com','Katrin','Heyen','ca92ddbb320e5ba3d78ff898445ab385298bb69fd7129e1c05bf30f48e407821ebc2ee3ae372047b',06801111121,400,CURRENT_TIMESTAMP);
INSERT INTO PARENT (P_ID) VALUES (503);
INSERT INTO PERSON (P_ID,ENABLED,EMAIL,FIRSTNAME,LASTNAME,PASSWORD,TELEPHONE,A_ID,CREATED) 
VALUES (504,TRUE,'barbara_etzler@mail.com','Barbara','Etzler','ca92ddbb320e5ba3d78ff898445ab385298bb69fd7129e1c05bf30f48e407821ebc2ee3ae372047b',06801111121,401,CURRENT_TIMESTAMP);
INSERT INTO PARENT (P_ID) VALUES (504);
INSERT INTO PERSON (P_ID,ENABLED,EMAIL,FIRSTNAME,LASTNAME,PASSWORD,TELEPHONE,A_ID,CREATED) 
VALUES (505,TRUE,'klaudia_rode@mail.com','Klaudia','Rode','ca92ddbb320e5ba3d78ff898445ab385298bb69fd7129e1c05bf30f48e407821ebc2ee3ae372047b',06801111121,402,CURRENT_TIMESTAMP);
INSERT INTO PARENT (P_ID) VALUES (505);
INSERT INTO PERSON (P_ID,ENABLED,EMAIL,FIRSTNAME,LASTNAME,PASSWORD,TELEPHONE,A_ID,CREATED) 
VALUES (506,TRUE,'hilde_aicher@mail.com','Hilde','Aicher','ca92ddbb320e5ba3d78ff898445ab385298bb69fd7129e1c05bf30f48e407821ebc2ee3ae372047b',06801111121,403,CURRENT_TIMESTAMP);
INSERT INTO PARENT (P_ID) VALUES (506);
INSERT INTO PERSON (P_ID,ENABLED,EMAIL,FIRSTNAME,LASTNAME,PASSWORD,TELEPHONE,A_ID,CREATED) 
VALUES (507,TRUE,'iwana_grewe@mail.com','Iwana','Grewe','ca92ddbb320e5ba3d78ff898445ab385298bb69fd7129e1c05bf30f48e407821ebc2ee3ae372047b',06801111121,404,CURRENT_TIMESTAMP);
INSERT INTO PARENT (P_ID) VALUES (507);
INSERT INTO PERSON (P_ID,ENABLED,EMAIL,FIRSTNAME,LASTNAME,PASSWORD,TELEPHONE,A_ID,CREATED) 
VALUES (508,TRUE,'lena_eberly@mail.com','Lena','Eberly','ca92ddbb320e5ba3d78ff898445ab385298bb69fd7129e1c05bf30f48e407821ebc2ee3ae372047b',06801111121,405,CURRENT_TIMESTAMP);
INSERT INTO PARENT (P_ID) VALUES (508);
INSERT INTO PERSON (P_ID,ENABLED,EMAIL,FIRSTNAME,LASTNAME,PASSWORD,TELEPHONE,A_ID,CREATED) 
VALUES (509,TRUE,'evita_reppert@mail.com','Evita','Reppert','ca92ddbb320e5ba3d78ff898445ab385298bb69fd7129e1c05bf30f48e407821ebc2ee3ae372047b',06801111121,406,CURRENT_TIMESTAMP);
INSERT INTO PARENT (P_ID) VALUES (509);
INSERT INTO PERSON (P_ID,ENABLED,EMAIL,FIRSTNAME,LASTNAME,PASSWORD,TELEPHONE,A_ID,CREATED) 
VALUES (510,TRUE,'matthea_richert@mail.com','Matthea','Richert','ca92ddbb320e5ba3d78ff898445ab385298bb69fd7129e1c05bf30f48e407821ebc2ee3ae372047b',06801111121,407,CURRENT_TIMESTAMP);
INSERT INTO PARENT (P_ID) VALUES (510);
INSERT INTO PERSON (P_ID,ENABLED,EMAIL,FIRSTNAME,LASTNAME,PASSWORD,TELEPHONE,A_ID,CREATED) 
VALUES (511,TRUE,'magdalena_kolz@mail.com','Magdalena','Kolz','ca92ddbb320e5ba3d78ff898445ab385298bb69fd7129e1c05bf30f48e407821ebc2ee3ae372047b',06801111121,408,CURRENT_TIMESTAMP);
INSERT INTO PARENT (P_ID) VALUES (511);
INSERT INTO PERSON (P_ID,ENABLED,EMAIL,FIRSTNAME,LASTNAME,PASSWORD,TELEPHONE,A_ID,CREATED) 
VALUES (512,TRUE,'zow_hemle@mail.com','Zoe','Hemle','ca92ddbb320e5ba3d78ff898445ab385298bb69fd7129e1c05bf30f48e407821ebc2ee3ae372047b',06801111121,409,CURRENT_TIMESTAMP);
INSERT INTO PARENT (P_ID) VALUES (512);
INSERT INTO PERSON (P_ID,ENABLED,EMAIL,FIRSTNAME,LASTNAME,PASSWORD,TELEPHONE,A_ID,CREATED) 
VALUES (513,TRUE,'sofia_besch@mail.com','Sofia','Basch','ca92ddbb320e5ba3d78ff898445ab385298bb69fd7129e1c05bf30f48e407821ebc2ee3ae372047b',06801111121,410,CURRENT_TIMESTAMP);
INSERT INTO PARENT (P_ID) VALUES (513);
INSERT INTO PERSON (P_ID,ENABLED,EMAIL,FIRSTNAME,LASTNAME,PASSWORD,TELEPHONE,A_ID,CREATED) 
VALUES (514,TRUE,'anika_grelle@mail.com','Anika','Grelle','ca92ddbb320e5ba3d78ff898445ab385298bb69fd7129e1c05bf30f48e407821ebc2ee3ae372047b',06801111121,411,CURRENT_TIMESTAMP);
INSERT INTO PARENT (P_ID) VALUES (514);
INSERT INTO PERSON (P_ID,ENABLED,EMAIL,FIRSTNAME,LASTNAME,PASSWORD,TELEPHONE,A_ID,CREATED) 
VALUES (515,TRUE,'alexandra_kolson@mail.com','Alexandra','Kolson','ca92ddbb320e5ba3d78ff898445ab385298bb69fd7129e1c05bf30f48e407821ebc2ee3ae372047b',06801111121,412,CURRENT_TIMESTAMP);
INSERT INTO PARENT (P_ID) VALUES (515);
INSERT INTO PERSON (P_ID,ENABLED,EMAIL,FIRSTNAME,LASTNAME,PASSWORD,TELEPHONE,A_ID,CREATED) 
VALUES (516,TRUE,'joana_hagedorn@mail.com','Joana','Hagedorn','ca92ddbb320e5ba3d78ff898445ab385298bb69fd7129e1c05bf30f48e407821ebc2ee3ae372047b',06801111121,413,CURRENT_TIMESTAMP);
INSERT INTO PARENT (P_ID) VALUES (516);
INSERT INTO PERSON (P_ID,ENABLED,EMAIL,FIRSTNAME,LASTNAME,PASSWORD,TELEPHONE,A_ID,CREATED) 
VALUES (517,TRUE,'lucia_preisler@mail.com','Lucia','Preisler','ca92ddbb320e5ba3d78ff898445ab385298bb69fd7129e1c05bf30f48e407821ebc2ee3ae372047b',06801111121,414,CURRENT_TIMESTAMP);
INSERT INTO PARENT (P_ID) VALUES (517);
INSERT INTO PERSON (P_ID,ENABLED,EMAIL,FIRSTNAME,LASTNAME,PASSWORD,TELEPHONE,A_ID,CREATED) 
VALUES (518,TRUE,'ula_sachen@mail.com','Ula','Sachen','ca92ddbb320e5ba3d78ff898445ab385298bb69fd7129e1c05bf30f48e407821ebc2ee3ae372047b',06801111121,415,CURRENT_TIMESTAMP);
INSERT INTO PARENT (P_ID) VALUES (518);
INSERT INTO PERSON (P_ID,ENABLED,EMAIL,FIRSTNAME,LASTNAME,PASSWORD,TELEPHONE,A_ID,CREATED) 
VALUES (519,TRUE,'frida_kuhl@mail.com','Frida','Kuhl','ca92ddbb320e5ba3d78ff898445ab385298bb69fd7129e1c05bf30f48e407821ebc2ee3ae372047b',06801111121,416,CURRENT_TIMESTAMP);
INSERT INTO PARENT (P_ID) VALUES (519);
INSERT INTO PERSON (P_ID,ENABLED,EMAIL,FIRSTNAME,LASTNAME,PASSWORD,TELEPHONE,A_ID,CREATED) 
VALUES (520,TRUE,'else_ludwin@mail.com','Else','Ludwin','ca92ddbb320e5ba3d78ff898445ab385298bb69fd7129e1c05bf30f48e407821ebc2ee3ae372047b',06801111121,417,CURRENT_TIMESTAMP);
INSERT INTO PARENT (P_ID) VALUES (520);
INSERT INTO PERSON (P_ID,ENABLED,EMAIL,FIRSTNAME,LASTNAME,PASSWORD,TELEPHONE,A_ID,CREATED) 
VALUES (521,TRUE,'angie_bupp@mail.com','Angie','Bupp','ca92ddbb320e5ba3d78ff898445ab385298bb69fd7129e1c05bf30f48e407821ebc2ee3ae372047b',06801111121,418,CURRENT_TIMESTAMP);
INSERT INTO PARENT (P_ID) VALUES (521);
INSERT INTO PERSON (P_ID,ENABLED,EMAIL,FIRSTNAME,LASTNAME,PASSWORD,TELEPHONE,A_ID,CREATED) 
VALUES (522,TRUE,'luisa_eisenbarth@mail.com','Luisa','Eisenbarth','ca92ddbb320e5ba3d78ff898445ab385298bb69fd7129e1c05bf30f48e407821ebc2ee3ae372047b',06801111121,419,CURRENT_TIMESTAMP);
INSERT INTO PARENT (P_ID) VALUES (522);
INSERT INTO PERSON (P_ID,ENABLED,EMAIL,FIRSTNAME,LASTNAME,PASSWORD,TELEPHONE,A_ID,CREATED) 
VALUES (523,TRUE,'magda_garriss@mail.com','Magga','Garriss','ca92ddbb320e5ba3d78ff898445ab385298bb69fd7129e1c05bf30f48e407821ebc2ee3ae372047b',06801111121,420,CURRENT_TIMESTAMP);
INSERT INTO PARENT (P_ID) VALUES (523);
INSERT INTO PERSON (P_ID,ENABLED,EMAIL,FIRSTNAME,LASTNAME,PASSWORD,TELEPHONE,A_ID,CREATED) 
VALUES (524,TRUE,'viktoria_ebbs@mail.com','Viktoria','Ebbs','ca92ddbb320e5ba3d78ff898445ab385298bb69fd7129e1c05bf30f48e407821ebc2ee3ae372047b',06801111121,421,CURRENT_TIMESTAMP);
INSERT INTO PARENT (P_ID) VALUES (524);
INSERT INTO PERSON (P_ID,ENABLED,EMAIL,FIRSTNAME,LASTNAME,PASSWORD,TELEPHONE,A_ID,CREATED) 
VALUES (525,TRUE,'anette_rymer@mail.com','Anette','Rymer','ca92ddbb320e5ba3d78ff898445ab385298bb69fd7129e1c05bf30f48e407821ebc2ee3ae372047b',06801111121,422,CURRENT_TIMESTAMP);
INSERT INTO PARENT (P_ID) VALUES (525);
INSERT INTO PERSON (P_ID,ENABLED,EMAIL,FIRSTNAME,LASTNAME,PASSWORD,TELEPHONE,A_ID,CREATED) 
VALUES (526,TRUE,'heike_mundorf@mail.com','Heike','Mundorf','ca92ddbb320e5ba3d78ff898445ab385298bb69fd7129e1c05bf30f48e407821ebc2ee3ae372047b',06801111121,423,CURRENT_TIMESTAMP);
INSERT INTO PARENT (P_ID) VALUES (526);
INSERT INTO PERSON (P_ID,ENABLED,EMAIL,FIRSTNAME,LASTNAME,PASSWORD,TELEPHONE,A_ID,CREATED) 
VALUES (527,TRUE,'bianca_germann@mail.com','Bianca','Germann','ca92ddbb320e5ba3d78ff898445ab385298bb69fd7129e1c05bf30f48e407821ebc2ee3ae372047b',06801111121,424,CURRENT_TIMESTAMP);
INSERT INTO PARENT (P_ID) VALUES (527);
INSERT INTO PERSON (P_ID,ENABLED,EMAIL,FIRSTNAME,LASTNAME,PASSWORD,TELEPHONE,A_ID,CREATED) 
VALUES (528,TRUE,'franziska_porth@mail.com','Franziska','Porth','ca92ddbb320e5ba3d78ff898445ab385298bb69fd7129e1c05bf30f48e407821ebc2ee3ae372047b',06801111121,425,CURRENT_TIMESTAMP);
INSERT INTO PARENT (P_ID) VALUES (528);
INSERT INTO PERSON (P_ID,ENABLED,EMAIL,FIRSTNAME,LASTNAME,PASSWORD,TELEPHONE,A_ID,CREATED) 
VALUES (529,TRUE,'judith_teubert@mail.com','Judith','Teubert','ca92ddbb320e5ba3d78ff898445ab385298bb69fd7129e1c05bf30f48e407821ebc2ee3ae372047b',06801111121,426,CURRENT_TIMESTAMP);
INSERT INTO PARENT (P_ID) VALUES (529);
INSERT INTO PERSON (P_ID,ENABLED,EMAIL,FIRSTNAME,LASTNAME,PASSWORD,TELEPHONE,A_ID,CREATED) 
VALUES (530,TRUE,'judith_hennig@mail.com','Judith','Hennig','ca92ddbb320e5ba3d78ff898445ab385298bb69fd7129e1c05bf30f48e407821ebc2ee3ae372047b',06801111121,427,CURRENT_TIMESTAMP);
INSERT INTO PARENT (P_ID) VALUES (530);
INSERT INTO PERSON (P_ID,ENABLED,EMAIL,FIRSTNAME,LASTNAME,PASSWORD,TELEPHONE,A_ID,CREATED) 
VALUES (531,TRUE,'oliver_weeber@mail.com','Oliver','Weeber','ca92ddbb320e5ba3d78ff898445ab385298bb69fd7129e1c05bf30f48e407821ebc2ee3ae372047b',06801111121,428,CURRENT_TIMESTAMP);
INSERT INTO PARENT (P_ID) VALUES (531);
INSERT INTO PERSON (P_ID,ENABLED,EMAIL,FIRSTNAME,LASTNAME,PASSWORD,TELEPHONE,A_ID,CREATED) 
VALUES (532,TRUE,'bernhard_seibold@mail.com','Bernhard','Seibold','ca92ddbb320e5ba3d78ff898445ab385298bb69fd7129e1c05bf30f48e407821ebc2ee3ae372047b',06801111121,429,CURRENT_TIMESTAMP);
INSERT INTO PARENT (P_ID) VALUES (532);
INSERT INTO PERSON (P_ID,ENABLED,EMAIL,FIRSTNAME,LASTNAME,PASSWORD,TELEPHONE,A_ID,CREATED) 
VALUES (533,TRUE,'sascha_gadient@mail.com','Sascha','Gadient','ca92ddbb320e5ba3d78ff898445ab385298bb69fd7129e1c05bf30f48e407821ebc2ee3ae372047b',06801111121,430,CURRENT_TIMESTAMP);
INSERT INTO PARENT (P_ID) VALUES (533);
INSERT INTO PERSON (P_ID,ENABLED,EMAIL,FIRSTNAME,LASTNAME,PASSWORD,TELEPHONE,A_ID,CREATED) 
VALUES (534,TRUE,'daniel_appenzeller@mail.com','Daniel','Appenzeller','ca92ddbb320e5ba3d78ff898445ab385298bb69fd7129e1c05bf30f48e407821ebc2ee3ae372047b',06801111121,431,CURRENT_TIMESTAMP);
INSERT INTO PARENT (P_ID) VALUES (534);
INSERT INTO PERSON (P_ID,ENABLED,EMAIL,FIRSTNAME,LASTNAME,PASSWORD,TELEPHONE,A_ID,CREATED) 
VALUES (535,TRUE,'thomas_stahmer@mail.com','Thomas','Stahmer','ca92ddbb320e5ba3d78ff898445ab385298bb69fd7129e1c05bf30f48e407821ebc2ee3ae372047b',06801111121,432,CURRENT_TIMESTAMP);
INSERT INTO PARENT (P_ID) VALUES (535);
INSERT INTO PERSON (P_ID,ENABLED,EMAIL,FIRSTNAME,LASTNAME,PASSWORD,TELEPHONE,A_ID,CREATED) 
VALUES (536,TRUE,'mario_lutzer@mail.com','Mario','Lotzer','ca92ddbb320e5ba3d78ff898445ab385298bb69fd7129e1c05bf30f48e407821ebc2ee3ae372047b',06801111121,433,CURRENT_TIMESTAMP);
INSERT INTO PARENT (P_ID) VALUES (536);
INSERT INTO PERSON (P_ID,ENABLED,EMAIL,FIRSTNAME,LASTNAME,PASSWORD,TELEPHONE,A_ID,CREATED) 
VALUES (537,TRUE,'philipp_selders@mail.com','Philipp','Selders','ca92ddbb320e5ba3d78ff898445ab385298bb69fd7129e1c05bf30f48e407821ebc2ee3ae372047b',06801111121,434,CURRENT_TIMESTAMP);
INSERT INTO PARENT (P_ID) VALUES (537);
INSERT INTO PERSON (P_ID,ENABLED,EMAIL,FIRSTNAME,LASTNAME,PASSWORD,TELEPHONE,A_ID,CREATED) 
VALUES (538,TRUE,'birgit_rattler@mail.com','Birgit','Rattler','ca92ddbb320e5ba3d78ff898445ab385298bb69fd7129e1c05bf30f48e407821ebc2ee3ae372047b',06801111121,435,CURRENT_TIMESTAMP);
INSERT INTO PARENT (P_ID) VALUES (538);
INSERT INTO PERSON (P_ID,ENABLED,EMAIL,FIRSTNAME,LASTNAME,PASSWORD,TELEPHONE,A_ID,CREATED) 
VALUES (539,TRUE,'vanessa_dentz@mail.com','Vanessa','Dentz','ca92ddbb320e5ba3d78ff898445ab385298bb69fd7129e1c05bf30f48e407821ebc2ee3ae372047b',06801111121,436,CURRENT_TIMESTAMP);
INSERT INTO PARENT (P_ID) VALUES (539);
INSERT INTO PERSON (P_ID,ENABLED,EMAIL,FIRSTNAME,LASTNAME,PASSWORD,TELEPHONE,A_ID,CREATED) 
VALUES (540,TRUE,'leonie_altman@mail.com','Leonie','Altman','ca92ddbb320e5ba3d78ff898445ab385298bb69fd7129e1c05bf30f48e407821ebc2ee3ae372047b',06801111121,437,CURRENT_TIMESTAMP);
INSERT INTO PARENT (P_ID) VALUES (540);
INSERT INTO PERSON (P_ID,ENABLED,EMAIL,FIRSTNAME,LASTNAME,PASSWORD,TELEPHONE,A_ID,CREATED) 
VALUES (541,TRUE,'franziska_zech@mail.com','Franziska','Zech','ca92ddbb320e5ba3d78ff898445ab385298bb69fd7129e1c05bf30f48e407821ebc2ee3ae372047b',06801111121,438,CURRENT_TIMESTAMP);
INSERT INTO PARENT (P_ID) VALUES (541);
INSERT INTO PERSON (P_ID,ENABLED,EMAIL,FIRSTNAME,LASTNAME,PASSWORD,TELEPHONE,A_ID,CREATED) 
VALUES (542,TRUE,'clement_schwendinger@mail.com','Clement','Schwendinger','ca92ddbb320e5ba3d78ff898445ab385298bb69fd7129e1c05bf30f48e407821ebc2ee3ae372047b',06801111121,439,CURRENT_TIMESTAMP);
INSERT INTO PARENT (P_ID) VALUES (542);
INSERT INTO PERSON (P_ID,ENABLED,EMAIL,FIRSTNAME,LASTNAME,PASSWORD,TELEPHONE,A_ID,CREATED) 
VALUES (543,TRUE,'ulrich_dase@mail.com','Ulrich','Dase','ca92ddbb320e5ba3d78ff898445ab385298bb69fd7129e1c05bf30f48e407821ebc2ee3ae372047b',06801111121,440,CURRENT_TIMESTAMP);
INSERT INTO PARENT (P_ID) VALUES (543);
INSERT INTO PERSON (P_ID,ENABLED,EMAIL,FIRSTNAME,LASTNAME,PASSWORD,TELEPHONE,A_ID,CREATED) 
VALUES (544,TRUE,'simon_bunt@mail.com','Simon','Bunt','ca92ddbb320e5ba3d78ff898445ab385298bb69fd7129e1c05bf30f48e407821ebc2ee3ae372047b',06801111121,441,CURRENT_TIMESTAMP);
INSERT INTO PARENT (P_ID) VALUES (544);
INSERT INTO PERSON (P_ID,ENABLED,EMAIL,FIRSTNAME,LASTNAME,PASSWORD,TELEPHONE,A_ID,CREATED) 
VALUES (545,TRUE,'tobias_fissel@mail.com','Tobias','Fissel','ca92ddbb320e5ba3d78ff898445ab385298bb69fd7129e1c05bf30f48e407821ebc2ee3ae372047b',06801111121,442,CURRENT_TIMESTAMP);
INSERT INTO PARENT (P_ID) VALUES (545);
INSERT INTO PERSON (P_ID,ENABLED,EMAIL,FIRSTNAME,LASTNAME,PASSWORD,TELEPHONE,A_ID,CREATED) 
VALUES (546,TRUE,'michael_hemler@mail.com','Michael','Hemler','ca92ddbb320e5ba3d78ff898445ab385298bb69fd7129e1c05bf30f48e407821ebc2ee3ae372047b',06801111121,443,CURRENT_TIMESTAMP);
INSERT INTO PARENT (P_ID) VALUES (546);
INSERT INTO PERSON (P_ID,ENABLED,EMAIL,FIRSTNAME,LASTNAME,PASSWORD,TELEPHONE,A_ID,CREATED) 
VALUES (547,TRUE,'elsa_burg@mail.com','Elsa','Burg','ca92ddbb320e5ba3d78ff898445ab385298bb69fd7129e1c05bf30f48e407821ebc2ee3ae372047b',06801111121,444,CURRENT_TIMESTAMP);
INSERT INTO PARENT (P_ID) VALUES (547);

--Teilnehmer
INSERT INTO PERSON (P_ID,ENABLED,EMAIL,FIRSTNAME,LASTNAME,PASSWORD,TELEPHONE,A_ID, CREATED) 
VALUES (1,TRUE,'franz_mayer@mail.com','Franz','Mayer','ca92ddbb320e5ba3d78ff898445ab385298bb69fd7129e1c05bf30f48e407821ebc2ee3ae372047b',06801111111,446,CURRENT_TIMESTAMP);
INSERT INTO PARTICIPANT (P_ID,BIRTHDAY,PARENT_ID) VALUES (1,'1994-05-07',24);
INSERT INTO PERSON (P_ID,ENABLED,EMAIL,FIRSTNAME,LASTNAME,PASSWORD,TELEPHONE,A_ID, CREATED) 
VALUES (3,TRUE,'miriam_gruber@mail.com','Miriam','Gruber','ca92ddbb320e5ba3d78ff898445ab385298bb69fd7129e1c05bf30f48e407821ebc2ee3ae372047b',06801111111,7,CURRENT_TIMESTAMP);
INSERT INTO PARTICIPANT (P_ID,BIRTHDAY,PARENT_ID) VALUES (3,'1994-04-07',47);
INSERT INTO PERSON (P_ID,ENABLED,EMAIL,FIRSTNAME,LASTNAME,PASSWORD,TELEPHONE,A_ID, CREATED) 
VALUES (4,TRUE,'marika_gruber@mail.com','Marika','Gruber','ca92ddbb320e5ba3d78ff898445ab385298bb69fd7129e1c05bf30f48e407821ebc2ee3ae372047b',06801111111,4,CURRENT_TIMESTAMP);
INSERT INTO PARTICIPANT (P_ID,BIRTHDAY,PARENT_ID) VALUES (4,'1994-08-07',47);
INSERT INTO PERSON (P_ID,ENABLED,EMAIL,FIRSTNAME,LASTNAME,PASSWORD,TELEPHONE,A_ID, CREATED) 
VALUES (5,TRUE,'josef_gruber@mail.com','Josef','Gruber','ca92ddbb320e5ba3d78ff898445ab385298bb69fd7129e1c05bf30f48e407821ebc2ee3ae372047b',06801111111,5,CURRENT_TIMESTAMP);
INSERT INTO PARTICIPANT (P_ID,BIRTHDAY,PARENT_ID) VALUES (5,'1988-01-09',47);
INSERT INTO PERSON (P_ID,ENABLED,EMAIL,FIRSTNAME,LASTNAME,PASSWORD,TELEPHONE,A_ID, CREATED) 
VALUES (8,TRUE,'alexandra_schulz@mail.com','Alexandra','Schulz','ca92ddbb320e5ba3d78ff898445ab385298bb69fd7129e1c05bf30f48e407821ebc2ee3ae372047b',06801111111,8,CURRENT_TIMESTAMP);
INSERT INTO PARTICIPANT (P_ID,BIRTHDAY,PARENT_ID) VALUES (8,'1994-03-29',401);
INSERT INTO PERSON (P_ID,ENABLED,EMAIL,FIRSTNAME,LASTNAME,PASSWORD,TELEPHONE,A_ID, CREATED) 
VALUES (9,TRUE,'philipp_schwab@mail.com','Philipp','Schwab','ca92ddbb320e5ba3d78ff898445ab385298bb69fd7129e1c05bf30f48e407821ebc2ee3ae372047b',06801111111,9,CURRENT_TIMESTAMP);
INSERT INTO PARTICIPANT (P_ID,BIRTHDAY,PARENT_ID) VALUES (9,'1994-05-10',402);
INSERT INTO PERSON (P_ID,ENABLED,EMAIL,FIRSTNAME,LASTNAME,PASSWORD,TELEPHONE,A_ID, CREATED) 
VALUES (10,TRUE,'laura_klein@mail.com','Laura','Klein','ca92ddbb320e5ba3d78ff898445ab385298bb69fd7129e1c05bf30f48e407821ebc2ee3ae372047b',06801111111,10,CURRENT_TIMESTAMP);
INSERT INTO PARTICIPANT (P_ID,BIRTHDAY,PARENT_ID) VALUES (10,'1994-05-06',403);
INSERT INTO PERSON (P_ID,ENABLED,EMAIL,FIRSTNAME,LASTNAME,PASSWORD,TELEPHONE,A_ID, CREATED) 
VALUES (11,TRUE,'katharina_ulm@mail.com','Katharina','Ulm','ca92ddbb320e5ba3d78ff898445ab385298bb69fd7129e1c05bf30f48e407821ebc2ee3ae372047b',06801111111,11,CURRENT_TIMESTAMP);
INSERT INTO PARTICIPANT (P_ID,BIRTHDAY) VALUES (11,'1993-01-12');
INSERT INTO PERSON (P_ID,ENABLED,EMAIL,FIRSTNAME,LASTNAME,PASSWORD,TELEPHONE,A_ID, CREATED) 
VALUES (25,TRUE,'maria_schulzer@mail.com','Maria','Schulzer','ca92ddbb320e5ba3d78ff898445ab385298bb69fd7129e1c05bf30f48e407821ebc2ee3ae372047b',06801111111,23,CURRENT_TIMESTAMP);
INSERT INTO PARTICIPANT (P_ID,BIRTHDAY,PARENT_ID) VALUES (25,'1993-03-29',404);
INSERT INTO PERSON (P_ID,ENABLED,EMAIL,FIRSTNAME,LASTNAME,PASSWORD,TELEPHONE,A_ID, CREATED) 
VALUES (26,TRUE,'lisa_bauer@mail.com','Lisa','Bauer','ca92ddbb320e5ba3d78ff898445ab385298bb69fd7129e1c05bf30f48e407821ebc2ee3ae372047b',06801111111,24,CURRENT_TIMESTAMP);
INSERT INTO PARTICIPANT (P_ID,BIRTHDAY,PARENT_ID) VALUES (26,'1993-05-10',405);
INSERT INTO PERSON (P_ID,ENABLED,EMAIL,FIRSTNAME,LASTNAME,PASSWORD,TELEPHONE,A_ID, CREATED) 
VALUES (27,TRUE,'susanne_kimla@mail.com','Susanne','Kimla','ca92ddbb320e5ba3d78ff898445ab385298bb69fd7129e1c05bf30f48e407821ebc2ee3ae372047b',06801111111,25,CURRENT_TIMESTAMP);
INSERT INTO PARTICIPANT (P_ID,BIRTHDAY,PARENT_ID) VALUES (27,'1994-05-06',406);
INSERT INTO PERSON (P_ID,ENABLED,EMAIL,FIRSTNAME,LASTNAME,PASSWORD,TELEPHONE,A_ID, CREATED) 
VALUES (28,TRUE,'eva_lichtenberg@mail.com','Eva','Lichtenberg','ca92ddbb320e5ba3d78ff898445ab385298bb69fd7129e1c05bf30f48e407821ebc2ee3ae372047b',06801111111,26,CURRENT_TIMESTAMP);
INSERT INTO PARTICIPANT (P_ID,BIRTHDAY) VALUES (28,'1993-01-12');
INSERT INTO PERSON (P_ID,ENABLED,EMAIL,FIRSTNAME,LASTNAME,PASSWORD,TELEPHONE,A_ID, CREATED) 
VALUES (29,TRUE,'lukas_rusch@mail.com','Lukas','Rusch','ca92ddbb320e5ba3d78ff898445ab385298bb69fd7129e1c05bf30f48e407821ebc2ee3ae372047b',06801111111,27,CURRENT_TIMESTAMP);
INSERT INTO PARTICIPANT (P_ID,BIRTHDAY) VALUES (29,'1994-03-29');
INSERT INTO PERSON (P_ID,ENABLED,EMAIL,FIRSTNAME,LASTNAME,PASSWORD,TELEPHONE,A_ID, CREATED) 
VALUES (30,TRUE,'thomas_schauer@mail.com','Thomas','Schauer','ca92ddbb320e5ba3d78ff898445ab385298bb69fd7129e1c05bf30f48e407821ebc2ee3ae372047b',06801111111,28,CURRENT_TIMESTAMP);
INSERT INTO PARTICIPANT (P_ID,BIRTHDAY) VALUES (30,'1995-05-10');
INSERT INTO PERSON (P_ID,ENABLED,EMAIL,FIRSTNAME,LASTNAME,PASSWORD,TELEPHONE,A_ID, CREATED) 
VALUES (31,TRUE,'elena_wimmer@mail.com','Elena','Wimmer','ca92ddbb320e5ba3d78ff898445ab385298bb69fd7129e1c05bf30f48e407821ebc2ee3ae372047b',06801111111,29,CURRENT_TIMESTAMP);
INSERT INTO PARTICIPANT (P_ID,BIRTHDAY) VALUES (31,'1994-05-06');
INSERT INTO PERSON (P_ID,ENABLED,EMAIL,FIRSTNAME,LASTNAME,PASSWORD,TELEPHONE,A_ID, CREATED) 
VALUES (32,TRUE,'francesca_barbach@mail.com','Francesca','Barbach','ca92ddbb320e5ba3d78ff898445ab385298bb69fd7129e1c05bf30f48e407821ebc2ee3ae372047b',06801111111,30,CURRENT_TIMESTAMP);
INSERT INTO PARTICIPANT (P_ID,BIRTHDAY) VALUES (32,'1993-01-12');
INSERT INTO PERSON (P_ID,ENABLED,EMAIL,FIRSTNAME,LASTNAME,PASSWORD,TELEPHONE,A_ID, CREATED) 
VALUES (33,TRUE,'anna_nigl@mail.com','Anna','Nigl','ca92ddbb320e5ba3d78ff898445ab385298bb69fd7129e1c05bf30f48e407821ebc2ee3ae372047b',06801111111,31,CURRENT_TIMESTAMP);
INSERT INTO PARTICIPANT (P_ID,BIRTHDAY) VALUES (33,'1995-03-29');
INSERT INTO PERSON (P_ID,ENABLED,EMAIL,FIRSTNAME,LASTNAME,PASSWORD,TELEPHONE,A_ID, CREATED) 
VALUES (34,TRUE,'fabian_schwab@mail.com','Fabian','Schwab','ca92ddbb320e5ba3d78ff898445ab385298bb69fd7129e1c05bf30f48e407821ebc2ee3ae372047b',06801111111,32,CURRENT_TIMESTAMP);
INSERT INTO PARTICIPANT (P_ID,BIRTHDAY) VALUES (34,'1995-05-10');
INSERT INTO PERSON (P_ID,ENABLED,EMAIL,FIRSTNAME,LASTNAME,PASSWORD,TELEPHONE,A_ID, CREATED) 
VALUES (35,TRUE,'lovelyn_johnson@mail.com','Lovelyn','Johnson','ca92ddbb320e5ba3d78ff898445ab385298bb69fd7129e1c05bf30f48e407821ebc2ee3ae372047b',06801111111,33,CURRENT_TIMESTAMP);
INSERT INTO PARTICIPANT (P_ID,BIRTHDAY) VALUES (35,'1994-05-06');
INSERT INTO PERSON (P_ID,ENABLED,EMAIL,FIRSTNAME,LASTNAME,PASSWORD,TELEPHONE,A_ID, CREATED) 
VALUES (36,TRUE,'linda_ritter@mail.com','Linda','Ritter','ca92ddbb320e5ba3d78ff898445ab385298bb69fd7129e1c05bf30f48e407821ebc2ee3ae372047b',06801111111,34,CURRENT_TIMESTAMP);
INSERT INTO PARTICIPANT (P_ID,BIRTHDAY) VALUES (36,'1993-01-12');
INSERT INTO PERSON (P_ID,ENABLED,EMAIL,FIRSTNAME,LASTNAME,PASSWORD,TELEPHONE,A_ID, CREATED) 
VALUES (37,TRUE,'valerie_winter@mail.com','Valerie','Winter','ca92ddbb320e5ba3d78ff898445ab385298bb69fd7129e1c05bf30f48e407821ebc2ee3ae372047b',06801111111,35,CURRENT_TIMESTAMP);
INSERT INTO PARTICIPANT (P_ID,BIRTHDAY) VALUES (37,'1995-03-29');
INSERT INTO PERSON (P_ID,ENABLED,EMAIL,FIRSTNAME,LASTNAME,PASSWORD,TELEPHONE,A_ID, CREATED) 
VALUES (38,TRUE,'sonja_sommer@mail.com','Sonja','Sommer','ca92ddbb320e5ba3d78ff898445ab385298bb69fd7129e1c05bf30f48e407821ebc2ee3ae372047b',06801111111,36,CURRENT_TIMESTAMP);
INSERT INTO PARTICIPANT (P_ID,BIRTHDAY) VALUES (38,'1995-05-10');
INSERT INTO PERSON (P_ID,ENABLED,EMAIL,FIRSTNAME,LASTNAME,PASSWORD,TELEPHONE,A_ID, CREATED) 
VALUES (39,TRUE,'hanna_breitenecker@mail.com','Hanna','Breitenecker','ca92ddbb320e5ba3d78ff898445ab385298bb69fd7129e1c05bf30f48e407821ebc2ee3ae372047b',06801111111,37,CURRENT_TIMESTAMP);
INSERT INTO PARTICIPANT (P_ID,BIRTHDAY) VALUES (39,'1994-05-06');
INSERT INTO PERSON (P_ID,ENABLED,EMAIL,FIRSTNAME,LASTNAME,PASSWORD,TELEPHONE,A_ID, CREATED) 
VALUES (40,TRUE,'isabella_tanne@mail.com','Isabella','Tanne','ca92ddbb320e5ba3d78ff898445ab385298bb69fd7129e1c05bf30f48e407821ebc2ee3ae372047b',06801111111,38,CURRENT_TIMESTAMP);
INSERT INTO PARTICIPANT (P_ID,BIRTHDAY) VALUES (40,'1993-01-12');
INSERT INTO PERSON (P_ID,ENABLED,EMAIL,FIRSTNAME,LASTNAME,PASSWORD,TELEPHONE,A_ID, CREATED) 
VALUES (41,TRUE,'hans_bachner@mail.com','Hans','Bachner','ca92ddbb320e5ba3d78ff898445ab385298bb69fd7129e1c05bf30f48e407821ebc2ee3ae372047b',06801111111,39,CURRENT_TIMESTAMP);
INSERT INTO PARTICIPANT (P_ID,BIRTHDAY) VALUES (41,'1994-03-29');
INSERT INTO PERSON (P_ID,ENABLED,EMAIL,FIRSTNAME,LASTNAME,PASSWORD,TELEPHONE,A_ID, CREATED) 
VALUES (42,TRUE,'karin_hartl@mail.com','Karin','Hartl','ca92ddbb320e5ba3d78ff898445ab385298bb69fd7129e1c05bf30f48e407821ebc2ee3ae372047b',06801111111,40,CURRENT_TIMESTAMP);
INSERT INTO PARTICIPANT (P_ID,BIRTHDAY) VALUES (42,'1997-05-10');
INSERT INTO PERSON (P_ID,ENABLED,EMAIL,FIRSTNAME,LASTNAME,PASSWORD,TELEPHONE,A_ID, CREATED) 
VALUES (43,TRUE,'caroline_slabina@mail.com','Caroline','Slabina','ca92ddbb320e5ba3d78ff898445ab385298bb69fd7129e1c05bf30f48e407821ebc2ee3ae372047b',06801111111,41,CURRENT_TIMESTAMP);
INSERT INTO PARTICIPANT (P_ID,BIRTHDAY) VALUES (43,'1996-05-06');
INSERT INTO PERSON (P_ID,ENABLED,EMAIL,FIRSTNAME,LASTNAME,PASSWORD,TELEPHONE,A_ID, CREATED) 
VALUES (44,TRUE,'rebekka_boandl@mail.com','Rebekka','Boandl','ca92ddbb320e5ba3d78ff898445ab385298bb69fd7129e1c05bf30f48e407821ebc2ee3ae372047b',06801111111,42,CURRENT_TIMESTAMP);
INSERT INTO PARTICIPANT (P_ID,BIRTHDAY) VALUES (44,'1993-01-12');
INSERT INTO PERSON (P_ID,ENABLED,EMAIL,FIRSTNAME,LASTNAME,PASSWORD,TELEPHONE,A_ID, CREATED) 
VALUES (45,TRUE,'paula_boandl@mail.com','Paula','Boandl','ca92ddbb320e5ba3d78ff898445ab385298bb69fd7129e1c05bf30f48e407821ebc2ee3ae372047b',06801111111,43,CURRENT_TIMESTAMP);
INSERT INTO PARTICIPANT (P_ID,BIRTHDAY) VALUES (45,'1994-03-29');
INSERT INTO PERSON (P_ID,ENABLED,EMAIL,FIRSTNAME,LASTNAME,PASSWORD,TELEPHONE,A_ID, CREATED) 
VALUES (46,TRUE,'emil_nowotny@mail.com','Emil','Nowotny','ca92ddbb320e5ba3d78ff898445ab385298bb69fd7129e1c05bf30f48e407821ebc2ee3ae372047b',06801111111,44,CURRENT_TIMESTAMP);
INSERT INTO PARTICIPANT (P_ID,BIRTHDAY) VALUES (46,'1992-05-10');
INSERT INTO PERSON (P_ID,ENABLED,EMAIL,FIRSTNAME,LASTNAME,PASSWORD,TELEPHONE,A_ID, CREATED) 
VALUES (48,TRUE,'basti_bast@mail.com','Basti','Bast','ca92ddbb320e5ba3d78ff898445ab385298bb69fd7129e1c05bf30f48e407821ebc2ee3ae372047b',06801111111,46,CURRENT_TIMESTAMP);
INSERT INTO PARTICIPANT (P_ID,BIRTHDAY) VALUES (48,'1991-05-07');
INSERT INTO PERSON (P_ID,ENABLED,EMAIL,FIRSTNAME,LASTNAME,PASSWORD,TELEPHONE,A_ID, CREATED) 
VALUES (49,TRUE,'richie_rich@mail.com','Richie','Rich','ca92ddbb320e5ba3d78ff898445ab385298bb69fd7129e1c05bf30f48e407821ebc2ee3ae372047b',06801111111,47,CURRENT_TIMESTAMP);
INSERT INTO PARTICIPANT (P_ID,BIRTHDAY) VALUES (49,'1992-05-05');
INSERT INTO PERSON (P_ID,ENABLED,EMAIL,FIRSTNAME,LASTNAME,PASSWORD,TELEPHONE,A_ID, CREATED) 
VALUES (50,TRUE,'isabella_linde@mail.com','Isabella','Linde','ca92ddbb320e5ba3d78ff898445ab385298bb69fd7129e1c05bf30f48e407821ebc2ee3ae372047b',06801111111,48,CURRENT_TIMESTAMP);
INSERT INTO PARTICIPANT (P_ID,BIRTHDAY) VALUES (50,'1993-01-12');
INSERT INTO PERSON (P_ID,ENABLED,EMAIL,FIRSTNAME,LASTNAME,PASSWORD,TELEPHONE,A_ID, CREATED) 
VALUES (51,TRUE,'johann_bachling@mail.com','Johann','Bachling','ca92ddbb320e5ba3d78ff898445ab385298bb69fd7129e1c05bf30f48e407821ebc2ee3ae372047b',06801111111,49,CURRENT_TIMESTAMP);
INSERT INTO PARTICIPANT (P_ID,BIRTHDAY) VALUES (51,'1992-03-29');
INSERT INTO PERSON (P_ID,ENABLED,EMAIL,FIRSTNAME,LASTNAME,PASSWORD,TELEPHONE,A_ID, CREATED) 
VALUES (52,TRUE,'karin_lenth@mail.com','Karin','Lentz','ca92ddbb320e5ba3d78ff898445ab385298bb69fd7129e1c05bf30f48e407821ebc2ee3ae372047b',06801111111,50,CURRENT_TIMESTAMP);
INSERT INTO PARTICIPANT (P_ID,BIRTHDAY) VALUES (52,'1992-05-10');
INSERT INTO PERSON (P_ID,ENABLED,EMAIL,FIRSTNAME,LASTNAME,PASSWORD,TELEPHONE,A_ID, CREATED) 
VALUES (53,TRUE,'caroline_trummel@mail.com','Caroline','Trummel','ca92ddbb320e5ba3d78ff898445ab385298bb69fd7129e1c05bf30f48e407821ebc2ee3ae372047b',06801111111,51,CURRENT_TIMESTAMP);
INSERT INTO PARTICIPANT (P_ID,BIRTHDAY) VALUES (53,'1992-05-06');
INSERT INTO PERSON (P_ID,ENABLED,EMAIL,FIRSTNAME,LASTNAME,PASSWORD,TELEPHONE,A_ID, CREATED) 
VALUES (54,TRUE,'rebekka_horn@mail.com','Rebekka','Horn','ca92ddbb320e5ba3d78ff898445ab385298bb69fd7129e1c05bf30f48e407821ebc2ee3ae372047b',06801111111,52,CURRENT_TIMESTAMP);
INSERT INTO PARTICIPANT (P_ID,BIRTHDAY) VALUES (54,'1993-01-12');
INSERT INTO PERSON (P_ID,ENABLED,EMAIL,FIRSTNAME,LASTNAME,PASSWORD,TELEPHONE,A_ID, CREATED) 
VALUES (55,TRUE,'paula_pammer@mail.com','Paula','Pammer','ca92ddbb320e5ba3d78ff898445ab385298bb69fd7129e1c05bf30f48e407821ebc2ee3ae372047b',06801111111,53,CURRENT_TIMESTAMP);
INSERT INTO PARTICIPANT (P_ID,BIRTHDAY) VALUES (55,'1994-03-29');
INSERT INTO PERSON (P_ID,ENABLED,EMAIL,FIRSTNAME,LASTNAME,PASSWORD,TELEPHONE,A_ID, CREATED) 
VALUES (56,TRUE,'emil_strumpf@mail.com','Emil','Strumpf','ca92ddbb320e5ba3d78ff898445ab385298bb69fd7129e1c05bf30f48e407821ebc2ee3ae372047b',06801111111,54,CURRENT_TIMESTAMP);
INSERT INTO PARTICIPANT (P_ID,BIRTHDAY) VALUES (56,'1994-05-10');
INSERT INTO PERSON (P_ID,ENABLED,EMAIL,FIRSTNAME,LASTNAME,PASSWORD,TELEPHONE,A_ID, CREATED) 
VALUES (57,TRUE,'sebastian_kasenwart@mail.com','Sebastian','Kasenwart','ca92ddbb320e5ba3d78ff898445ab385298bb69fd7129e1c05bf30f48e407821ebc2ee3ae372047b',06801111111,55,CURRENT_TIMESTAMP);
INSERT INTO PARTICIPANT (P_ID,BIRTHDAY) VALUES (57,'1993-05-07');
INSERT INTO PERSON (P_ID,ENABLED,EMAIL,FIRSTNAME,LASTNAME,PASSWORD,TELEPHONE,A_ID, CREATED) 
VALUES (58,TRUE,'tobias_ludwig@mail.com','Tobias','Ludwig','ca92ddbb320e5ba3d78ff898445ab385298bb69fd7129e1c05bf30f48e407821ebc2ee3ae372047b',06801111111,56,CURRENT_TIMESTAMP);
INSERT INTO PARTICIPANT (P_ID,BIRTHDAY) VALUES (58,'1991-05-07');
INSERT INTO PERSON (P_ID,ENABLED,EMAIL,FIRSTNAME,LASTNAME,PASSWORD,TELEPHONE,A_ID, CREATED) 
VALUES (59,TRUE,'richard_gerber@mail.com','Richard','Gerber','ca92ddbb320e5ba3d78ff898445ab385298bb69fd7129e1c05bf30f48e407821ebc2ee3ae372047b',06801111111,57,CURRENT_TIMESTAMP);
INSERT INTO PARTICIPANT (P_ID,BIRTHDAY) VALUES (59,'1993-05-05');
INSERT INTO PERSON (P_ID,ENABLED,EMAIL,FIRSTNAME,LASTNAME,PASSWORD,TELEPHONE,A_ID, CREATED) 
VALUES (60,TRUE,'lukas_eisenhower@mail.com','Lukas','Eisenhower','ca92ddbb320e5ba3d78ff898445ab385298bb69fd7129e1c05bf30f48e407821ebc2ee3ae372047b',06801111111,58,CURRENT_TIMESTAMP);
INSERT INTO PARTICIPANT (P_ID,BIRTHDAY) VALUES (60,'1993-01-12');
INSERT INTO PERSON (P_ID,ENABLED,EMAIL,FIRSTNAME,LASTNAME,PASSWORD,TELEPHONE,A_ID, CREATED) 
VALUES (61,TRUE,'max_herrmann@mail.com','Maximilan','Herrmann','ca92ddbb320e5ba3d78ff898445ab385298bb69fd7129e1c05bf30f48e407821ebc2ee3ae372047b',06801111111,59,CURRENT_TIMESTAMP);
INSERT INTO PARTICIPANT (P_ID,BIRTHDAY) VALUES (61,'1993-03-29');
INSERT INTO PERSON (P_ID,ENABLED,EMAIL,FIRSTNAME,LASTNAME,PASSWORD,TELEPHONE,A_ID, CREATED) 
VALUES (62,TRUE,'laura_werner@mail.com','Laura','Werner','ca92ddbb320e5ba3d78ff898445ab385298bb69fd7129e1c05bf30f48e407821ebc2ee3ae372047b',06801111111,60,CURRENT_TIMESTAMP);
INSERT INTO PARTICIPANT (P_ID,BIRTHDAY) VALUES (62,'1993-05-10');
INSERT INTO PERSON (P_ID,ENABLED,EMAIL,FIRSTNAME,LASTNAME,PASSWORD,TELEPHONE,A_ID, CREATED) 
VALUES (63,TRUE,'ute_weiss@mail.com','Ute','Weiss','ca92ddbb320e5ba3d78ff898445ab385298bb69fd7129e1c05bf30f48e407821ebc2ee3ae372047b',06801111111,61,CURRENT_TIMESTAMP);
INSERT INTO PARTICIPANT (P_ID,BIRTHDAY) VALUES (63,'1993-05-06');
INSERT INTO PERSON (P_ID,ENABLED,EMAIL,FIRSTNAME,LASTNAME,PASSWORD,TELEPHONE,A_ID, CREATED) 
VALUES (64,TRUE,'jess_rothstein@mail.com','Jessika','Rothstein','ca92ddbb320e5ba3d78ff898445ab385298bb69fd7129e1c05bf30f48e407821ebc2ee3ae372047b',06801111111,62,CURRENT_TIMESTAMP);
INSERT INTO PARTICIPANT (P_ID,BIRTHDAY) VALUES (64,'1993-01-12');
INSERT INTO PERSON (P_ID,ENABLED,EMAIL,FIRSTNAME,LASTNAME,PASSWORD,TELEPHONE,A_ID, CREATED) 
VALUES (65,TRUE,'jana_schmid@mail.com','Jana','Schmid','ca92ddbb320e5ba3d78ff898445ab385298bb69fd7129e1c05bf30f48e407821ebc2ee3ae372047b',06801111111,63,CURRENT_TIMESTAMP);
INSERT INTO PARTICIPANT (P_ID,BIRTHDAY) VALUES (65,'1991-03-29');
INSERT INTO PERSON (P_ID,ENABLED,EMAIL,FIRSTNAME,LASTNAME,PASSWORD,TELEPHONE,A_ID, CREATED) 
VALUES (66,TRUE,'laura_kuster@mail.com','Laura','Kuster','ca92ddbb320e5ba3d78ff898445ab385298bb69fd7129e1c05bf30f48e407821ebc2ee3ae372047b',06801111111,64,CURRENT_TIMESTAMP);
INSERT INTO PARTICIPANT (P_ID,BIRTHDAY) VALUES (66,'1991-05-10');
INSERT INTO PERSON (P_ID,ENABLED,EMAIL,FIRSTNAME,LASTNAME,PASSWORD,TELEPHONE,A_ID, CREATED) 
VALUES (67,TRUE,'brigitte_pfeffer@mail.com','Brigitte','Pfeffer','ca92ddbb320e5ba3d78ff898445ab385298bb69fd7129e1c05bf30f48e407821ebc2ee3ae372047b',06801111111,65,CURRENT_TIMESTAMP);
INSERT INTO PARTICIPANT (P_ID,BIRTHDAY) VALUES (67,'1991-05-07');
INSERT INTO PERSON (P_ID,ENABLED,EMAIL,FIRSTNAME,LASTNAME,PASSWORD,TELEPHONE,A_ID, CREATED) 
VALUES (68,TRUE,'anja_eichelberger@mail.com','Anja','Eichelberger','ca92ddbb320e5ba3d78ff898445ab385298bb69fd7129e1c05bf30f48e407821ebc2ee3ae372047b',06801111111,66,CURRENT_TIMESTAMP);
INSERT INTO PARTICIPANT (P_ID,BIRTHDAY) VALUES (68,'1991-05-07');
INSERT INTO PERSON (P_ID,ENABLED,EMAIL,FIRSTNAME,LASTNAME,PASSWORD,TELEPHONE,A_ID, CREATED) 
VALUES (69,TRUE,'karolin_reinhardt@mail.com','Karolin','Reinhardt','ca92ddbb320e5ba3d78ff898445ab385298bb69fd7129e1c05bf30f48e407821ebc2ee3ae372047b',06801111111,67,CURRENT_TIMESTAMP);
INSERT INTO PARTICIPANT (P_ID,BIRTHDAY) VALUES (69,'1996-05-05');
INSERT INTO PERSON (P_ID,ENABLED,EMAIL,FIRSTNAME,LASTNAME,PASSWORD,TELEPHONE,A_ID, CREATED) 
VALUES (70,TRUE,'ute_busch@mail.com','Ute','Busch','ca92ddbb320e5ba3d78ff898445ab385298bb69fd7129e1c05bf30f48e407821ebc2ee3ae372047b',06801111111,68,CURRENT_TIMESTAMP);
INSERT INTO PARTICIPANT (P_ID,BIRTHDAY) VALUES (70,'1993-01-12');
INSERT INTO PERSON (P_ID,ENABLED,EMAIL,FIRSTNAME,LASTNAME,PASSWORD,TELEPHONE,A_ID, CREATED) 
VALUES (71,TRUE,'kevin_wagner@mail.com','Kevin','Wagner','ca92ddbb320e5ba3d78ff898445ab385298bb69fd7129e1c05bf30f48e407821ebc2ee3ae372047b',06801111111,69,CURRENT_TIMESTAMP);
INSERT INTO PARTICIPANT (P_ID,BIRTHDAY) VALUES (71,'1993-03-29');
INSERT INTO PERSON (P_ID,ENABLED,EMAIL,FIRSTNAME,LASTNAME,PASSWORD,TELEPHONE,A_ID, CREATED) 
VALUES (72,TRUE,'sofia_wagner@mail.com','Sofia','Wagner','ca92ddbb320e5ba3d78ff898445ab385298bb69fd7129e1c05bf30f48e407821ebc2ee3ae372047b',06801111111,70,CURRENT_TIMESTAMP);
INSERT INTO PARTICIPANT (P_ID,BIRTHDAY) VALUES (72,'1993-05-10');
INSERT INTO PERSON (P_ID,ENABLED,EMAIL,FIRSTNAME,LASTNAME,PASSWORD,TELEPHONE,A_ID, CREATED) 
VALUES (73,TRUE,'sarah_hoffmann@mail.com','Sarah','Hoffmann','ca92ddbb320e5ba3d78ff898445ab385298bb69fd7129e1c05bf30f48e407821ebc2ee3ae372047b',06801111111,71,CURRENT_TIMESTAMP);
INSERT INTO PARTICIPANT (P_ID,BIRTHDAY) VALUES (73,'1993-05-06');
INSERT INTO PERSON (P_ID,ENABLED,EMAIL,FIRSTNAME,LASTNAME,PASSWORD,TELEPHONE,A_ID, CREATED) 
VALUES (74,TRUE,'birgit_muller@mail.com','Birgit','Muller','ca92ddbb320e5ba3d78ff898445ab385298bb69fd7129e1c05bf30f48e407821ebc2ee3ae372047b',06801111111,72,CURRENT_TIMESTAMP);
INSERT INTO PARTICIPANT (P_ID,BIRTHDAY) VALUES (74,'1993-01-12');
INSERT INTO PERSON (P_ID,ENABLED,EMAIL,FIRSTNAME,LASTNAME,PASSWORD,TELEPHONE,A_ID, CREATED) 
VALUES (75,TRUE,'petra_mayer@mail.com','Petra','Mayer','ca92ddbb320e5ba3d78ff898445ab385298bb69fd7129e1c05bf30f48e407821ebc2ee3ae372047b',06801111111,73,CURRENT_TIMESTAMP);
INSERT INTO PARTICIPANT (P_ID,BIRTHDAY) VALUES (75,'1994-03-29');
INSERT INTO PERSON (P_ID,ENABLED,EMAIL,FIRSTNAME,LASTNAME,PASSWORD,TELEPHONE,A_ID, CREATED) 
VALUES (76,TRUE,'tanje_schweitzer@mail.com','Tanja','Schweitzer','ca92ddbb320e5ba3d78ff898445ab385298bb69fd7129e1c05bf30f48e407821ebc2ee3ae372047b',06801111111,74,CURRENT_TIMESTAMP);
INSERT INTO PARTICIPANT (P_ID,BIRTHDAY) VALUES (76,'1994-05-10');
INSERT INTO PERSON (P_ID,ENABLED,EMAIL,FIRSTNAME,LASTNAME,PASSWORD,TELEPHONE,A_ID, CREATED) 
VALUES (77,TRUE,'doreen_adler@mail.com','Doreen','Adler','ca92ddbb320e5ba3d78ff898445ab385298bb69fd7129e1c05bf30f48e407821ebc2ee3ae372047b',06801111111,75,CURRENT_TIMESTAMP);
INSERT INTO PARTICIPANT (P_ID,BIRTHDAY) VALUES (77,'1991-05-07');
INSERT INTO PERSON (P_ID,ENABLED,EMAIL,FIRSTNAME,LASTNAME,PASSWORD,TELEPHONE,A_ID, CREATED) 
VALUES (78,TRUE,'vanessa_kalb@mail.com','Vanessa','Kalb','ca92ddbb320e5ba3d78ff898445ab385298bb69fd7129e1c05bf30f48e407821ebc2ee3ae372047b',06801111111,76,CURRENT_TIMESTAMP);
INSERT INTO PARTICIPANT (P_ID,BIRTHDAY) VALUES (78,'1994-05-07');
INSERT INTO PERSON (P_ID,ENABLED,EMAIL,FIRSTNAME,LASTNAME,PASSWORD,TELEPHONE,A_ID, CREATED) 
VALUES (79,TRUE,'katja_schultheiss@mail.com','Katja','Schultheiss','ca92ddbb320e5ba3d78ff898445ab385298bb69fd7129e1c05bf30f48e407821ebc2ee3ae372047b',06801111111,77,CURRENT_TIMESTAMP);
INSERT INTO PARTICIPANT (P_ID,BIRTHDAY) VALUES (79,'1993-05-05');
INSERT INTO PERSON (P_ID,ENABLED,EMAIL,FIRSTNAME,LASTNAME,PASSWORD,TELEPHONE,A_ID, CREATED) 
VALUES (80,TRUE,'flo_meister@mail.com','Florian','Meister','ca92ddbb320e5ba3d78ff898445ab385298bb69fd7129e1c05bf30f48e407821ebc2ee3ae372047b',06801111111,78,CURRENT_TIMESTAMP);
INSERT INTO PARTICIPANT (P_ID,BIRTHDAY) VALUES (80,'1993-01-12');
INSERT INTO PERSON (P_ID,ENABLED,EMAIL,FIRSTNAME,LASTNAME,PASSWORD,TELEPHONE,A_ID, CREATED) 
VALUES (81,TRUE,'angelika_faust@mail.com','Angelika','Faust','ca92ddbb320e5ba3d78ff898445ab385298bb69fd7129e1c05bf30f48e407821ebc2ee3ae372047b',06801111111,79,CURRENT_TIMESTAMP);
INSERT INTO PARTICIPANT (P_ID,BIRTHDAY) VALUES (81,'1994-03-29');
INSERT INTO PERSON (P_ID,ENABLED,EMAIL,FIRSTNAME,LASTNAME,PASSWORD,TELEPHONE,A_ID, CREATED) 
VALUES (82,TRUE,'marina_kruger@mail.com','Marina','Kruger','ca92ddbb320e5ba3d78ff898445ab385298bb69fd7129e1c05bf30f48e407821ebc2ee3ae372047b',06801111111,80,CURRENT_TIMESTAMP);
INSERT INTO PARTICIPANT (P_ID,BIRTHDAY) VALUES (82,'1994-05-10');
INSERT INTO PERSON (P_ID,ENABLED,EMAIL,FIRSTNAME,LASTNAME,PASSWORD,TELEPHONE,A_ID, CREATED) 
VALUES (83,TRUE,'caroline_engel@mail.com','Caroline','Engel','ca92ddbb320e5ba3d78ff898445ab385298bb69fd7129e1c05bf30f48e407821ebc2ee3ae372047b',06801111111,81,CURRENT_TIMESTAMP);
INSERT INTO PARTICIPANT (P_ID,BIRTHDAY) VALUES (83,'1993-05-06');
INSERT INTO PERSON (P_ID,ENABLED,EMAIL,FIRSTNAME,LASTNAME,PASSWORD,TELEPHONE,A_ID, CREATED) 
VALUES (84,TRUE,'rebekka_bandner@mail.com','Rebekka','Bandner','ca92ddbb320e5ba3d78ff898445ab385298bb69fd7129e1c05bf30f48e407821ebc2ee3ae372047b',06801111111,82,CURRENT_TIMESTAMP);
INSERT INTO PARTICIPANT (P_ID,BIRTHDAY) VALUES (84,'1993-01-12');
INSERT INTO PERSON (P_ID,ENABLED,EMAIL,FIRSTNAME,LASTNAME,PASSWORD,TELEPHONE,A_ID, CREATED) 
VALUES (85,TRUE,'paula_lassinger@mail.com','Paula','Lassinger','ca92ddbb320e5ba3d78ff898445ab385298bb69fd7129e1c05bf30f48e407821ebc2ee3ae372047b',06801111111,83,CURRENT_TIMESTAMP);
INSERT INTO PARTICIPANT (P_ID,BIRTHDAY) VALUES (85,'1993-03-29');
INSERT INTO PERSON (P_ID,ENABLED,EMAIL,FIRSTNAME,LASTNAME,PASSWORD,TELEPHONE,A_ID, CREATED) 
VALUES (86,TRUE,'emil_heisse@mail.com','Emil','Heisse','ca92ddbb320e5ba3d78ff898445ab385298bb69fd7129e1c05bf30f48e407821ebc2ee3ae372047b',06801111111,84,CURRENT_TIMESTAMP);
INSERT INTO PARTICIPANT (P_ID,BIRTHDAY) VALUES (86,'1994-05-10');
INSERT INTO PERSON (P_ID,ENABLED,EMAIL,FIRSTNAME,LASTNAME,PASSWORD,TELEPHONE,A_ID, CREATED) 
VALUES (87,TRUE,'lukas_freeh@mail.com','Lukas','Freeh','ca92ddbb320e5ba3d78ff898445ab385298bb69fd7129e1c05bf30f48e407821ebc2ee3ae372047b',06801111111,85,CURRENT_TIMESTAMP);
INSERT INTO PARTICIPANT (P_ID,BIRTHDAY) VALUES (87,'1991-05-07');
INSERT INTO PERSON (P_ID,ENABLED,EMAIL,FIRSTNAME,LASTNAME,PASSWORD,TELEPHONE,A_ID, CREATED) 
VALUES (88,TRUE,'angi_holtzmann@mail.com','Angi','Holtzmann','ca92ddbb320e5ba3d78ff898445ab385298bb69fd7129e1c05bf30f48e407821ebc2ee3ae372047b',06801111111,86,CURRENT_TIMESTAMP);
INSERT INTO PARTICIPANT (P_ID,BIRTHDAY) VALUES (88,'1991-05-07');
INSERT INTO PERSON (P_ID,ENABLED,EMAIL,FIRSTNAME,LASTNAME,PASSWORD,TELEPHONE,A_ID, CREATED) 
VALUES (89,TRUE,'karolin_freitag@mail.com','Karolin','Freitag','ca92ddbb320e5ba3d78ff898445ab385298bb69fd7129e1c05bf30f48e407821ebc2ee3ae372047b',06801111111,87,CURRENT_TIMESTAMP);
INSERT INTO PARTICIPANT (P_ID,BIRTHDAY) VALUES (89,'1994-05-05');
INSERT INTO PERSON (P_ID,ENABLED,EMAIL,FIRSTNAME,LASTNAME,PASSWORD,TELEPHONE,A_ID, CREATED) 
VALUES (90,TRUE,'isabella_feige@mail.com','Isabella','Feige','ca92ddbb320e5ba3d78ff898445ab385298bb69fd7129e1c05bf30f48e407821ebc2ee3ae372047b',06801111111,88,CURRENT_TIMESTAMP);
INSERT INTO PARTICIPANT (P_ID,BIRTHDAY) VALUES (90,'1993-01-12');
INSERT INTO PERSON (P_ID,ENABLED,EMAIL,FIRSTNAME,LASTNAME,PASSWORD,TELEPHONE,A_ID, CREATED) 
VALUES (91,TRUE,'hans_ulm@mail.com','Hans','Ulm','ca92ddbb320e5ba3d78ff898445ab385298bb69fd7129e1c05bf30f48e407821ebc2ee3ae372047b',06801111111,89,CURRENT_TIMESTAMP);
INSERT INTO PARTICIPANT (P_ID,BIRTHDAY) VALUES (91,'1995-03-29');
INSERT INTO PERSON (P_ID,ENABLED,EMAIL,FIRSTNAME,LASTNAME,PASSWORD,TELEPHONE,A_ID, CREATED) 
VALUES (92,TRUE,'karin_kunst@mail.com','Karin','Kunst','ca92ddbb320e5ba3d78ff898445ab385298bb69fd7129e1c05bf30f48e407821ebc2ee3ae372047b',06801111111,90,CURRENT_TIMESTAMP);
INSERT INTO PARTICIPANT (P_ID,BIRTHDAY) VALUES (92,'1995-05-10');
INSERT INTO PERSON (P_ID,ENABLED,EMAIL,FIRSTNAME,LASTNAME,PASSWORD,TELEPHONE,A_ID, CREATED) 
VALUES (93,TRUE,'caroline_grassinger@mail.com','Caroline','Grassinger','ca92ddbb320e5ba3d78ff898445ab385298bb69fd7129e1c05bf30f48e407821ebc2ee3ae372047b',06801111111,91,CURRENT_TIMESTAMP);
INSERT INTO PARTICIPANT (P_ID,BIRTHDAY) VALUES (93,'1994-05-06');
INSERT INTO PERSON (P_ID,ENABLED,EMAIL,FIRSTNAME,LASTNAME,PASSWORD,TELEPHONE,A_ID, CREATED) 
VALUES (94,TRUE,'johanna_schuster@mail.com','Johanna','Schuster','ca92ddbb320e5ba3d78ff898445ab385298bb69fd7129e1c05bf30f48e407821ebc2ee3ae372047b',06801111111,92,CURRENT_TIMESTAMP);
INSERT INTO PARTICIPANT (P_ID,BIRTHDAY) VALUES (94,'1993-01-12');
INSERT INTO PERSON (P_ID,ENABLED,EMAIL,FIRSTNAME,LASTNAME,PASSWORD,TELEPHONE,A_ID, CREATED) 
VALUES (95,TRUE,'jessica_freud@mail.com','Jessica','Freud','ca92ddbb320e5ba3d78ff898445ab385298bb69fd7129e1c05bf30f48e407821ebc2ee3ae372047b',06801111111,93,CURRENT_TIMESTAMP);
INSERT INTO PARTICIPANT (P_ID,BIRTHDAY) VALUES (95,'1995-03-29');
INSERT INTO PERSON (P_ID,ENABLED,EMAIL,FIRSTNAME,LASTNAME,PASSWORD,TELEPHONE,A_ID, CREATED) 
VALUES (96,TRUE,'tanja_nowotny@mail.com','Tanja','Nowotny','ca92ddbb320e5ba3d78ff898445ab385298bb69fd7129e1c05bf30f48e407821ebc2ee3ae372047b',06801111111,94,CURRENT_TIMESTAMP);
INSERT INTO PARTICIPANT (P_ID,BIRTHDAY) VALUES (96,'1995-05-10');
INSERT INTO PERSON (P_ID,ENABLED,EMAIL,FIRSTNAME,LASTNAME,PASSWORD,TELEPHONE,A_ID, CREATED) 
VALUES (97,TRUE,'marcel_ostermann@mail.com','Marcel','Ostermann','ca92ddbb320e5ba3d78ff898445ab385298bb69fd7129e1c05bf30f48e407821ebc2ee3ae372047b',06801111111,95,CURRENT_TIMESTAMP);
INSERT INTO PARTICIPANT (P_ID,BIRTHDAY) VALUES (97,'1991-05-07');
INSERT INTO PERSON (P_ID,ENABLED,EMAIL,FIRSTNAME,LASTNAME,PASSWORD,TELEPHONE,A_ID, CREATED) 
VALUES (98,TRUE,'sara_zimmermann@mail.com','Sara','Zimmermann','ca92ddbb320e5ba3d78ff898445ab385298bb69fd7129e1c05bf30f48e407821ebc2ee3ae372047b',06801111111,96,CURRENT_TIMESTAMP);
INSERT INTO PARTICIPANT (P_ID,BIRTHDAY) VALUES (98,'1991-05-07');
INSERT INTO PERSON (P_ID,ENABLED,EMAIL,FIRSTNAME,LASTNAME,PASSWORD,TELEPHONE,A_ID, CREATED) 
VALUES (99,TRUE,'linda_krause@mail.com','Linda','Krause','ca92ddbb320e5ba3d78ff898445ab385298bb69fd7129e1c05bf30f48e407821ebc2ee3ae372047b',06801111111,97,CURRENT_TIMESTAMP);
INSERT INTO PARTICIPANT (P_ID,BIRTHDAY) VALUES (99,'1994-05-05');
INSERT INTO PERSON (P_ID,ENABLED,EMAIL,FIRSTNAME,LASTNAME,PASSWORD,TELEPHONE,A_ID, CREATED) 
VALUES (100,TRUE,'isabella_drechlser@mail.com','Isabella','Drechsler','ca92ddbb320e5ba3d78ff898445ab385298bb69fd7129e1c05bf30f48e407821ebc2ee3ae372047b',06801111111,98,CURRENT_TIMESTAMP);
INSERT INTO PARTICIPANT (P_ID,BIRTHDAY) VALUES (100,'1993-01-12');
INSERT INTO PERSON (P_ID,ENABLED,EMAIL,FIRSTNAME,LASTNAME,PASSWORD,TELEPHONE,A_ID, CREATED) 
VALUES (101,TRUE,'katharinga_bachner@mail.com','Katharina','Bachner','ca92ddbb320e5ba3d78ff898445ab385298bb69fd7129e1c05bf30f48e407821ebc2ee3ae372047b',06801111111,99,CURRENT_TIMESTAMP);
INSERT INTO PARTICIPANT (P_ID,BIRTHDAY) VALUES (101,'1994-03-29');
INSERT INTO PERSON (P_ID,ENABLED,EMAIL,FIRSTNAME,LASTNAME,PASSWORD,TELEPHONE,A_ID, CREATED) 
VALUES (102,TRUE,'elena_hartl@mail.com','Elena','Hartl','ca92ddbb320e5ba3d78ff898445ab385298bb69fd7129e1c05bf30f48e407821ebc2ee3ae372047b',06801111111,100,CURRENT_TIMESTAMP);
INSERT INTO PARTICIPANT (P_ID,BIRTHDAY) VALUES (102,'1994-05-10');
INSERT INTO PERSON (P_ID,ENABLED,EMAIL,FIRSTNAME,LASTNAME,PASSWORD,TELEPHONE,A_ID, CREATED) 
VALUES (103,TRUE,'zarah_friedmann@mail.com','Zarah','Friedmann','ca92ddbb320e5ba3d78ff898445ab385298bb69fd7129e1c05bf30f48e407821ebc2ee3ae372047b',06801111111,101,CURRENT_TIMESTAMP);
INSERT INTO PARTICIPANT (P_ID,BIRTHDAY) VALUES (103,'1994-05-06');
INSERT INTO PERSON (P_ID,ENABLED,EMAIL,FIRSTNAME,LASTNAME,PASSWORD,TELEPHONE,A_ID, CREATED) 
VALUES (104,TRUE,'chrstine_sommer@mail.com','Christine','Sommer','ca92ddbb320e5ba3d78ff898445ab385298bb69fd7129e1c05bf30f48e407821ebc2ee3ae372047b',06801111111,102,CURRENT_TIMESTAMP);
INSERT INTO PARTICIPANT (P_ID,BIRTHDAY) VALUES (104,'1993-01-12');
INSERT INTO PERSON (P_ID,ENABLED,EMAIL,FIRSTNAME,LASTNAME,PASSWORD,TELEPHONE,A_ID, CREATED) 
VALUES (105,TRUE,'paula_winter@mail.com','Paula','Winter','ca92ddbb320e5ba3d78ff898445ab385298bb69fd7129e1c05bf30f48e407821ebc2ee3ae372047b',06801111111,103,CURRENT_TIMESTAMP);
INSERT INTO PARTICIPANT (P_ID,BIRTHDAY) VALUES (105,'1994-03-29');
INSERT INTO PERSON (P_ID,ENABLED,EMAIL,FIRSTNAME,LASTNAME,PASSWORD,TELEPHONE,A_ID, CREATED) 
VALUES (106,TRUE,'jennifer_kalbsch@mail.com','Jennifer','Kalbsch','ca92ddbb320e5ba3d78ff898445ab385298bb69fd7129e1c05bf30f48e407821ebc2ee3ae372047b',06801111111,104,CURRENT_TIMESTAMP);
INSERT INTO PARTICIPANT (P_ID,BIRTHDAY) VALUES (106,'1994-05-10');
INSERT INTO PERSON (P_ID,ENABLED,EMAIL,FIRSTNAME,LASTNAME,PASSWORD,TELEPHONE,A_ID, CREATED) 
VALUES (107,TRUE,'angelika_maurer@mail.com','Angelika','Maurer','ca92ddbb320e5ba3d78ff898445ab385298bb69fd7129e1c05bf30f48e407821ebc2ee3ae372047b',06801111111,105,CURRENT_TIMESTAMP);
INSERT INTO PARTICIPANT (P_ID,BIRTHDAY) VALUES (107,'1991-05-07');
INSERT INTO PERSON (P_ID,ENABLED,EMAIL,FIRSTNAME,LASTNAME,PASSWORD,TELEPHONE,A_ID, CREATED) 
VALUES (108,TRUE,'anna_kruger@mail.com','Anna','Kruger','ca92ddbb320e5ba3d78ff898445ab385298bb69fd7129e1c05bf30f48e407821ebc2ee3ae372047b',06801111111,106,CURRENT_TIMESTAMP);
INSERT INTO PARTICIPANT (P_ID,BIRTHDAY) VALUES (108,'1991-05-07');
INSERT INTO PERSON (P_ID,ENABLED,EMAIL,FIRSTNAME,LASTNAME,PASSWORD,TELEPHONE,A_ID, CREATED) 
VALUES (109,TRUE,'karin_fruhauf@mail.com','Karin','Fruhauf','ca92ddbb320e5ba3d78ff898445ab385298bb69fd7129e1c05bf30f48e407821ebc2ee3ae372047b',06801111111,107,CURRENT_TIMESTAMP);
INSERT INTO PARTICIPANT (P_ID,BIRTHDAY) VALUES (109,'1993-05-05');
INSERT INTO PERSON (P_ID,ENABLED,EMAIL,FIRSTNAME,LASTNAME,PASSWORD,TELEPHONE,A_ID, CREATED) 
VALUES (110,TRUE,'isa_kirsche@mail.com','Isa','Kirsche','ca92ddbb320e5ba3d78ff898445ab385298bb69fd7129e1c05bf30f48e407821ebc2ee3ae372047b',06801111111,108,CURRENT_TIMESTAMP);
INSERT INTO PARTICIPANT (P_ID,BIRTHDAY) VALUES (110,'1993-01-12');
INSERT INTO PERSON (P_ID,ENABLED,EMAIL,FIRSTNAME,LASTNAME,PASSWORD,TELEPHONE,A_ID, CREATED) 
VALUES (111,TRUE,'marie_grunewald@mail.com','Marie','Grunewald','ca92ddbb320e5ba3d78ff898445ab385298bb69fd7129e1c05bf30f48e407821ebc2ee3ae372047b',06801111111,109,CURRENT_TIMESTAMP);
INSERT INTO PARTICIPANT (P_ID,BIRTHDAY) VALUES (111,'1993-03-29');
INSERT INTO PERSON (P_ID,ENABLED,EMAIL,FIRSTNAME,LASTNAME,PASSWORD,TELEPHONE,A_ID, CREATED) 
VALUES (112,TRUE,'karin_kohler@mail.com','Karin','Kohler','ca92ddbb320e5ba3d78ff898445ab385298bb69fd7129e1c05bf30f48e407821ebc2ee3ae372047b',06801111111,110,CURRENT_TIMESTAMP);
INSERT INTO PARTICIPANT (P_ID,BIRTHDAY) VALUES (112,'1993-05-10');
INSERT INTO PERSON (P_ID,ENABLED,EMAIL,FIRSTNAME,LASTNAME,PASSWORD,TELEPHONE,A_ID, CREATED) 
VALUES (113,TRUE,'gabriele_nacht@mail.com','Gabriele','Nacht','ca92ddbb320e5ba3d78ff898445ab385298bb69fd7129e1c05bf30f48e407821ebc2ee3ae372047b',06801111111,111,CURRENT_TIMESTAMP);
INSERT INTO PARTICIPANT (P_ID,BIRTHDAY) VALUES (113,'1993-05-06');
INSERT INTO PERSON (P_ID,ENABLED,EMAIL,FIRSTNAME,LASTNAME,PASSWORD,TELEPHONE,A_ID, CREATED) 
VALUES (114,TRUE,'dennis_weiss@mail.com','Dennis','Weiss','ca92ddbb320e5ba3d78ff898445ab385298bb69fd7129e1c05bf30f48e407821ebc2ee3ae372047b',06801111111,112,CURRENT_TIMESTAMP);
INSERT INTO PARTICIPANT (P_ID,BIRTHDAY) VALUES (114,'1993-01-12');
INSERT INTO PERSON (P_ID,ENABLED,EMAIL,FIRSTNAME,LASTNAME,PASSWORD,TELEPHONE,A_ID, CREATED) 
VALUES (115,TRUE,'paulina_fenstermacher@mail.com','Paulina','Fenstermacher','ca92ddbb320e5ba3d78ff898445ab385298bb69fd7129e1c05bf30f48e407821ebc2ee3ae372047b',06801111111,113,CURRENT_TIMESTAMP);
INSERT INTO PARTICIPANT (P_ID,BIRTHDAY) VALUES (115,'1991-03-29');
INSERT INTO PERSON (P_ID,ENABLED,EMAIL,FIRSTNAME,LASTNAME,PASSWORD,TELEPHONE,A_ID, CREATED) 
VALUES (116,TRUE,'nadine_schreiner@mail.com','Nadine','Schreiner','ca92ddbb320e5ba3d78ff898445ab385298bb69fd7129e1c05bf30f48e407821ebc2ee3ae372047b',06801111111,114,CURRENT_TIMESTAMP);
INSERT INTO PARTICIPANT (P_ID,BIRTHDAY) VALUES (116,'1991-05-10');
INSERT INTO PERSON (P_ID,ENABLED,EMAIL,FIRSTNAME,LASTNAME,PASSWORD,TELEPHONE,A_ID, CREATED) 
VALUES (117,TRUE,'tom_fenster@mail.com','Tom','Fenster','ca92ddbb320e5ba3d78ff898445ab385298bb69fd7129e1c05bf30f48e407821ebc2ee3ae372047b',06801111111,115,CURRENT_TIMESTAMP);
INSERT INTO PARTICIPANT (P_ID,BIRTHDAY) VALUES (117,'1991-05-07');
INSERT INTO PERSON (P_ID,ENABLED,EMAIL,FIRSTNAME,LASTNAME,PASSWORD,TELEPHONE,A_ID, CREATED) 
VALUES (118,TRUE,'lisa_haus@mail.com','Lisa','Haus','ca92ddbb320e5ba3d78ff898445ab385298bb69fd7129e1c05bf30f48e407821ebc2ee3ae372047b',06801111111,116,CURRENT_TIMESTAMP);
INSERT INTO PARTICIPANT (P_ID,BIRTHDAY) VALUES (118,'1991-05-07');
INSERT INTO PERSON (P_ID,ENABLED,EMAIL,FIRSTNAME,LASTNAME,PASSWORD,TELEPHONE,A_ID, CREATED) 
VALUES (119,TRUE,'leon_tor@mail.com','Leon','Tor','ca92ddbb320e5ba3d78ff898445ab385298bb69fd7129e1c05bf30f48e407821ebc2ee3ae372047b',06801111111,117,CURRENT_TIMESTAMP);
INSERT INTO PARTICIPANT (P_ID,BIRTHDAY) VALUES (119,'1991-05-05');
INSERT INTO PERSON (P_ID,ENABLED,EMAIL,FIRSTNAME,LASTNAME,PASSWORD,TELEPHONE,A_ID, CREATED) 
VALUES (120,TRUE,'katrin_finster@mail.com','Katrin','Finster','ca92ddbb320e5ba3d78ff898445ab385298bb69fd7129e1c05bf30f48e407821ebc2ee3ae372047b',06801111111,118,CURRENT_TIMESTAMP);
INSERT INTO PARTICIPANT (P_ID,BIRTHDAY) VALUES (120,'1993-01-12');
INSERT INTO PERSON (P_ID,ENABLED,EMAIL,FIRSTNAME,LASTNAME,PASSWORD,TELEPHONE,A_ID, CREATED) 
VALUES (121,TRUE,'lena_bachner@mail.com','Lena','Bachner','ca92ddbb320e5ba3d78ff898445ab385298bb69fd7129e1c05bf30f48e407821ebc2ee3ae372047b',06801111111,119,CURRENT_TIMESTAMP);
INSERT INTO PARTICIPANT (P_ID,BIRTHDAY) VALUES (121,'1992-03-29');
INSERT INTO PERSON (P_ID,ENABLED,EMAIL,FIRSTNAME,LASTNAME,PASSWORD,TELEPHONE,A_ID, CREATED) 
VALUES (122,TRUE,'yvonne_aachen@mail.com','Yvonne','Aachen','ca92ddbb320e5ba3d78ff898445ab385298bb69fd7129e1c05bf30f48e407821ebc2ee3ae372047b',06801111111,120,CURRENT_TIMESTAMP);
INSERT INTO PARTICIPANT (P_ID,BIRTHDAY) VALUES (122,'1992-05-10');
INSERT INTO PERSON (P_ID,ENABLED,EMAIL,FIRSTNAME,LASTNAME,PASSWORD,TELEPHONE,A_ID, CREATED) 
VALUES (123,TRUE,'andrea_hertz@mail.com','Andrea','Hertz','ca92ddbb320e5ba3d78ff898445ab385298bb69fd7129e1c05bf30f48e407821ebc2ee3ae372047b',06801111111,121,CURRENT_TIMESTAMP);
INSERT INTO PARTICIPANT (P_ID,BIRTHDAY) VALUES (123,'1992-05-06');
INSERT INTO PERSON (P_ID,ENABLED,EMAIL,FIRSTNAME,LASTNAME,PASSWORD,TELEPHONE,A_ID, CREATED) 
VALUES (124,TRUE,'tina_kader@mail.com','Tina','Kader','ca92ddbb320e5ba3d78ff898445ab385298bb69fd7129e1c05bf30f48e407821ebc2ee3ae372047b',06801111111,122,CURRENT_TIMESTAMP);
INSERT INTO PARTICIPANT (P_ID,BIRTHDAY) VALUES (124,'1993-01-12');
INSERT INTO PERSON (P_ID,ENABLED,EMAIL,FIRSTNAME,LASTNAME,PASSWORD,TELEPHONE,A_ID, CREATED) 
VALUES (125,TRUE,'paulo_konrad@mail.com','Paulo','Konrad','ca92ddbb320e5ba3d78ff898445ab385298bb69fd7129e1c05bf30f48e407821ebc2ee3ae372047b',06801111111,123,CURRENT_TIMESTAMP);
INSERT INTO PARTICIPANT (P_ID,BIRTHDAY) VALUES (125,'1992-03-29');
INSERT INTO PERSON (P_ID,ENABLED,EMAIL,FIRSTNAME,LASTNAME,PASSWORD,TELEPHONE,A_ID, CREATED) 
VALUES (126,TRUE,'maria_nowotny@mail.com','Maria','Nowotny','ca92ddbb320e5ba3d78ff898445ab385298bb69fd7129e1c05bf30f48e407821ebc2ee3ae372047b',06801111111,124,CURRENT_TIMESTAMP);
INSERT INTO PARTICIPANT (P_ID,BIRTHDAY) VALUES (126,'1992-05-10');
INSERT INTO PERSON (P_ID,ENABLED,EMAIL,FIRSTNAME,LASTNAME,PASSWORD,TELEPHONE,A_ID, CREATED) 
VALUES (127,TRUE,'nicole_kortig@mail.com','Nicole','Kortig','ca92ddbb320e5ba3d78ff898445ab385298bb69fd7129e1c05bf30f48e407821ebc2ee3ae372047b',06801111111,125,CURRENT_TIMESTAMP);
INSERT INTO PARTICIPANT (P_ID,BIRTHDAY) VALUES (127,'2003-05-07');
INSERT INTO PERSON (P_ID,ENABLED, FIRSTNAME,LASTNAME,PASSWORD,TELEPHONE,A_ID, CREATED) 
VALUES (128,TRUE,'Ines','Dietrich','ca92ddbb320e5ba3d78ff898445ab385298bb69fd7129e1c05bf30f48e407821ebc2ee3ae372047b',06801111111,126,CURRENT_TIMESTAMP);
INSERT INTO PARTICIPANT (P_ID,BIRTHDAY,PARENT_ID) VALUES (128,'2003-05-07',407);
INSERT INTO PERSON (P_ID,ENABLED, FIRSTNAME,LASTNAME,PASSWORD,TELEPHONE,A_ID, CREATED) 
VALUES (129,TRUE,'Karol','Diederich','ca92ddbb320e5ba3d78ff898445ab385298bb69fd7129e1c05bf30f48e407821ebc2ee3ae372047b',06801111111,127,CURRENT_TIMESTAMP);
INSERT INTO PARTICIPANT (P_ID,BIRTHDAY,PARENT_ID) VALUES (129,'2003-05-05',408);
INSERT INTO PERSON (P_ID,ENABLED, FIRSTNAME,LASTNAME,PASSWORD,TELEPHONE,A_ID, CREATED) 
VALUES (130,TRUE,'Sabrina','Theiss','ca92ddbb320e5ba3d78ff898445ab385298bb69fd7129e1c05bf30f48e407821ebc2ee3ae372047b',06801111111,128,CURRENT_TIMESTAMP);
INSERT INTO PARTICIPANT (P_ID,BIRTHDAY,PARENT_ID) VALUES (130,'2003-01-12',409);
INSERT INTO PERSON (P_ID,ENABLED, FIRSTNAME,LASTNAME,PASSWORD,TELEPHONE,A_ID, CREATED) 
VALUES (131,TRUE,'Sabine','Bar','ca92ddbb320e5ba3d78ff898445ab385298bb69fd7129e1c05bf30f48e407821ebc2ee3ae372047b',06801111111,129,CURRENT_TIMESTAMP);
INSERT INTO PARTICIPANT (P_ID,BIRTHDAY,PARENT_ID) VALUES (131,'2001-03-29',410);
INSERT INTO PERSON (P_ID,ENABLED, FIRSTNAME,LASTNAME,PASSWORD,TELEPHONE,A_ID, CREATED) 
VALUES (132,TRUE,'Eva','Freud','ca92ddbb320e5ba3d78ff898445ab385298bb69fd7129e1c05bf30f48e407821ebc2ee3ae372047b',06801111111,130,CURRENT_TIMESTAMP);
INSERT INTO PARTICIPANT (P_ID,BIRTHDAY,PARENT_ID) VALUES (132,'2003-05-10',411);
INSERT INTO PERSON (P_ID,ENABLED, FIRSTNAME,LASTNAME,PASSWORD,TELEPHONE,A_ID, CREATED) 
VALUES (133,TRUE,'Stefanie','Loewe','ca92ddbb320e5ba3d78ff898445ab385298bb69fd7129e1c05bf30f48e407821ebc2ee3ae372047b',06801111111,131,CURRENT_TIMESTAMP);
INSERT INTO PARTICIPANT (P_ID,BIRTHDAY,PARENT_ID) VALUES (133,'2004-05-06',412);
INSERT INTO PERSON (P_ID,ENABLED, FIRSTNAME,LASTNAME,PASSWORD,TELEPHONE,A_ID, CREATED) 
VALUES (134,TRUE,'Sarah','Holzmann','ca92ddbb320e5ba3d78ff898445ab385298bb69fd7129e1c05bf30f48e407821ebc2ee3ae372047b',06801111111,132,CURRENT_TIMESTAMP);
INSERT INTO PARTICIPANT (P_ID,BIRTHDAY,PARENT_ID) VALUES (134,'2004-01-12',413);
INSERT INTO PERSON (P_ID,ENABLED, FIRSTNAME,LASTNAME,PASSWORD,TELEPHONE,A_ID, CREATED) 
VALUES (135,TRUE,'Livia','Herz','ca92ddbb320e5ba3d78ff898445ab385298bb69fd7129e1c05bf30f48e407821ebc2ee3ae372047b',06801111111,133,CURRENT_TIMESTAMP);
INSERT INTO PARTICIPANT (P_ID,BIRTHDAY,PARENT_ID) VALUES (135,'2001-03-29',414);
INSERT INTO PERSON (P_ID,ENABLED, FIRSTNAME,LASTNAME,PASSWORD,TELEPHONE,A_ID, CREATED) 
VALUES (136,TRUE,'Kerstin','Herz','ca92ddbb320e5ba3d78ff898445ab385298bb69fd7129e1c05bf30f48e407821ebc2ee3ae372047b',06801111111,134,CURRENT_TIMESTAMP);
INSERT INTO PARTICIPANT (P_ID,BIRTHDAY,PARENT_ID) VALUES (136,'2003-05-10',414);
INSERT INTO PERSON (P_ID,ENABLED, FIRSTNAME,LASTNAME,PASSWORD,TELEPHONE,A_ID, CREATED) 
VALUES (137,TRUE,'Laura','Hoehne','ca92ddbb320e5ba3d78ff898445ab385298bb69fd7129e1c05bf30f48e407821ebc2ee3ae372047b',06801111111,135,CURRENT_TIMESTAMP);
INSERT INTO PARTICIPANT (P_ID,BIRTHDAY,PARENT_ID) VALUES (137,'2004-05-07',415);
INSERT INTO PERSON (P_ID,ENABLED, FIRSTNAME,LASTNAME,PASSWORD,TELEPHONE,A_ID, CREATED) 
VALUES (138,TRUE,'Elena','Blei','ca92ddbb320e5ba3d78ff898445ab385298bb69fd7129e1c05bf30f48e407821ebc2ee3ae372047b',06801111111,136,CURRENT_TIMESTAMP);
INSERT INTO PARTICIPANT (P_ID,BIRTHDAY,PARENT_ID) VALUES (138,'2004-05-07',416);
INSERT INTO PERSON (P_ID,ENABLED, FIRSTNAME,LASTNAME,PASSWORD,TELEPHONE,A_ID, CREATED) 
VALUES (139,TRUE,'Ines','Ruppnig','ca92ddbb320e5ba3d78ff898445ab385298bb69fd7129e1c05bf30f48e407821ebc2ee3ae372047b',06801111111,137,CURRENT_TIMESTAMP);
INSERT INTO PARTICIPANT (P_ID,BIRTHDAY,PARENT_ID) VALUES (139,'2005-05-05',417);
INSERT INTO PERSON (P_ID,ENABLED, FIRSTNAME,LASTNAME,PASSWORD,TELEPHONE,A_ID, CREATED) 
VALUES (140,TRUE,'Hannah','Grames','ca92ddbb320e5ba3d78ff898445ab385298bb69fd7129e1c05bf30f48e407821ebc2ee3ae372047b',06801111111,138,CURRENT_TIMESTAMP);
INSERT INTO PARTICIPANT (P_ID,BIRTHDAY,PARENT_ID) VALUES (140,'2005-01-12',418);
INSERT INTO PERSON (P_ID,ENABLED, FIRSTNAME,LASTNAME,PASSWORD,TELEPHONE,A_ID, CREATED) 
VALUES (141,TRUE,'Lea','Frey','ca92ddbb320e5ba3d78ff898445ab385298bb69fd7129e1c05bf30f48e407821ebc2ee3ae372047b',06801111111,139,CURRENT_TIMESTAMP);
INSERT INTO PARTICIPANT (P_ID,BIRTHDAY,PARENT_ID) VALUES (141,'2005-03-29',419);
INSERT INTO PERSON (P_ID,ENABLED, FIRSTNAME,LASTNAME,PASSWORD,TELEPHONE,A_ID, CREATED) 
VALUES (142,TRUE,'Johanna','Frei','ca92ddbb320e5ba3d78ff898445ab385298bb69fd7129e1c05bf30f48e407821ebc2ee3ae372047b',06801111111,140,CURRENT_TIMESTAMP);
INSERT INTO PARTICIPANT (P_ID,BIRTHDAY,PARENT_ID) VALUES (142,'2005-05-10',420);
INSERT INTO PERSON (P_ID,ENABLED, FIRSTNAME,LASTNAME,PASSWORD,TELEPHONE,A_ID, CREATED) 
VALUES (143,TRUE,'Nicole','Beich','ca92ddbb320e5ba3d78ff898445ab385298bb69fd7129e1c05bf30f48e407821ebc2ee3ae372047b',06801111111,141,CURRENT_TIMESTAMP);
INSERT INTO PARTICIPANT (P_ID,BIRTHDAY,PARENT_ID) VALUES (143,'2005-05-06',421);
INSERT INTO PERSON (P_ID,ENABLED, FIRSTNAME,LASTNAME,PASSWORD,TELEPHONE,A_ID, CREATED) 
VALUES (144,TRUE,'Rasa','Reich','ca92ddbb320e5ba3d78ff898445ab385298bb69fd7129e1c05bf30f48e407821ebc2ee3ae372047b',06801111111,142,CURRENT_TIMESTAMP);
INSERT INTO PARTICIPANT (P_ID,BIRTHDAY,PARENT_ID) VALUES (144,'2005-01-12',422);
INSERT INTO PERSON (P_ID,ENABLED, FIRSTNAME,LASTNAME,PASSWORD,TELEPHONE,A_ID, CREATED) 
VALUES (145,TRUE,'Marie','Busch','ca92ddbb320e5ba3d78ff898445ab385298bb69fd7129e1c05bf30f48e407821ebc2ee3ae372047b',06801111111,143,CURRENT_TIMESTAMP);
INSERT INTO PARTICIPANT (P_ID,BIRTHDAY,PARENT_ID) VALUES (145,'2006-03-29',423);
INSERT INTO PERSON (P_ID,ENABLED, FIRSTNAME,LASTNAME,PASSWORD,TELEPHONE,A_ID, CREATED) 
VALUES (146,TRUE,'Helena','Busch','ca92ddbb320e5ba3d78ff898445ab385298bb69fd7129e1c05bf30f48e407821ebc2ee3ae372047b',06801111111,144,CURRENT_TIMESTAMP);
INSERT INTO PARTICIPANT (P_ID,BIRTHDAY,PARENT_ID) VALUES (146,'2003-05-10',423);
INSERT INTO PERSON (P_ID,ENABLED, FIRSTNAME,LASTNAME,PASSWORD,TELEPHONE,A_ID, CREATED) 
VALUES (147,TRUE,'Lukas','Gersten','ca92ddbb320e5ba3d78ff898445ab385298bb69fd7129e1c05bf30f48e407821ebc2ee3ae372047b',06801111111,145,CURRENT_TIMESTAMP);
INSERT INTO PARTICIPANT (P_ID,BIRTHDAY,PARENT_ID) VALUES (147,'1991-05-07',424);
INSERT INTO PERSON (P_ID,ENABLED, FIRSTNAME,LASTNAME,PASSWORD,TELEPHONE,A_ID, CREATED) 
VALUES (148,TRUE,'Ines','Sankt','ca92ddbb320e5ba3d78ff898445ab385298bb69fd7129e1c05bf30f48e407821ebc2ee3ae372047b',06801111111,146,CURRENT_TIMESTAMP);
INSERT INTO PARTICIPANT (P_ID,BIRTHDAY,PARENT_ID) VALUES (148,'2006-05-07',425);
INSERT INTO PERSON (P_ID,ENABLED, FIRSTNAME,LASTNAME,PASSWORD,TELEPHONE,A_ID, CREATED) 
VALUES (149,TRUE,'Barbara','Moeller','ca92ddbb320e5ba3d78ff898445ab385298bb69fd7129e1c05bf30f48e407821ebc2ee3ae372047b',06801111111,147,CURRENT_TIMESTAMP);
INSERT INTO PARTICIPANT (P_ID,BIRTHDAY,PARENT_ID) VALUES (149,'2006-05-05',426);
INSERT INTO PERSON (P_ID,ENABLED, FIRSTNAME,LASTNAME,PASSWORD,TELEPHONE,A_ID, CREATED) 
VALUES (150,TRUE,'Barbara','Klammer','ca92ddbb320e5ba3d78ff898445ab385298bb69fd7129e1c05bf30f48e407821ebc2ee3ae372047b',06801111111,148,CURRENT_TIMESTAMP);
INSERT INTO PARTICIPANT (P_ID,BIRTHDAY,PARENT_ID) VALUES (150,'2006-01-12',427);
INSERT INTO PERSON (P_ID,ENABLED, FIRSTNAME,LASTNAME,PASSWORD,TELEPHONE,A_ID, CREATED) 
VALUES (151,TRUE,'Kerstin','Klamm','ca92ddbb320e5ba3d78ff898445ab385298bb69fd7129e1c05bf30f48e407821ebc2ee3ae372047b',06801111111,149,CURRENT_TIMESTAMP);
INSERT INTO PARTICIPANT (P_ID,BIRTHDAY,PARENT_ID) VALUES (151,'2001-03-29',428);
INSERT INTO PERSON (P_ID,ENABLED, FIRSTNAME,LASTNAME,PASSWORD,TELEPHONE,A_ID, CREATED) 
VALUES (152,TRUE,'Anna','Hartl','ca92ddbb320e5ba3d78ff898445ab385298bb69fd7129e1c05bf30f48e407821ebc2ee3ae372047b',06801111111,150,CURRENT_TIMESTAMP);
INSERT INTO PARTICIPANT (P_ID,BIRTHDAY,PARENT_ID) VALUES (152,'2003-05-10',429);
INSERT INTO PERSON (P_ID,ENABLED, FIRSTNAME,LASTNAME,PASSWORD,TELEPHONE,A_ID, CREATED) 
VALUES (153,TRUE,'Leah','Keller','ca92ddbb320e5ba3d78ff898445ab385298bb69fd7129e1c05bf30f48e407821ebc2ee3ae372047b',06801111111,151,CURRENT_TIMESTAMP);
INSERT INTO PARTICIPANT (P_ID,BIRTHDAY,PARENT_ID) VALUES (153,'1996-05-06',430);
INSERT INTO PERSON (P_ID,ENABLED, FIRSTNAME,LASTNAME,PASSWORD,TELEPHONE,A_ID, CREATED) 
VALUES (154,TRUE,'Karoline','Heller','ca92ddbb320e5ba3d78ff898445ab385298bb69fd7129e1c05bf30f48e407821ebc2ee3ae372047b',06801111111,152,CURRENT_TIMESTAMP);
INSERT INTO PARTICIPANT (P_ID,BIRTHDAY,PARENT_ID) VALUES (154,'2006-01-12',431);
INSERT INTO PERSON (P_ID,ENABLED, FIRSTNAME,LASTNAME,PASSWORD,TELEPHONE,A_ID, CREATED) 
VALUES (155,TRUE,'Julia','Schultheiss','ca92ddbb320e5ba3d78ff898445ab385298bb69fd7129e1c05bf30f48e407821ebc2ee3ae372047b',06801111111,153,CURRENT_TIMESTAMP);
INSERT INTO PARTICIPANT (P_ID,BIRTHDAY,PARENT_ID) VALUES (155,'2001-03-29',432);
INSERT INTO PERSON (P_ID,ENABLED, FIRSTNAME,LASTNAME,PASSWORD,TELEPHONE,A_ID, CREATED) 
VALUES (156,TRUE,'Julia','Suess','ca92ddbb320e5ba3d78ff898445ab385298bb69fd7129e1c05bf30f48e407821ebc2ee3ae372047b',06801111111,154,CURRENT_TIMESTAMP);
INSERT INTO PARTICIPANT (P_ID,BIRTHDAY,PARENT_ID) VALUES (156,'2003-05-10',433);
INSERT INTO PERSON (P_ID,ENABLED, FIRSTNAME,LASTNAME,PASSWORD,TELEPHONE,A_ID, CREATED) 
VALUES (157,TRUE,'Gabriele','Tag','ca92ddbb320e5ba3d78ff898445ab385298bb69fd7129e1c05bf30f48e407821ebc2ee3ae372047b',06801111111,155,CURRENT_TIMESTAMP);
INSERT INTO PARTICIPANT (P_ID,BIRTHDAY,PARENT_ID) VALUES (157,'2006-05-07',434);
INSERT INTO PERSON (P_ID,ENABLED, FIRSTNAME,LASTNAME,PASSWORD,TELEPHONE,A_ID, CREATED) 
VALUES (158,TRUE,'Eva','Gottlieb','ca92ddbb320e5ba3d78ff898445ab385298bb69fd7129e1c05bf30f48e407821ebc2ee3ae372047b',06801111111,156,CURRENT_TIMESTAMP);
INSERT INTO PARTICIPANT (P_ID,BIRTHDAY,PARENT_ID) VALUES (158,'2006-05-07',435);
INSERT INTO PERSON (P_ID,ENABLED, FIRSTNAME,LASTNAME,PASSWORD,TELEPHONE,A_ID, CREATED) 
VALUES (159,TRUE,'Bettina','Trommler','ca92ddbb320e5ba3d78ff898445ab385298bb69fd7129e1c05bf30f48e407821ebc2ee3ae372047b',06801111111,157,CURRENT_TIMESTAMP);
INSERT INTO PARTICIPANT (P_ID,BIRTHDAY,PARENT_ID) VALUES (159,'1996-05-05',436);
INSERT INTO PERSON (P_ID,ENABLED, FIRSTNAME,LASTNAME,PASSWORD,TELEPHONE,A_ID, CREATED) 
VALUES (160,TRUE,'Katharina','Frommel','ca92ddbb320e5ba3d78ff898445ab385298bb69fd7129e1c05bf30f48e407821ebc2ee3ae372047b',06801111111,158,CURRENT_TIMESTAMP);
INSERT INTO PARTICIPANT (P_ID,BIRTHDAY,PARENT_ID) VALUES (160,'2008-01-12',437);
INSERT INTO PERSON (P_ID,ENABLED, FIRSTNAME,LASTNAME,PASSWORD,TELEPHONE,A_ID, CREATED) 
VALUES (161,TRUE,'Stella','Buschmann','ca92ddbb320e5ba3d78ff898445ab385298bb69fd7129e1c05bf30f48e407821ebc2ee3ae372047b',06801111111,159,CURRENT_TIMESTAMP);
INSERT INTO PARTICIPANT (P_ID,BIRTHDAY,PARENT_ID) VALUES (161,'2001-03-29',438);
INSERT INTO PERSON (P_ID,ENABLED, FIRSTNAME,LASTNAME,PASSWORD,TELEPHONE,A_ID, CREATED) 
VALUES (162,TRUE,'Elisa','Fuerst','ca92ddbb320e5ba3d78ff898445ab385298bb69fd7129e1c05bf30f48e407821ebc2ee3ae372047b',06801111111,160,CURRENT_TIMESTAMP);
INSERT INTO PARTICIPANT (P_ID,BIRTHDAY,PARENT_ID) VALUES (162,'2003-05-10',439);
INSERT INTO PERSON (P_ID,ENABLED, FIRSTNAME,LASTNAME,PASSWORD,TELEPHONE,A_ID, CREATED) 
VALUES (163,TRUE,'Elisa','Maiar','ca92ddbb320e5ba3d78ff898445ab385298bb69fd7129e1c05bf30f48e407821ebc2ee3ae372047b',06801111111,161,CURRENT_TIMESTAMP);
INSERT INTO PARTICIPANT (P_ID,BIRTHDAY,PARENT_ID) VALUES (163,'1996-05-06',440);
INSERT INTO PERSON (P_ID,ENABLED, FIRSTNAME,LASTNAME,PASSWORD,TELEPHONE,A_ID, CREATED) 
VALUES (164,TRUE,'Tanja','Meier','ca92ddbb320e5ba3d78ff898445ab385298bb69fd7129e1c05bf30f48e407821ebc2ee3ae372047b',06801111111,162,CURRENT_TIMESTAMP);
INSERT INTO PARTICIPANT (P_ID,BIRTHDAY,PARENT_ID) VALUES (164,'2008-01-12',441);
INSERT INTO PERSON (P_ID,ENABLED, FIRSTNAME,LASTNAME,PASSWORD,TELEPHONE,A_ID, CREATED) 
VALUES (165,TRUE,'Renate','Breuninger','ca92ddbb320e5ba3d78ff898445ab385298bb69fd7129e1c05bf30f48e407821ebc2ee3ae372047b',06801111111,163,CURRENT_TIMESTAMP);
INSERT INTO PARTICIPANT (P_ID,BIRTHDAY,PARENT_ID) VALUES (165,'2001-03-29',442);
INSERT INTO PERSON (P_ID,ENABLED, FIRSTNAME,LASTNAME,PASSWORD,TELEPHONE,A_ID, CREATED) 
VALUES (166,TRUE,'Larissa','Habig','ca92ddbb320e5ba3d78ff898445ab385298bb69fd7129e1c05bf30f48e407821ebc2ee3ae372047b',06801111111,164,CURRENT_TIMESTAMP);
INSERT INTO PARTICIPANT (P_ID,BIRTHDAY,PARENT_ID) VALUES (166,'2003-05-10',443);
INSERT INTO PERSON (P_ID,ENABLED, FIRSTNAME,LASTNAME,PASSWORD,TELEPHONE,A_ID, CREATED) 
VALUES (167,TRUE,'Helene','Saul','ca92ddbb320e5ba3d78ff898445ab385298bb69fd7129e1c05bf30f48e407821ebc2ee3ae372047b',06801111111,165,CURRENT_TIMESTAMP);
INSERT INTO PARTICIPANT (P_ID,BIRTHDAY,PARENT_ID) VALUES (167,'2008-05-07',444);
INSERT INTO PERSON (P_ID,ENABLED, FIRSTNAME,LASTNAME,PASSWORD,TELEPHONE,A_ID, CREATED) 
VALUES (168,TRUE,'Daniela','Gebauer','ca92ddbb320e5ba3d78ff898445ab385298bb69fd7129e1c05bf30f48e407821ebc2ee3ae372047b',06801111111,166,CURRENT_TIMESTAMP);
INSERT INTO PARTICIPANT (P_ID,BIRTHDAY,PARENT_ID) VALUES (168,'2008-05-07',445);
INSERT INTO PERSON (P_ID,ENABLED, FIRSTNAME,LASTNAME,PASSWORD,TELEPHONE,A_ID, CREATED) 
VALUES (169,TRUE,'Viktoria','Gebauer','ca92ddbb320e5ba3d78ff898445ab385298bb69fd7129e1c05bf30f48e407821ebc2ee3ae372047b',06801111111,167,CURRENT_TIMESTAMP);
INSERT INTO PARTICIPANT (P_ID,BIRTHDAY,PARENT_ID) VALUES (169,'2008-05-05',445);
INSERT INTO PERSON (P_ID,ENABLED, FIRSTNAME,LASTNAME,PASSWORD,TELEPHONE,A_ID, CREATED) 
VALUES (170,TRUE,'Michaela','Kobold','ca92ddbb320e5ba3d78ff898445ab385298bb69fd7129e1c05bf30f48e407821ebc2ee3ae372047b',06801111111,168,CURRENT_TIMESTAMP);
INSERT INTO PARTICIPANT (P_ID,BIRTHDAY,PARENT_ID) VALUES (170,'2008-01-12',446);
INSERT INTO PERSON (P_ID,ENABLED, FIRSTNAME,LASTNAME,PASSWORD,TELEPHONE,A_ID, CREATED) 
VALUES (171,TRUE,'Elise','Wappner','ca92ddbb320e5ba3d78ff898445ab385298bb69fd7129e1c05bf30f48e407821ebc2ee3ae372047b',06801111111,169,CURRENT_TIMESTAMP);
INSERT INTO PARTICIPANT (P_ID,BIRTHDAY,PARENT_ID) VALUES (171,'2001-03-29',447);
INSERT INTO PERSON (P_ID,ENABLED, FIRSTNAME,LASTNAME,PASSWORD,TELEPHONE,A_ID, CREATED) 
VALUES (172,TRUE,'Kerstin','Dattel','ca92ddbb320e5ba3d78ff898445ab385298bb69fd7129e1c05bf30f48e407821ebc2ee3ae372047b',06801111111,170,CURRENT_TIMESTAMP);
INSERT INTO PARTICIPANT (P_ID,BIRTHDAY,PARENT_ID) VALUES (172,'2003-05-10',448);
INSERT INTO PERSON (P_ID,ENABLED, FIRSTNAME,LASTNAME,PASSWORD,TELEPHONE,A_ID, CREATED) 
VALUES (173,TRUE,'Diana','Kiefner','ca92ddbb320e5ba3d78ff898445ab385298bb69fd7129e1c05bf30f48e407821ebc2ee3ae372047b',06801111111,171,CURRENT_TIMESTAMP);
INSERT INTO PARTICIPANT (P_ID,BIRTHDAY,PARENT_ID) VALUES (173,'1996-05-06',449);
INSERT INTO PERSON (P_ID,ENABLED, FIRSTNAME,LASTNAME,PASSWORD,TELEPHONE,A_ID, CREATED) 
VALUES (174,TRUE,'Olga','Mosemann','ca92ddbb320e5ba3d78ff898445ab385298bb69fd7129e1c05bf30f48e407821ebc2ee3ae372047b',06801111111,172,CURRENT_TIMESTAMP);
INSERT INTO PARTICIPANT (P_ID,BIRTHDAY,PARENT_ID) VALUES (174,'2008-01-12',450);
INSERT INTO PERSON (P_ID,ENABLED, FIRSTNAME,LASTNAME,PASSWORD,TELEPHONE,A_ID, CREATED) 
VALUES (175,TRUE,'Theresa','Schonberg','ca92ddbb320e5ba3d78ff898445ab385298bb69fd7129e1c05bf30f48e407821ebc2ee3ae372047b',06801111111,173,CURRENT_TIMESTAMP);
INSERT INTO PARTICIPANT (P_ID,BIRTHDAY,PARENT_ID) VALUES (175,'2001-03-29',451);
INSERT INTO PERSON (P_ID,ENABLED, FIRSTNAME,LASTNAME,PASSWORD,TELEPHONE,A_ID, CREATED) 
VALUES (176,TRUE,'Theresa','Bixler','ca92ddbb320e5ba3d78ff898445ab385298bb69fd7129e1c05bf30f48e407821ebc2ee3ae372047b',06801111111,174,CURRENT_TIMESTAMP);
INSERT INTO PARTICIPANT (P_ID,BIRTHDAY,PARENT_ID) VALUES (176,'2003-05-10',452);
INSERT INTO PERSON (P_ID,ENABLED, FIRSTNAME,LASTNAME,PASSWORD,TELEPHONE,A_ID, CREATED) 
VALUES (177,TRUE,'Diana','Eismann','ca92ddbb320e5ba3d78ff898445ab385298bb69fd7129e1c05bf30f48e407821ebc2ee3ae372047b',06801111111,175,CURRENT_TIMESTAMP);
INSERT INTO PARTICIPANT (P_ID,BIRTHDAY,PARENT_ID) VALUES (177,'2008-05-07',453);
INSERT INTO PERSON (P_ID,ENABLED, FIRSTNAME,LASTNAME,PASSWORD,TELEPHONE,A_ID, CREATED) 
VALUES (178,TRUE,'Michaela','Breitbart','ca92ddbb320e5ba3d78ff898445ab385298bb69fd7129e1c05bf30f48e407821ebc2ee3ae372047b',06801111111,176,CURRENT_TIMESTAMP);
INSERT INTO PARTICIPANT (P_ID,BIRTHDAY,PARENT_ID) VALUES (178,'2009-05-07',454);
INSERT INTO PERSON (P_ID,ENABLED, FIRSTNAME,LASTNAME,PASSWORD,TELEPHONE,A_ID, CREATED) 
VALUES (179,TRUE,'Eveline','Dachel','ca92ddbb320e5ba3d78ff898445ab385298bb69fd7129e1c05bf30f48e407821ebc2ee3ae372047b',06801111111,177,CURRENT_TIMESTAMP);
INSERT INTO PARTICIPANT (P_ID,BIRTHDAY,PARENT_ID) VALUES (179,'1996-05-05',455);
INSERT INTO PERSON (P_ID,ENABLED, FIRSTNAME,LASTNAME,PASSWORD,TELEPHONE,A_ID, CREATED) 
VALUES (180,TRUE,'Renate','Tixler','ca92ddbb320e5ba3d78ff898445ab385298bb69fd7129e1c05bf30f48e407821ebc2ee3ae372047b',06801111111,178,CURRENT_TIMESTAMP);
INSERT INTO PARTICIPANT (P_ID,BIRTHDAY,PARENT_ID) VALUES (180,'2009-01-12',456);
INSERT INTO PERSON (P_ID,ENABLED, FIRSTNAME,LASTNAME,PASSWORD,TELEPHONE,A_ID, CREATED) 
VALUES (181,TRUE,'Julia','Thomann','ca92ddbb320e5ba3d78ff898445ab385298bb69fd7129e1c05bf30f48e407821ebc2ee3ae372047b',06801111111,179,CURRENT_TIMESTAMP);
INSERT INTO PARTICIPANT (P_ID,BIRTHDAY,PARENT_ID) VALUES (181,'2001-03-29',457);
INSERT INTO PERSON (P_ID,ENABLED, FIRSTNAME,LASTNAME,PASSWORD,TELEPHONE,A_ID, CREATED) 
VALUES (182,TRUE,'Julia','Schuster','ca92ddbb320e5ba3d78ff898445ab385298bb69fd7129e1c05bf30f48e407821ebc2ee3ae372047b',06801111111,180,CURRENT_TIMESTAMP);
INSERT INTO PARTICIPANT (P_ID,BIRTHDAY,PARENT_ID) VALUES (182,'2003-05-10',458);
INSERT INTO PERSON (P_ID,ENABLED, FIRSTNAME,LASTNAME,PASSWORD,TELEPHONE,A_ID, CREATED) 
VALUES (183,TRUE,'Lena','Stubenrauch','ca92ddbb320e5ba3d78ff898445ab385298bb69fd7129e1c05bf30f48e407821ebc2ee3ae372047b',06801111111,181,CURRENT_TIMESTAMP);
INSERT INTO PARTICIPANT (P_ID,BIRTHDAY,PARENT_ID) VALUES (183,'1996-05-06',459);
INSERT INTO PERSON (P_ID,ENABLED, FIRSTNAME,LASTNAME,PASSWORD,TELEPHONE,A_ID, CREATED) 
VALUES (184,TRUE,'Lena','Stubenrauch','ca92ddbb320e5ba3d78ff898445ab385298bb69fd7129e1c05bf30f48e407821ebc2ee3ae372047b',06801111111,182,CURRENT_TIMESTAMP);
INSERT INTO PARTICIPANT (P_ID,BIRTHDAY,PARENT_ID) VALUES (184,'2009-01-12',459);
INSERT INTO PERSON (P_ID,ENABLED, FIRSTNAME,LASTNAME,PASSWORD,TELEPHONE,A_ID, CREATED) 
VALUES (185,TRUE,'Ines','Gruneberg','ca92ddbb320e5ba3d78ff898445ab385298bb69fd7129e1c05bf30f48e407821ebc2ee3ae372047b',06801111111,183,CURRENT_TIMESTAMP);
INSERT INTO PARTICIPANT (P_ID,BIRTHDAY,PARENT_ID) VALUES (185,'2001-03-29',460);
INSERT INTO PERSON (P_ID,ENABLED, FIRSTNAME,LASTNAME,PASSWORD,TELEPHONE,A_ID, CREATED) 
VALUES (186,TRUE,'Ines','Emde','ca92ddbb320e5ba3d78ff898445ab385298bb69fd7129e1c05bf30f48e407821ebc2ee3ae372047b',06801111111,184,CURRENT_TIMESTAMP);
INSERT INTO PARTICIPANT (P_ID,BIRTHDAY,PARENT_ID) VALUES (186,'2003-05-10',461);
INSERT INTO PERSON (P_ID,ENABLED, FIRSTNAME,LASTNAME,PASSWORD,TELEPHONE,A_ID, CREATED) 
VALUES (187,TRUE,'Katja','Wilke','ca92ddbb320e5ba3d78ff898445ab385298bb69fd7129e1c05bf30f48e407821ebc2ee3ae372047b',06801111111,185,CURRENT_TIMESTAMP);
INSERT INTO PARTICIPANT (P_ID,BIRTHDAY,PARENT_ID) VALUES (187,'1991-05-07',462);
INSERT INTO PERSON (P_ID,ENABLED, FIRSTNAME,LASTNAME,PASSWORD,TELEPHONE,A_ID, CREATED) 
VALUES (188,TRUE,'Katja','Schlake','ca92ddbb320e5ba3d78ff898445ab385298bb69fd7129e1c05bf30f48e407821ebc2ee3ae372047b',06801111111,186,CURRENT_TIMESTAMP);
INSERT INTO PARTICIPANT (P_ID,BIRTHDAY,PARENT_ID) VALUES (188,'2009-05-07',463);
INSERT INTO PERSON (P_ID,ENABLED, FIRSTNAME,LASTNAME,PASSWORD,TELEPHONE,A_ID, CREATED) 
VALUES (189,TRUE,'Angelika','Klemm','ca92ddbb320e5ba3d78ff898445ab385298bb69fd7129e1c05bf30f48e407821ebc2ee3ae372047b',06801111111,187,CURRENT_TIMESTAMP);
INSERT INTO PARTICIPANT (P_ID,BIRTHDAY,PARENT_ID) VALUES (189,'1996-05-05',464);
INSERT INTO PERSON (P_ID,ENABLED, FIRSTNAME,LASTNAME,PASSWORD,TELEPHONE,A_ID, CREATED) 
VALUES (190,TRUE,'Phoebe','Ende','ca92ddbb320e5ba3d78ff898445ab385298bb69fd7129e1c05bf30f48e407821ebc2ee3ae372047b',06801111111,188,CURRENT_TIMESTAMP);
INSERT INTO PARTICIPANT (P_ID,BIRTHDAY,PARENT_ID) VALUES (190,'2009-01-12',465);
INSERT INTO PERSON (P_ID,ENABLED, FIRSTNAME,LASTNAME,PASSWORD,TELEPHONE,A_ID, CREATED) 
VALUES (191,TRUE,'Lina','Schmeichel','ca92ddbb320e5ba3d78ff898445ab385298bb69fd7129e1c05bf30f48e407821ebc2ee3ae372047b',06801111111,189,CURRENT_TIMESTAMP);
INSERT INTO PARTICIPANT (P_ID,BIRTHDAY,PARENT_ID) VALUES (191,'2001-03-29',466);
INSERT INTO PERSON (P_ID,ENABLED, FIRSTNAME,LASTNAME,PASSWORD,TELEPHONE,A_ID, CREATED) 
VALUES (192,TRUE,'Anja','Ernst','ca92ddbb320e5ba3d78ff898445ab385298bb69fd7129e1c05bf30f48e407821ebc2ee3ae372047b',06801111111,190,CURRENT_TIMESTAMP);
INSERT INTO PARTICIPANT (P_ID,BIRTHDAY,PARENT_ID) VALUES (192,'2003-05-10',467);
INSERT INTO PERSON (P_ID,ENABLED, FIRSTNAME,LASTNAME,PASSWORD,TELEPHONE,A_ID, CREATED) 
VALUES (193,TRUE,'Karoline','Wich','ca92ddbb320e5ba3d78ff898445ab385298bb69fd7129e1c05bf30f48e407821ebc2ee3ae372047b',06801111111,191,CURRENT_TIMESTAMP);
INSERT INTO PARTICIPANT (P_ID,BIRTHDAY,PARENT_ID) VALUES (193,'1996-05-06',468);
INSERT INTO PERSON (P_ID,ENABLED, FIRSTNAME,LASTNAME,PASSWORD,TELEPHONE,A_ID, CREATED) 
VALUES (194,TRUE,'Doris','Teubner','ca92ddbb320e5ba3d78ff898445ab385298bb69fd7129e1c05bf30f48e407821ebc2ee3ae372047b',06801111111,192,CURRENT_TIMESTAMP);
INSERT INTO PARTICIPANT (P_ID,BIRTHDAY,PARENT_ID) VALUES (194,'2009-01-12',469);
INSERT INTO PERSON (P_ID,ENABLED, FIRSTNAME,LASTNAME,PASSWORD,TELEPHONE,A_ID, CREATED) 
VALUES (195,TRUE,'Doris','Garnick','ca92ddbb320e5ba3d78ff898445ab385298bb69fd7129e1c05bf30f48e407821ebc2ee3ae372047b',06801111111,193,CURRENT_TIMESTAMP);
INSERT INTO PARTICIPANT (P_ID,BIRTHDAY,PARENT_ID) VALUES (195,'2001-03-29',470);
INSERT INTO PERSON (P_ID,ENABLED, FIRSTNAME,LASTNAME,PASSWORD,TELEPHONE,A_ID, CREATED) 
VALUES (196,TRUE,'Odette','Oberdorf','ca92ddbb320e5ba3d78ff898445ab385298bb69fd7129e1c05bf30f48e407821ebc2ee3ae372047b',06801111111,194,CURRENT_TIMESTAMP);
INSERT INTO PARTICIPANT (P_ID,BIRTHDAY,PARENT_ID) VALUES (196,'2003-05-10',471);
INSERT INTO PERSON (P_ID,ENABLED, FIRSTNAME,LASTNAME,PASSWORD,TELEPHONE,A_ID, CREATED) 
VALUES (197,TRUE,'Simone','Unterdorf','ca92ddbb320e5ba3d78ff898445ab385298bb69fd7129e1c05bf30f48e407821ebc2ee3ae372047b',06801111111,195,CURRENT_TIMESTAMP);
INSERT INTO PARTICIPANT (P_ID,BIRTHDAY,PARENT_ID) VALUES (197,'2009-05-07',472);
INSERT INTO PERSON (P_ID,ENABLED, FIRSTNAME,LASTNAME,PASSWORD,TELEPHONE,A_ID, CREATED) 
VALUES (198,TRUE,'Simone','Karel','ca92ddbb320e5ba3d78ff898445ab385298bb69fd7129e1c05bf30f48e407821ebc2ee3ae372047b',06801111111,196,CURRENT_TIMESTAMP);
INSERT INTO PARTICIPANT (P_ID,BIRTHDAY,PARENT_ID) VALUES (198,'2009-05-07',473);
INSERT INTO PERSON (P_ID,ENABLED, FIRSTNAME,LASTNAME,PASSWORD,TELEPHONE,A_ID, CREATED) 
VALUES (199,TRUE,'Luciana','Fullmer','ca92ddbb320e5ba3d78ff898445ab385298bb69fd7129e1c05bf30f48e407821ebc2ee3ae372047b',06801111111,197,CURRENT_TIMESTAMP);
INSERT INTO PARTICIPANT (P_ID,BIRTHDAY,PARENT_ID) VALUES (199,'1996-05-05',474);
--
INSERT INTO PERSON (P_ID,ENABLED,EMAIL,FIRSTNAME,LASTNAME,PASSWORD,TELEPHONE,A_ID, CREATED) 
VALUES (200,TRUE,'monika_schull@mail.com','Monika','Schull','ca92ddbb320e5ba3d78ff898445ab385298bb69fd7129e1c05bf30f48e407821ebc2ee3ae372047b',06801111111,198,CURRENT_TIMESTAMP);
INSERT INTO PARTICIPANT (P_ID,BIRTHDAY) VALUES (200,'1993-01-12');
INSERT INTO PERSON (P_ID,ENABLED,EMAIL,FIRSTNAME,LASTNAME,PASSWORD,TELEPHONE,A_ID, CREATED) 
VALUES (201,TRUE,'monika_hausen@mail.com','Monika','Hausen','ca92ddbb320e5ba3d78ff898445ab385298bb69fd7129e1c05bf30f48e407821ebc2ee3ae372047b',06801111111,199,CURRENT_TIMESTAMP);
INSERT INTO PARTICIPANT (P_ID,BIRTHDAY) VALUES (201,'1993-03-29');
INSERT INTO PERSON (P_ID,ENABLED,EMAIL,FIRSTNAME,LASTNAME,PASSWORD,TELEPHONE,A_ID, CREATED) 
VALUES (202,TRUE,'elena_trier@mail.com','Elena','Trier','ca92ddbb320e5ba3d78ff898445ab385298bb69fd7129e1c05bf30f48e407821ebc2ee3ae372047b',06801111111,200,CURRENT_TIMESTAMP);
INSERT INTO PARTICIPANT (P_ID,BIRTHDAY) VALUES (202,'1993-05-10');
INSERT INTO PERSON (P_ID,ENABLED,EMAIL,FIRSTNAME,LASTNAME,PASSWORD,TELEPHONE,A_ID, CREATED) 
VALUES (203,TRUE,'claudia_stieg@mail.com','Claudia','Stieg','ca92ddbb320e5ba3d78ff898445ab385298bb69fd7129e1c05bf30f48e407821ebc2ee3ae372047b',06801111111,201,CURRENT_TIMESTAMP);
INSERT INTO PARTICIPANT (P_ID,BIRTHDAY) VALUES (203,'1994-05-06');
INSERT INTO PERSON (P_ID,ENABLED,EMAIL,FIRSTNAME,LASTNAME,PASSWORD,TELEPHONE,A_ID, CREATED) 
VALUES (204,TRUE,'claudia_nicolai@mail.com','Claudia','Nicolai','ca92ddbb320e5ba3d78ff898445ab385298bb69fd7129e1c05bf30f48e407821ebc2ee3ae372047b',06801111111,202,CURRENT_TIMESTAMP);
INSERT INTO PARTICIPANT (P_ID,BIRTHDAY) VALUES (204,'1993-01-12');
INSERT INTO PERSON (P_ID,ENABLED,EMAIL,FIRSTNAME,LASTNAME,PASSWORD,TELEPHONE,A_ID, CREATED) 
VALUES (205,TRUE,'lucia_hirschfeld@mail.com','Lucia','Hirschfeld','ca92ddbb320e5ba3d78ff898445ab385298bb69fd7129e1c05bf30f48e407821ebc2ee3ae372047b',06801111111,203,CURRENT_TIMESTAMP);
INSERT INTO PARTICIPANT (P_ID,BIRTHDAY) VALUES (205,'1994-03-29');
INSERT INTO PERSON (P_ID,ENABLED,EMAIL,FIRSTNAME,LASTNAME,PASSWORD,TELEPHONE,A_ID, CREATED) 
VALUES (206,TRUE,'jennifer_henk@mail.com','Jennifer','Henk','ca92ddbb320e5ba3d78ff898445ab385298bb69fd7129e1c05bf30f48e407821ebc2ee3ae372047b',06801111111,204,CURRENT_TIMESTAMP);
INSERT INTO PARTICIPANT (P_ID,BIRTHDAY) VALUES (206,'1994-05-10');
INSERT INTO PERSON (P_ID,ENABLED,EMAIL,FIRSTNAME,LASTNAME,PASSWORD,TELEPHONE,A_ID, CREATED) 
VALUES (207,TRUE,'christa_eichert@mail.com','Christa','Eichert','ca92ddbb320e5ba3d78ff898445ab385298bb69fd7129e1c05bf30f48e407821ebc2ee3ae372047b',06801111111,205,CURRENT_TIMESTAMP);
INSERT INTO PARTICIPANT (P_ID,BIRTHDAY) VALUES (207,'1994-05-07');
INSERT INTO PERSON (P_ID,ENABLED,EMAIL,FIRSTNAME,LASTNAME,PASSWORD,TELEPHONE,A_ID, CREATED) 
VALUES (208,TRUE,'anna_troll@mail.com','Anna','Troll','ca92ddbb320e5ba3d78ff898445ab385298bb69fd7129e1c05bf30f48e407821ebc2ee3ae372047b',06801111111,206,CURRENT_TIMESTAMP);
INSERT INTO PARTICIPANT (P_ID,BIRTHDAY) VALUES (208,'1994-05-07');
INSERT INTO PERSON (P_ID,ENABLED,EMAIL,FIRSTNAME,LASTNAME,PASSWORD,TELEPHONE,A_ID, CREATED) 
VALUES (209,TRUE,'karin_hochmuth@mail.com','Karin','Hochmuth','ca92ddbb320e5ba3d78ff898445ab385298bb69fd7129e1c05bf30f48e407821ebc2ee3ae372047b',06801111111,207,CURRENT_TIMESTAMP);
INSERT INTO PARTICIPANT (P_ID,BIRTHDAY) VALUES (209,'1994-05-05');
INSERT INTO PERSON (P_ID,ENABLED,EMAIL,FIRSTNAME,LASTNAME,PASSWORD,TELEPHONE,A_ID, CREATED) 
VALUES (210,TRUE,'sophia_regel@mail.com','Sophia','Regel','ca92ddbb320e5ba3d78ff898445ab385298bb69fd7129e1c05bf30f48e407821ebc2ee3ae372047b',06801111111,208,CURRENT_TIMESTAMP);
INSERT INTO PARTICIPANT (P_ID,BIRTHDAY) VALUES (210,'1993-01-12');
INSERT INTO PERSON (P_ID,ENABLED,EMAIL,FIRSTNAME,LASTNAME,PASSWORD,TELEPHONE,A_ID, CREATED) 
VALUES (211,TRUE,'sophia_rascher@mail.com','Sophia','Rascher','ca92ddbb320e5ba3d78ff898445ab385298bb69fd7129e1c05bf30f48e407821ebc2ee3ae372047b',06801111111,209,CURRENT_TIMESTAMP);
INSERT INTO PARTICIPANT (P_ID,BIRTHDAY) VALUES (211,'1993-03-29');
INSERT INTO PERSON (P_ID,ENABLED,EMAIL,FIRSTNAME,LASTNAME,PASSWORD,TELEPHONE,A_ID, CREATED) 
VALUES (212,TRUE,'vanessa_kafer@mail.com','Vanessa','Kafer','ca92ddbb320e5ba3d78ff898445ab385298bb69fd7129e1c05bf30f48e407821ebc2ee3ae372047b',06801111111,210,CURRENT_TIMESTAMP);
INSERT INTO PARTICIPANT (P_ID,BIRTHDAY) VALUES (212,'1993-05-10');
INSERT INTO PERSON (P_ID,ENABLED,EMAIL,FIRSTNAME,LASTNAME,PASSWORD,TELEPHONE,A_ID, CREATED) 
VALUES (213,TRUE,'vanessa_nuber@mail.com','Vanessa','Nuber','ca92ddbb320e5ba3d78ff898445ab385298bb69fd7129e1c05bf30f48e407821ebc2ee3ae372047b',06801111111,211,CURRENT_TIMESTAMP);
INSERT INTO PARTICIPANT (P_ID,BIRTHDAY) VALUES (213,'1992-05-06');
INSERT INTO PERSON (P_ID,ENABLED,EMAIL,FIRSTNAME,LASTNAME,PASSWORD,TELEPHONE,A_ID, CREATED) 
VALUES (214,TRUE,'gisela_harold@mail.com','Gisela','Harold','ca92ddbb320e5ba3d78ff898445ab385298bb69fd7129e1c05bf30f48e407821ebc2ee3ae372047b',06801111111,212,CURRENT_TIMESTAMP);
INSERT INTO PARTICIPANT (P_ID,BIRTHDAY) VALUES (214,'1993-01-12');
INSERT INTO PERSON (P_ID,ENABLED,EMAIL,FIRSTNAME,LASTNAME,PASSWORD,TELEPHONE,A_ID, CREATED) 
VALUES (215,TRUE,'sophie_seeling@mail.com','Sophie','Seeling','ca92ddbb320e5ba3d78ff898445ab385298bb69fd7129e1c05bf30f48e407821ebc2ee3ae372047b',06801111111,213,CURRENT_TIMESTAMP);
INSERT INTO PARTICIPANT (P_ID,BIRTHDAY) VALUES (215,'2001-03-29');
INSERT INTO PERSON (P_ID,ENABLED,EMAIL,FIRSTNAME,LASTNAME,PASSWORD,TELEPHONE,A_ID, CREATED) 
VALUES (216,TRUE,'sopie_lieblich@mail.com','Sophie','Lieblich','ca92ddbb320e5ba3d78ff898445ab385298bb69fd7129e1c05bf30f48e407821ebc2ee3ae372047b',06801111111,214,CURRENT_TIMESTAMP);
INSERT INTO PARTICIPANT (P_ID,BIRTHDAY) VALUES (216,'1992-05-10');
INSERT INTO PERSON (P_ID,ENABLED,EMAIL,FIRSTNAME,LASTNAME,PASSWORD,TELEPHONE,A_ID, CREATED) 
VALUES (217,TRUE,'thomas_schwisow@mail.com','Thomas','Schwisow','ca92ddbb320e5ba3d78ff898445ab385298bb69fd7129e1c05bf30f48e407821ebc2ee3ae372047b',06801111111,215,CURRENT_TIMESTAMP);
INSERT INTO PARTICIPANT (P_ID,BIRTHDAY) VALUES (217,'1991-05-07');
INSERT INTO PERSON (P_ID,ENABLED,EMAIL,FIRSTNAME,LASTNAME,PASSWORD,TELEPHONE,A_ID, CREATED) 
VALUES (218,TRUE,'christine_huber@mail.com','Christine','Huber','ca92ddbb320e5ba3d78ff898445ab385298bb69fd7129e1c05bf30f48e407821ebc2ee3ae372047b',06801111111,216,CURRENT_TIMESTAMP);
INSERT INTO PARTICIPANT (P_ID,BIRTHDAY) VALUES (218,'1991-05-07');
INSERT INTO PERSON (P_ID,ENABLED,EMAIL,FIRSTNAME,LASTNAME,PASSWORD,TELEPHONE,A_ID, CREATED) 
VALUES (219,TRUE,'magda_johner@mail.com','Magda','Johner','ca92ddbb320e5ba3d78ff898445ab385298bb69fd7129e1c05bf30f48e407821ebc2ee3ae372047b',06801111111,217,CURRENT_TIMESTAMP);
INSERT INTO PARTICIPANT (P_ID,BIRTHDAY) VALUES (219,'1992-05-05');
INSERT INTO PERSON (P_ID,ENABLED,EMAIL,FIRSTNAME,LASTNAME,PASSWORD,TELEPHONE,A_ID, CREATED) 
VALUES (220,TRUE,'magda_resch@mail.com','Magda','Resch','ca92ddbb320e5ba3d78ff898445ab385298bb69fd7129e1c05bf30f48e407821ebc2ee3ae372047b',06801111111,218,CURRENT_TIMESTAMP);
INSERT INTO PARTICIPANT (P_ID,BIRTHDAY) VALUES (220,'1993-01-12');
INSERT INTO PERSON (P_ID,ENABLED,EMAIL,FIRSTNAME,LASTNAME,PASSWORD,TELEPHONE,A_ID, CREATED) 
VALUES (221,TRUE,'lena_laber@mail.com','Lena','Laber','ca92ddbb320e5ba3d78ff898445ab385298bb69fd7129e1c05bf30f48e407821ebc2ee3ae372047b',06801111111,219,CURRENT_TIMESTAMP);
INSERT INTO PARTICIPANT (P_ID,BIRTHDAY) VALUES (221,'1992-03-29');
INSERT INTO PERSON (P_ID,ENABLED,EMAIL,FIRSTNAME,LASTNAME,PASSWORD,TELEPHONE,A_ID, CREATED) 
VALUES (222,TRUE,'yvonne_gilles@mail.com','Yvonne','Gilles','ca92ddbb320e5ba3d78ff898445ab385298bb69fd7129e1c05bf30f48e407821ebc2ee3ae372047b',06801111111,220,CURRENT_TIMESTAMP);
INSERT INTO PARTICIPANT (P_ID,BIRTHDAY) VALUES (222,'1992-05-10');
INSERT INTO PERSON (P_ID,ENABLED,EMAIL,FIRSTNAME,LASTNAME,PASSWORD,TELEPHONE,A_ID, CREATED) 
VALUES (223,TRUE,'andrea_kathan@mail.com','Andrea','Kathan','ca92ddbb320e5ba3d78ff898445ab385298bb69fd7129e1c05bf30f48e407821ebc2ee3ae372047b',06801111111,221,CURRENT_TIMESTAMP);
INSERT INTO PARTICIPANT (P_ID,BIRTHDAY) VALUES (223,'1992-05-06');
INSERT INTO PERSON (P_ID,ENABLED,EMAIL,FIRSTNAME,LASTNAME,PASSWORD,TELEPHONE,A_ID, CREATED) 
VALUES (224,TRUE,'tina_schwake@mail.com','Tina','Schwake','ca92ddbb320e5ba3d78ff898445ab385298bb69fd7129e1c05bf30f48e407821ebc2ee3ae372047b',06801111111,222,CURRENT_TIMESTAMP);
INSERT INTO PARTICIPANT (P_ID,BIRTHDAY) VALUES (224,'1994-01-12');
INSERT INTO PERSON (P_ID,ENABLED,EMAIL,FIRSTNAME,LASTNAME,PASSWORD,TELEPHONE,A_ID, CREATED) 
VALUES (225,TRUE,'paul_wilberger@mail.com','Paul','Wilberger','ca92ddbb320e5ba3d78ff898445ab385298bb69fd7129e1c05bf30f48e407821ebc2ee3ae372047b',06801111111,223,CURRENT_TIMESTAMP);
INSERT INTO PARTICIPANT (P_ID,BIRTHDAY) VALUES (225,'1994-03-29');
INSERT INTO PERSON (P_ID,ENABLED,EMAIL,FIRSTNAME,LASTNAME,PASSWORD,TELEPHONE,A_ID, CREATED) 
VALUES (226,TRUE,'maria_lessing@mail.com','Maria','Lessing','ca92ddbb320e5ba3d78ff898445ab385298bb69fd7129e1c05bf30f48e407821ebc2ee3ae372047b',06801111111,224,CURRENT_TIMESTAMP);
INSERT INTO PARTICIPANT (P_ID,BIRTHDAY) VALUES (226,'1994-05-10');
INSERT INTO PERSON (P_ID,ENABLED,EMAIL,FIRSTNAME,LASTNAME,PASSWORD,TELEPHONE,A_ID, CREATED) 
VALUES (227,TRUE,'nicole_heider@mail.com','Nicole','Heider','ca92ddbb320e5ba3d78ff898445ab385298bb69fd7129e1c05bf30f48e407821ebc2ee3ae372047b',06801111111,225,CURRENT_TIMESTAMP);
INSERT INTO PARTICIPANT (P_ID,BIRTHDAY) VALUES (227,'1994-05-07');
INSERT INTO PERSON (P_ID,ENABLED, FIRSTNAME,LASTNAME,PASSWORD,TELEPHONE,A_ID, CREATED) 
VALUES (228,TRUE,'Ines','Kief','ca92ddbb320e5ba3d78ff898445ab385298bb69fd7129e1c05bf30f48e407821ebc2ee3ae372047b',06801111111,226,CURRENT_TIMESTAMP);
INSERT INTO PARTICIPANT (P_ID,BIRTHDAY,PARENT_ID) VALUES (228,'2003-05-07',475);
INSERT INTO PERSON (P_ID,ENABLED, FIRSTNAME,LASTNAME,PASSWORD,TELEPHONE,A_ID, CREATED) 
VALUES (229,TRUE,'Karola','Heiting','ca92ddbb320e5ba3d78ff898445ab385298bb69fd7129e1c05bf30f48e407821ebc2ee3ae372047b',06801111111,227,CURRENT_TIMESTAMP);
INSERT INTO PARTICIPANT (P_ID,BIRTHDAY,PARENT_ID) VALUES (229,'2003-05-05',476);
INSERT INTO PERSON (P_ID,ENABLED, FIRSTNAME,LASTNAME,PASSWORD,TELEPHONE,A_ID, CREATED) 
VALUES (230,TRUE,'Sabrina','Gahr','ca92ddbb320e5ba3d78ff898445ab385298bb69fd7129e1c05bf30f48e407821ebc2ee3ae372047b',06801111111,228,CURRENT_TIMESTAMP);
INSERT INTO PARTICIPANT (P_ID,BIRTHDAY,PARENT_ID) VALUES (230,'2002-01-12',477);
INSERT INTO PERSON (P_ID,ENABLED, FIRSTNAME,LASTNAME,PASSWORD,TELEPHONE,A_ID, CREATED) 
VALUES (231,TRUE,'Sabine','Peek','ca92ddbb320e5ba3d78ff898445ab385298bb69fd7129e1c05bf30f48e407821ebc2ee3ae372047b',06801111111,229,CURRENT_TIMESTAMP);
INSERT INTO PARTICIPANT (P_ID,BIRTHDAY,PARENT_ID) VALUES (231,'2001-03-29',478);
INSERT INTO PERSON (P_ID,ENABLED, FIRSTNAME,LASTNAME,PASSWORD,TELEPHONE,A_ID, CREATED) 
VALUES (232,TRUE,'Eva','Prinz','ca92ddbb320e5ba3d78ff898445ab385298bb69fd7129e1c05bf30f48e407821ebc2ee3ae372047b',06801111111,230,CURRENT_TIMESTAMP);
INSERT INTO PARTICIPANT (P_ID,BIRTHDAY,PARENT_ID) VALUES (232,'2003-05-10',479);
INSERT INTO PERSON (P_ID,ENABLED, FIRSTNAME,LASTNAME,PASSWORD,TELEPHONE,A_ID, CREATED) 
VALUES (233,TRUE,'Stefanie','Von Bergen','ca92ddbb320e5ba3d78ff898445ab385298bb69fd7129e1c05bf30f48e407821ebc2ee3ae372047b',06801111111,231,CURRENT_TIMESTAMP);
INSERT INTO PARTICIPANT (P_ID,BIRTHDAY,PARENT_ID) VALUES (233,'1996-05-06',480);
INSERT INTO PERSON (P_ID,ENABLED, FIRSTNAME,LASTNAME,PASSWORD,TELEPHONE,A_ID, CREATED) 
VALUES (234,TRUE,'Sarah','Suess','ca92ddbb320e5ba3d78ff898445ab385298bb69fd7129e1c05bf30f48e407821ebc2ee3ae372047b',06801111111,232,CURRENT_TIMESTAMP);
INSERT INTO PARTICIPANT (P_ID,BIRTHDAY,PARENT_ID) VALUES (234,'2002-01-12',481);
INSERT INTO PERSON (P_ID,ENABLED, FIRSTNAME,LASTNAME,PASSWORD,TELEPHONE,A_ID, CREATED) 
VALUES (235,TRUE,'Livia','Finke','ca92ddbb320e5ba3d78ff898445ab385298bb69fd7129e1c05bf30f48e407821ebc2ee3ae372047b',06801111111,233,CURRENT_TIMESTAMP);
INSERT INTO PARTICIPANT (P_ID,BIRTHDAY,PARENT_ID) VALUES (235,'2001-03-29',482);
INSERT INTO PERSON (P_ID,ENABLED, FIRSTNAME,LASTNAME,PASSWORD,TELEPHONE,A_ID, CREATED) 
VALUES (236,TRUE,'Kerstin','Graper','ca92ddbb320e5ba3d78ff898445ab385298bb69fd7129e1c05bf30f48e407821ebc2ee3ae372047b',06801111111,234,CURRENT_TIMESTAMP);
INSERT INTO PARTICIPANT (P_ID,BIRTHDAY,PARENT_ID) VALUES (236,'2003-05-10',483);
INSERT INTO PERSON (P_ID,ENABLED, FIRSTNAME,LASTNAME,PASSWORD,TELEPHONE,A_ID, CREATED) 
VALUES (237,TRUE,'Laura','Hasse','ca92ddbb320e5ba3d78ff898445ab385298bb69fd7129e1c05bf30f48e407821ebc2ee3ae372047b',06801111111,235,CURRENT_TIMESTAMP);
INSERT INTO PARTICIPANT (P_ID,BIRTHDAY,PARENT_ID) VALUES (237,'2002-05-07',484);
INSERT INTO PERSON (P_ID,ENABLED, FIRSTNAME,LASTNAME,PASSWORD,TELEPHONE,A_ID, CREATED) 
VALUES (238,TRUE,'Elena','Jantzi','ca92ddbb320e5ba3d78ff898445ab385298bb69fd7129e1c05bf30f48e407821ebc2ee3ae372047b',06801111111,236,CURRENT_TIMESTAMP);
INSERT INTO PARTICIPANT (P_ID,BIRTHDAY,PARENT_ID) VALUES (238,'2002-05-07',485);
INSERT INTO PERSON (P_ID,ENABLED, FIRSTNAME,LASTNAME,PASSWORD,TELEPHONE,A_ID, CREATED) 
VALUES (239,TRUE,'Jessy','Ewoldt','ca92ddbb320e5ba3d78ff898445ab385298bb69fd7129e1c05bf30f48e407821ebc2ee3ae372047b',06801111111,237,CURRENT_TIMESTAMP);
INSERT INTO PARTICIPANT (P_ID,BIRTHDAY,PARENT_ID) VALUES (239,'1996-05-05',486);
INSERT INTO PERSON (P_ID,ENABLED, FIRSTNAME,LASTNAME,PASSWORD,TELEPHONE,A_ID, CREATED) 
VALUES (240,TRUE,'Hanna','Hackel','ca92ddbb320e5ba3d78ff898445ab385298bb69fd7129e1c05bf30f48e407821ebc2ee3ae372047b',06801111111,238,CURRENT_TIMESTAMP);
INSERT INTO PARTICIPANT (P_ID,BIRTHDAY,PARENT_ID) VALUES (240,'2002-01-12',487);
INSERT INTO PERSON (P_ID,ENABLED, FIRSTNAME,LASTNAME,PASSWORD,TELEPHONE,A_ID, CREATED) 
VALUES (241,TRUE,'Lea','Reichlin','ca92ddbb320e5ba3d78ff898445ab385298bb69fd7129e1c05bf30f48e407821ebc2ee3ae372047b',06801111111,239,CURRENT_TIMESTAMP);
INSERT INTO PARTICIPANT (P_ID,BIRTHDAY,PARENT_ID) VALUES (241,'2001-03-29',488);
INSERT INTO PERSON (P_ID,ENABLED, FIRSTNAME,LASTNAME,PASSWORD,TELEPHONE,A_ID, CREATED) 
VALUES (242,TRUE,'Johanna','Schmeichel','ca92ddbb320e5ba3d78ff898445ab385298bb69fd7129e1c05bf30f48e407821ebc2ee3ae372047b',06801111111,240,CURRENT_TIMESTAMP);
INSERT INTO PARTICIPANT (P_ID,BIRTHDAY,PARENT_ID) VALUES (242,'2003-05-10',489);
INSERT INTO PERSON (P_ID,ENABLED, FIRSTNAME,LASTNAME,PASSWORD,TELEPHONE,A_ID, CREATED) 
VALUES (243,TRUE,'Nicole','Dues','ca92ddbb320e5ba3d78ff898445ab385298bb69fd7129e1c05bf30f48e407821ebc2ee3ae372047b',06801111111,241,CURRENT_TIMESTAMP);
INSERT INTO PARTICIPANT (P_ID,BIRTHDAY,PARENT_ID) VALUES (243,'1996-05-06',490);
INSERT INTO PERSON (P_ID,ENABLED, FIRSTNAME,LASTNAME,PASSWORD,TELEPHONE,A_ID, CREATED) 
VALUES (244,TRUE,'Rasa','Blankenburg','ca92ddbb320e5ba3d78ff898445ab385298bb69fd7129e1c05bf30f48e407821ebc2ee3ae372047b',06801111111,242,CURRENT_TIMESTAMP);
INSERT INTO PARTICIPANT (P_ID,BIRTHDAY,PARENT_ID) VALUES (244,'2001-01-12',491);
INSERT INTO PERSON (P_ID,ENABLED, FIRSTNAME,LASTNAME,PASSWORD,TELEPHONE,A_ID, CREATED) 
VALUES (245,TRUE,'Marie','Sensemann','ca92ddbb320e5ba3d78ff898445ab385298bb69fd7129e1c05bf30f48e407821ebc2ee3ae372047b',06801111111,243,CURRENT_TIMESTAMP);
INSERT INTO PARTICIPANT (P_ID,BIRTHDAY,PARENT_ID) VALUES (245,'2001-03-29',492);
INSERT INTO PERSON (P_ID,ENABLED, FIRSTNAME,LASTNAME,PASSWORD,TELEPHONE,A_ID, CREATED) 
VALUES (246,TRUE,'Helena','Stand','ca92ddbb320e5ba3d78ff898445ab385298bb69fd7129e1c05bf30f48e407821ebc2ee3ae372047b',06801111111,244,CURRENT_TIMESTAMP);
INSERT INTO PARTICIPANT (P_ID,BIRTHDAY,PARENT_ID) VALUES (246,'2003-05-10',493);
INSERT INTO PERSON (P_ID,ENABLED, FIRSTNAME,LASTNAME,PASSWORD,TELEPHONE,A_ID, CREATED) 
VALUES (247,TRUE,'Lukas','Stuber','ca92ddbb320e5ba3d78ff898445ab385298bb69fd7129e1c05bf30f48e407821ebc2ee3ae372047b',06801111111,245,CURRENT_TIMESTAMP);
INSERT INTO PARTICIPANT (P_ID,BIRTHDAY,PARENT_ID) VALUES (247,'2001-05-07',494);
INSERT INTO PERSON (P_ID,ENABLED, FIRSTNAME,LASTNAME,PASSWORD,TELEPHONE,A_ID, CREATED) 
VALUES (248,TRUE,'Lydia','Spiers','ca92ddbb320e5ba3d78ff898445ab385298bb69fd7129e1c05bf30f48e407821ebc2ee3ae372047b',06801111111,246,CURRENT_TIMESTAMP);
INSERT INTO PARTICIPANT (P_ID,BIRTHDAY,PARENT_ID) VALUES (248,'2004-05-07',495);
INSERT INTO PERSON (P_ID,ENABLED, FIRSTNAME,LASTNAME,PASSWORD,TELEPHONE,A_ID, CREATED) 
VALUES (249,TRUE,'Barbara','Knaus','ca92ddbb320e5ba3d78ff898445ab385298bb69fd7129e1c05bf30f48e407821ebc2ee3ae372047b',06801111111,247,CURRENT_TIMESTAMP);
INSERT INTO PARTICIPANT (P_ID,BIRTHDAY,PARENT_ID) VALUES (249,'1996-05-05',496);
INSERT INTO PERSON (P_ID,ENABLED, FIRSTNAME,LASTNAME,PASSWORD,TELEPHONE,A_ID, CREATED) 
VALUES (250,TRUE,'Barbara','Mesman','ca92ddbb320e5ba3d78ff898445ab385298bb69fd7129e1c05bf30f48e407821ebc2ee3ae372047b',06801111111,248,CURRENT_TIMESTAMP);
INSERT INTO PARTICIPANT (P_ID,BIRTHDAY,PARENT_ID) VALUES (250,'2004-01-12',497);
INSERT INTO PERSON (P_ID,ENABLED, FIRSTNAME,LASTNAME,PASSWORD,TELEPHONE,A_ID, CREATED) 
VALUES (251,TRUE,'Kerstin','Gerloff','ca92ddbb320e5ba3d78ff898445ab385298bb69fd7129e1c05bf30f48e407821ebc2ee3ae372047b',06801111111,249,CURRENT_TIMESTAMP);
INSERT INTO PARTICIPANT (P_ID,BIRTHDAY,PARENT_ID) VALUES (251,'2001-03-29',498);
INSERT INTO PERSON (P_ID,ENABLED, FIRSTNAME,LASTNAME,PASSWORD,TELEPHONE,A_ID, CREATED) 
VALUES (252,TRUE,'Anna','Neller','ca92ddbb320e5ba3d78ff898445ab385298bb69fd7129e1c05bf30f48e407821ebc2ee3ae372047b',06801111111,250,CURRENT_TIMESTAMP);
INSERT INTO PARTICIPANT (P_ID,BIRTHDAY,PARENT_ID) VALUES (252,'2003-05-10',499);
INSERT INTO PERSON (P_ID,ENABLED, FIRSTNAME,LASTNAME,PASSWORD,TELEPHONE,A_ID, CREATED) 
VALUES (253,TRUE,'Leah','Hellenbrand','ca92ddbb320e5ba3d78ff898445ab385298bb69fd7129e1c05bf30f48e407821ebc2ee3ae372047b',06801111111,251,CURRENT_TIMESTAMP);
INSERT INTO PARTICIPANT (P_ID,BIRTHDAY,PARENT_ID) VALUES (253,'1996-05-06',500);
INSERT INTO PERSON (P_ID,ENABLED, FIRSTNAME,LASTNAME,PASSWORD,TELEPHONE,A_ID, CREATED) 
VALUES (254,TRUE,'Karoline','Nitz','ca92ddbb320e5ba3d78ff898445ab385298bb69fd7129e1c05bf30f48e407821ebc2ee3ae372047b',06801111111,252,CURRENT_TIMESTAMP);
INSERT INTO PARTICIPANT (P_ID,BIRTHDAY,PARENT_ID) VALUES (254,'2004-01-12',501);
INSERT INTO PERSON (P_ID,ENABLED, FIRSTNAME,LASTNAME,PASSWORD,TELEPHONE,A_ID, CREATED) 
VALUES (255,TRUE,'Julia','Bart','ca92ddbb320e5ba3d78ff898445ab385298bb69fd7129e1c05bf30f48e407821ebc2ee3ae372047b',06801111111,253,CURRENT_TIMESTAMP);
INSERT INTO PARTICIPANT (P_ID,BIRTHDAY,PARENT_ID) VALUES (255,'2001-03-29',502);
INSERT INTO PERSON (P_ID,ENABLED, FIRSTNAME,LASTNAME,PASSWORD,TELEPHONE,A_ID, CREATED) 
VALUES (256,TRUE,'Julia','Heyen','ca92ddbb320e5ba3d78ff898445ab385298bb69fd7129e1c05bf30f48e407821ebc2ee3ae372047b',06801111111,254,CURRENT_TIMESTAMP);
INSERT INTO PARTICIPANT (P_ID,BIRTHDAY,PARENT_ID) VALUES (256,'2003-05-10',503);
INSERT INTO PERSON (P_ID,ENABLED, FIRSTNAME,LASTNAME,PASSWORD,TELEPHONE,A_ID, CREATED) 
VALUES (257,TRUE,'Gabriele','Etzler','ca92ddbb320e5ba3d78ff898445ab385298bb69fd7129e1c05bf30f48e407821ebc2ee3ae372047b',06801111111,255,CURRENT_TIMESTAMP);
INSERT INTO PARTICIPANT (P_ID,BIRTHDAY,PARENT_ID) VALUES (257,'2004-05-07',504);
INSERT INTO PERSON (P_ID,ENABLED, FIRSTNAME,LASTNAME,PASSWORD,TELEPHONE,A_ID, CREATED) 
VALUES (258,TRUE,'Eva','Rode','ca92ddbb320e5ba3d78ff898445ab385298bb69fd7129e1c05bf30f48e407821ebc2ee3ae372047b',06801111111,256,CURRENT_TIMESTAMP);
INSERT INTO PARTICIPANT (P_ID,BIRTHDAY,PARENT_ID) VALUES (258,'2004-05-07',505);
INSERT INTO PERSON (P_ID,ENABLED, FIRSTNAME,LASTNAME,PASSWORD,TELEPHONE,A_ID, CREATED) 
VALUES (259,TRUE,'Bettina','Aicher','ca92ddbb320e5ba3d78ff898445ab385298bb69fd7129e1c05bf30f48e407821ebc2ee3ae372047b',06801111111,257,CURRENT_TIMESTAMP);
INSERT INTO PARTICIPANT (P_ID,BIRTHDAY,PARENT_ID) VALUES (259,'1996-05-05',506);
INSERT INTO PERSON (P_ID,ENABLED, FIRSTNAME,LASTNAME,PASSWORD,TELEPHONE,A_ID, CREATED) 
VALUES (260,TRUE,'Katharina','Grewe','ca92ddbb320e5ba3d78ff898445ab385298bb69fd7129e1c05bf30f48e407821ebc2ee3ae372047b',06801111111,258,CURRENT_TIMESTAMP);
INSERT INTO PARTICIPANT (P_ID,BIRTHDAY,PARENT_ID) VALUES (260,'2004-01-12',507);
INSERT INTO PERSON (P_ID,ENABLED, FIRSTNAME,LASTNAME,PASSWORD,TELEPHONE,A_ID, CREATED) 
VALUES (261,TRUE,'Stella','Eberly','ca92ddbb320e5ba3d78ff898445ab385298bb69fd7129e1c05bf30f48e407821ebc2ee3ae372047b',06801111111,259,CURRENT_TIMESTAMP);
INSERT INTO PARTICIPANT (P_ID,BIRTHDAY,PARENT_ID) VALUES (261,'2001-03-29',508);
INSERT INTO PERSON (P_ID,ENABLED, FIRSTNAME,LASTNAME,PASSWORD,TELEPHONE,A_ID, CREATED) 
VALUES (262,TRUE,'Elisa','Reppert','ca92ddbb320e5ba3d78ff898445ab385298bb69fd7129e1c05bf30f48e407821ebc2ee3ae372047b',06801111111,260,CURRENT_TIMESTAMP);
INSERT INTO PARTICIPANT (P_ID,BIRTHDAY,PARENT_ID) VALUES (262,'2003-05-10',509);
INSERT INTO PERSON (P_ID,ENABLED, FIRSTNAME,LASTNAME,PASSWORD,TELEPHONE,A_ID, CREATED) 
VALUES (263,TRUE,'Elisa','Richert','ca92ddbb320e5ba3d78ff898445ab385298bb69fd7129e1c05bf30f48e407821ebc2ee3ae372047b',06801111111,261,CURRENT_TIMESTAMP);
INSERT INTO PARTICIPANT (P_ID,BIRTHDAY,PARENT_ID) VALUES (263,'1996-05-06',510);
INSERT INTO PERSON (P_ID,ENABLED, FIRSTNAME,LASTNAME,PASSWORD,TELEPHONE,A_ID, CREATED) 
VALUES (264,TRUE,'Tanja','Kolz','ca92ddbb320e5ba3d78ff898445ab385298bb69fd7129e1c05bf30f48e407821ebc2ee3ae372047b',06801111111,262,CURRENT_TIMESTAMP);
INSERT INTO PARTICIPANT (P_ID,BIRTHDAY,PARENT_ID) VALUES (264,'2003-01-12',511);
INSERT INTO PERSON (P_ID,ENABLED, FIRSTNAME,LASTNAME,PASSWORD,TELEPHONE,A_ID, CREATED) 
VALUES (265,TRUE,'Renate','Helmle','ca92ddbb320e5ba3d78ff898445ab385298bb69fd7129e1c05bf30f48e407821ebc2ee3ae372047b',06801111111,263,CURRENT_TIMESTAMP);
INSERT INTO PARTICIPANT (P_ID,BIRTHDAY,PARENT_ID) VALUES (265,'2001-03-29',512);
INSERT INTO PERSON (P_ID,ENABLED, FIRSTNAME,LASTNAME,PASSWORD,TELEPHONE,A_ID, CREATED) 
VALUES (266,TRUE,'Larissa','Basch','ca92ddbb320e5ba3d78ff898445ab385298bb69fd7129e1c05bf30f48e407821ebc2ee3ae372047b',06801111111,264,CURRENT_TIMESTAMP);
INSERT INTO PARTICIPANT (P_ID,BIRTHDAY,PARENT_ID) VALUES (266,'2003-05-10',513);
INSERT INTO PERSON (P_ID,ENABLED, FIRSTNAME,LASTNAME,PASSWORD,TELEPHONE,A_ID, CREATED) 
VALUES (267,TRUE,'Helene','Grelle','ca92ddbb320e5ba3d78ff898445ab385298bb69fd7129e1c05bf30f48e407821ebc2ee3ae372047b',06801111111,265,CURRENT_TIMESTAMP);
INSERT INTO PARTICIPANT (P_ID,BIRTHDAY,PARENT_ID) VALUES (267,'2003-05-07',514);
INSERT INTO PERSON (P_ID,ENABLED, FIRSTNAME,LASTNAME,PASSWORD,TELEPHONE,A_ID, CREATED) 
VALUES (268,TRUE,'Daniela','Kolson','ca92ddbb320e5ba3d78ff898445ab385298bb69fd7129e1c05bf30f48e407821ebc2ee3ae372047b',06801111111,266,CURRENT_TIMESTAMP);
INSERT INTO PARTICIPANT (P_ID,BIRTHDAY,PARENT_ID) VALUES (268,'2003-05-07',515);
INSERT INTO PERSON (P_ID,ENABLED, FIRSTNAME,LASTNAME,PASSWORD,TELEPHONE,A_ID, CREATED) 
VALUES (269,TRUE,'Viktoria','Hagedorn','ca92ddbb320e5ba3d78ff898445ab385298bb69fd7129e1c05bf30f48e407821ebc2ee3ae372047b',06801111111,267,CURRENT_TIMESTAMP);
INSERT INTO PARTICIPANT (P_ID,BIRTHDAY,PARENT_ID) VALUES (269,'1996-05-05',516);
INSERT INTO PERSON (P_ID,ENABLED, FIRSTNAME,LASTNAME,PASSWORD,TELEPHONE,A_ID, CREATED) 
VALUES (270,TRUE,'Michaela','Preisler','ca92ddbb320e5ba3d78ff898445ab385298bb69fd7129e1c05bf30f48e407821ebc2ee3ae372047b',06801111111,268,CURRENT_TIMESTAMP);
INSERT INTO PARTICIPANT (P_ID,BIRTHDAY,PARENT_ID) VALUES (270,'2003-01-12',517);
INSERT INTO PERSON (P_ID,ENABLED, FIRSTNAME,LASTNAME,PASSWORD,TELEPHONE,A_ID, CREATED) 
VALUES (271,TRUE,'Elise','Sachen','ca92ddbb320e5ba3d78ff898445ab385298bb69fd7129e1c05bf30f48e407821ebc2ee3ae372047b',06801111111,269,CURRENT_TIMESTAMP);
INSERT INTO PARTICIPANT (P_ID,BIRTHDAY,PARENT_ID) VALUES (271,'2001-03-29',518);
INSERT INTO PERSON (P_ID,ENABLED, FIRSTNAME,LASTNAME,PASSWORD,TELEPHONE,A_ID, CREATED) 
VALUES (272,TRUE,'Kerstin','Kuhl','ca92ddbb320e5ba3d78ff898445ab385298bb69fd7129e1c05bf30f48e407821ebc2ee3ae372047b',06801111111,270,CURRENT_TIMESTAMP);
INSERT INTO PARTICIPANT (P_ID,BIRTHDAY,PARENT_ID) VALUES (272,'2003-05-10',519);
INSERT INTO PERSON (P_ID,ENABLED, FIRSTNAME,LASTNAME,PASSWORD,TELEPHONE,A_ID, CREATED) 
VALUES (273,TRUE,'Diana','Ludwin','ca92ddbb320e5ba3d78ff898445ab385298bb69fd7129e1c05bf30f48e407821ebc2ee3ae372047b',06801111111,271,CURRENT_TIMESTAMP);
INSERT INTO PARTICIPANT (P_ID,BIRTHDAY,PARENT_ID) VALUES (273,'1996-05-06',520);
INSERT INTO PERSON (P_ID,ENABLED, FIRSTNAME,LASTNAME,PASSWORD,TELEPHONE,A_ID, CREATED) 
VALUES (274,TRUE,'Olga','Bupp','ca92ddbb320e5ba3d78ff898445ab385298bb69fd7129e1c05bf30f48e407821ebc2ee3ae372047b',06801111111,272,CURRENT_TIMESTAMP);
INSERT INTO PARTICIPANT (P_ID,BIRTHDAY,PARENT_ID) VALUES (274,'2003-01-12',521);
INSERT INTO PERSON (P_ID,ENABLED, FIRSTNAME,LASTNAME,PASSWORD,TELEPHONE,A_ID, CREATED) 
VALUES (275,TRUE,'Theresa','Eisenbarth','ca92ddbb320e5ba3d78ff898445ab385298bb69fd7129e1c05bf30f48e407821ebc2ee3ae372047b',06801111111,273,CURRENT_TIMESTAMP);
INSERT INTO PARTICIPANT (P_ID,BIRTHDAY,PARENT_ID) VALUES (275,'2001-03-29',522);
INSERT INTO PERSON (P_ID,ENABLED, FIRSTNAME,LASTNAME,PASSWORD,TELEPHONE,A_ID, CREATED) 
VALUES (276,TRUE,'Theresa','Garriss','ca92ddbb320e5ba3d78ff898445ab385298bb69fd7129e1c05bf30f48e407821ebc2ee3ae372047b',06801111111,274,CURRENT_TIMESTAMP);
INSERT INTO PARTICIPANT (P_ID,BIRTHDAY,PARENT_ID) VALUES (276,'2003-05-10',523);
INSERT INTO PERSON (P_ID,ENABLED, FIRSTNAME,LASTNAME,PASSWORD,TELEPHONE,A_ID, CREATED) 
VALUES (277,TRUE,'Diana','Ebbs','ca92ddbb320e5ba3d78ff898445ab385298bb69fd7129e1c05bf30f48e407821ebc2ee3ae372047b',06801111111,275,CURRENT_TIMESTAMP);
INSERT INTO PARTICIPANT (P_ID,BIRTHDAY,PARENT_ID) VALUES (277,'1991-05-07',524);
INSERT INTO PERSON (P_ID,ENABLED, FIRSTNAME,LASTNAME,PASSWORD,TELEPHONE,A_ID, CREATED) 
VALUES (278,TRUE,'Michaela','Rymer','ca92ddbb320e5ba3d78ff898445ab385298bb69fd7129e1c05bf30f48e407821ebc2ee3ae372047b',06801111111,276,CURRENT_TIMESTAMP);
INSERT INTO PARTICIPANT (P_ID,BIRTHDAY,PARENT_ID) VALUES (278,'2003-05-07',525);
INSERT INTO PERSON (P_ID,ENABLED, FIRSTNAME,LASTNAME,PASSWORD,TELEPHONE,A_ID, CREATED) 
VALUES (279,TRUE,'Eveline','Mundorf','ca92ddbb320e5ba3d78ff898445ab385298bb69fd7129e1c05bf30f48e407821ebc2ee3ae372047b',06801111111,277,CURRENT_TIMESTAMP);
INSERT INTO PARTICIPANT (P_ID,BIRTHDAY,PARENT_ID) VALUES (279,'1996-05-05',526);
INSERT INTO PERSON (P_ID,ENABLED, FIRSTNAME,LASTNAME,PASSWORD,TELEPHONE,A_ID, CREATED) 
VALUES (280,TRUE,'Renate','Germann','ca92ddbb320e5ba3d78ff898445ab385298bb69fd7129e1c05bf30f48e407821ebc2ee3ae372047b',06801111111,278,CURRENT_TIMESTAMP);
INSERT INTO PARTICIPANT (P_ID,BIRTHDAY,PARENT_ID) VALUES (280,'2003-01-12',527);
INSERT INTO PERSON (P_ID,ENABLED, FIRSTNAME,LASTNAME,PASSWORD,TELEPHONE,A_ID, CREATED) 
VALUES (281,TRUE,'Julia','Porth','ca92ddbb320e5ba3d78ff898445ab385298bb69fd7129e1c05bf30f48e407821ebc2ee3ae372047b',06801111111,279,CURRENT_TIMESTAMP);
INSERT INTO PARTICIPANT (P_ID,BIRTHDAY,PARENT_ID) VALUES (281,'2001-03-29',528);
INSERT INTO PERSON (P_ID,ENABLED, FIRSTNAME,LASTNAME,PASSWORD,TELEPHONE,A_ID, CREATED) 
VALUES (282,TRUE,'Julia','Teubert','ca92ddbb320e5ba3d78ff898445ab385298bb69fd7129e1c05bf30f48e407821ebc2ee3ae372047b',06801111111,280,CURRENT_TIMESTAMP);
INSERT INTO PARTICIPANT (P_ID,BIRTHDAY,PARENT_ID) VALUES (282,'2003-05-10',529);
INSERT INTO PERSON (P_ID,ENABLED, FIRSTNAME,LASTNAME,PASSWORD,TELEPHONE,A_ID, CREATED) 
VALUES (283,TRUE,'Lena','Hennig','ca92ddbb320e5ba3d78ff898445ab385298bb69fd7129e1c05bf30f48e407821ebc2ee3ae372047b',06801111111,281,CURRENT_TIMESTAMP);
INSERT INTO PARTICIPANT (P_ID,BIRTHDAY,PARENT_ID) VALUES (283,'2001-05-06',530);
INSERT INTO PERSON (P_ID,ENABLED, FIRSTNAME,LASTNAME,PASSWORD,TELEPHONE,A_ID, CREATED) 
VALUES (284,TRUE,'Lena','Weeber','ca92ddbb320e5ba3d78ff898445ab385298bb69fd7129e1c05bf30f48e407821ebc2ee3ae372047b',06801111111,282,CURRENT_TIMESTAMP);
INSERT INTO PARTICIPANT (P_ID,BIRTHDAY,PARENT_ID) VALUES (284,'2001-01-12',531);
INSERT INTO PERSON (P_ID,ENABLED, FIRSTNAME,LASTNAME,PASSWORD,TELEPHONE,A_ID, CREATED) 
VALUES (285,TRUE,'Ines','Seibold','ca92ddbb320e5ba3d78ff898445ab385298bb69fd7129e1c05bf30f48e407821ebc2ee3ae372047b',06801111111,283,CURRENT_TIMESTAMP);
INSERT INTO PARTICIPANT (P_ID,BIRTHDAY,PARENT_ID) VALUES (285,'2001-03-29',532);
INSERT INTO PERSON (P_ID,ENABLED, FIRSTNAME,LASTNAME,PASSWORD,TELEPHONE,A_ID, CREATED) 
VALUES (286,TRUE,'Ines','Gadient','ca92ddbb320e5ba3d78ff898445ab385298bb69fd7129e1c05bf30f48e407821ebc2ee3ae372047b',06801111111,284,CURRENT_TIMESTAMP);
INSERT INTO PARTICIPANT (P_ID,BIRTHDAY,PARENT_ID) VALUES (286,'2003-05-10',533);
INSERT INTO PERSON (P_ID,ENABLED, FIRSTNAME,LASTNAME,PASSWORD,TELEPHONE,A_ID, CREATED) 
VALUES (287,TRUE,'Katja','Appenzeller','ca92ddbb320e5ba3d78ff898445ab385298bb69fd7129e1c05bf30f48e407821ebc2ee3ae372047b',06801111111,285,CURRENT_TIMESTAMP);
INSERT INTO PARTICIPANT (P_ID,BIRTHDAY,PARENT_ID) VALUES (287,'2001-05-07',534);
INSERT INTO PERSON (P_ID,ENABLED, FIRSTNAME,LASTNAME,PASSWORD,TELEPHONE,A_ID, CREATED) 
VALUES (288,TRUE,'Katja','Stahmer','ca92ddbb320e5ba3d78ff898445ab385298bb69fd7129e1c05bf30f48e407821ebc2ee3ae372047b',06801111111,286,CURRENT_TIMESTAMP);
INSERT INTO PARTICIPANT (P_ID,BIRTHDAY,PARENT_ID) VALUES (288,'2001-05-07',535);
INSERT INTO PERSON (P_ID,ENABLED, FIRSTNAME,LASTNAME,PASSWORD,TELEPHONE,A_ID, CREATED) 
VALUES (289,TRUE,'Angelika','Lotzer','ca92ddbb320e5ba3d78ff898445ab385298bb69fd7129e1c05bf30f48e407821ebc2ee3ae372047b',06801111111,287,CURRENT_TIMESTAMP);
INSERT INTO PARTICIPANT (P_ID,BIRTHDAY,PARENT_ID) VALUES (289,'1996-05-05',536);
INSERT INTO PERSON (P_ID,ENABLED, FIRSTNAME,LASTNAME,PASSWORD,TELEPHONE,A_ID, CREATED) 
VALUES (290,TRUE,'Phoebe','Selders','ca92ddbb320e5ba3d78ff898445ab385298bb69fd7129e1c05bf30f48e407821ebc2ee3ae372047b',06801111111,288,CURRENT_TIMESTAMP);
INSERT INTO PARTICIPANT (P_ID,BIRTHDAY,PARENT_ID) VALUES (290,'2001-01-12',537);
INSERT INTO PERSON (P_ID,ENABLED, FIRSTNAME,LASTNAME,PASSWORD,TELEPHONE,A_ID, CREATED) 
VALUES (291,TRUE,'Lina','Rattler','ca92ddbb320e5ba3d78ff898445ab385298bb69fd7129e1c05bf30f48e407821ebc2ee3ae372047b',06801111111,289,CURRENT_TIMESTAMP);
INSERT INTO PARTICIPANT (P_ID,BIRTHDAY,PARENT_ID) VALUES (291,'2001-03-29',538);
INSERT INTO PERSON (P_ID,ENABLED, FIRSTNAME,LASTNAME,PASSWORD,TELEPHONE,A_ID, CREATED) 
VALUES (292,TRUE,'Anja','Dentz','ca92ddbb320e5ba3d78ff898445ab385298bb69fd7129e1c05bf30f48e407821ebc2ee3ae372047b',06801111111,290,CURRENT_TIMESTAMP);
INSERT INTO PARTICIPANT (P_ID,BIRTHDAY,PARENT_ID) VALUES (292,'2003-05-10',539);
INSERT INTO PERSON (P_ID,ENABLED, FIRSTNAME,LASTNAME,PASSWORD,TELEPHONE,A_ID, CREATED) 
VALUES (293,TRUE,'Karoline','Altman','ca92ddbb320e5ba3d78ff898445ab385298bb69fd7129e1c05bf30f48e407821ebc2ee3ae372047b',06801111111,291,CURRENT_TIMESTAMP);
INSERT INTO PARTICIPANT (P_ID,BIRTHDAY,PARENT_ID) VALUES (293,'1996-05-06',540);
INSERT INTO PERSON (P_ID,ENABLED, FIRSTNAME,LASTNAME,PASSWORD,TELEPHONE,A_ID, CREATED) 
VALUES (294,TRUE,'Doris','Zech','ca92ddbb320e5ba3d78ff898445ab385298bb69fd7129e1c05bf30f48e407821ebc2ee3ae372047b',06801111111,292,CURRENT_TIMESTAMP);
INSERT INTO PARTICIPANT (P_ID,BIRTHDAY,PARENT_ID) VALUES (294,'2003-01-12',541);
INSERT INTO PERSON (P_ID,ENABLED, FIRSTNAME,LASTNAME,PASSWORD,TELEPHONE,A_ID, CREATED) 
VALUES (295,TRUE,'Doris','Schwendinger','ca92ddbb320e5ba3d78ff898445ab385298bb69fd7129e1c05bf30f48e407821ebc2ee3ae372047b',06801111111,293,CURRENT_TIMESTAMP);
INSERT INTO PARTICIPANT (P_ID,BIRTHDAY,PARENT_ID) VALUES (295,'2001-03-29',542);
INSERT INTO PERSON (P_ID,ENABLED, FIRSTNAME,LASTNAME,PASSWORD,TELEPHONE,A_ID, CREATED) 
VALUES (296,TRUE,'Odette','Dase','ca92ddbb320e5ba3d78ff898445ab385298bb69fd7129e1c05bf30f48e407821ebc2ee3ae372047b',06801111111,294,CURRENT_TIMESTAMP);
INSERT INTO PARTICIPANT (P_ID,BIRTHDAY,PARENT_ID) VALUES (296,'2003-05-10',543);
INSERT INTO PERSON (P_ID,ENABLED, FIRSTNAME,LASTNAME,PASSWORD,TELEPHONE,A_ID, CREATED) 
VALUES (297,TRUE,'Simone','Bunt','ca92ddbb320e5ba3d78ff898445ab385298bb69fd7129e1c05bf30f48e407821ebc2ee3ae372047b',06801111111,295,CURRENT_TIMESTAMP);
INSERT INTO PARTICIPANT (P_ID,BIRTHDAY,PARENT_ID) VALUES (297,'2003-05-07',544);
INSERT INTO PERSON (P_ID,ENABLED, FIRSTNAME,LASTNAME,PASSWORD,TELEPHONE,A_ID, CREATED) 
VALUES (298,TRUE,'Simone','Fissel','ca92ddbb320e5ba3d78ff898445ab385298bb69fd7129e1c05bf30f48e407821ebc2ee3ae372047b',06801111111,296,CURRENT_TIMESTAMP);
INSERT INTO PARTICIPANT (P_ID,BIRTHDAY,PARENT_ID) VALUES (298,'2003-05-07',545);
INSERT INTO PERSON (P_ID,ENABLED, FIRSTNAME,LASTNAME,PASSWORD,TELEPHONE,A_ID, CREATED) 
VALUES (299,TRUE,'Luciana','Hemler','ca92ddbb320e5ba3d78ff898445ab385298bb69fd7129e1c05bf30f48e407821ebc2ee3ae372047b',06801111111,297,CURRENT_TIMESTAMP);
INSERT INTO PARTICIPANT (P_ID,BIRTHDAY,PARENT_ID) VALUES (299,'1996-05-05',546);
INSERT INTO PERSON (P_ID,ENABLED, FIRSTNAME,LASTNAME,PASSWORD,TELEPHONE,A_ID, CREATED) 
VALUES (300,TRUE,'Luciana','Burg','ca92ddbb320e5ba3d78ff898445ab385298bb69fd7129e1c05bf30f48e407821ebc2ee3ae372047b',06801111111,298,CURRENT_TIMESTAMP);
INSERT INTO PARTICIPANT (P_ID,BIRTHDAY,PARENT_ID) VALUES (300,'1996-05-05',547);



--Geschwisterbeziehung
INSERT INTO PARTICIPANT_SIBLING (P_ID, P_ID_REVERSE) VALUES (3, 4);
INSERT INTO PARTICIPANT_SIBLING (P_ID, P_ID_REVERSE) VALUES (5, 4);
INSERT INTO PARTICIPANT_SIBLING (P_ID, P_ID_REVERSE) VALUES (3, 5);
INSERT INTO PARTICIPANT_SIBLING (P_ID, P_ID_REVERSE) VALUES (9, 34);
INSERT INTO PARTICIPANT_SIBLING (P_ID, P_ID_REVERSE) VALUES (44, 45);
INSERT INTO PARTICIPANT_SIBLING (P_ID, P_ID_REVERSE) VALUES (135, 136);
INSERT INTO PARTICIPANT_SIBLING (P_ID, P_ID_REVERSE) VALUES (168, 169);
INSERT INTO PARTICIPANT_SIBLING (P_ID, P_ID_REVERSE) VALUES (183, 184);

--Rollen
INSERT INTO PERSON (P_ID,ENABLED,EMAIL,FIRSTNAME,LASTNAME,PASSWORD,TELEPHONE,A_ID,CREATED) 
VALUES (6,TRUE,'admin@mail.com','Elisabeth','Padalewski','ca92ddbb320e5ba3d78ff898445ab385298bb69fd7129e1c05bf30f48e407821ebc2ee3ae372047b',06801111121,1,CURRENT_TIMESTAMP);
INSERT INTO ADMIN (P_ID) VALUES (6);


INSERT INTO PERSON (P_ID,ENABLED,EMAIL,FIRSTNAME,LASTNAME,PASSWORD,TELEPHONE,A_ID,CREATED) 
VALUES (23,TRUE,'super@mail.com','Super','User','ca92ddbb320e5ba3d78ff898445ab385298bb69fd7129e1c05bf30f48e407821ebc2ee3ae372047b',06801111121,1,CURRENT_TIMESTAMP);
INSERT INTO SUPERUSER (P_ID) VALUES (23);

--Lehrer beider Studios
INSERT INTO PERSON (P_ID,ENABLED,EMAIL,FIRSTNAME,LASTNAME,PASSWORD,TELEPHONE,A_ID,CREATED) 
VALUES (2,TRUE,'bobi@mail.com','Bobi','Bacher','ca92ddbb320e5ba3d78ff898445ab385298bb69fd7129e1c05bf30f48e407821ebc2ee3ae372047b',06801111111,3,CURRENT_TIMESTAMP);
INSERT INTO TEACHER (P_ID, BIRTHDAY, SVNR, ENGAGEMENTDATE, SALARY) VALUES (2,'1960-04-03','1234','2013-09-01',400);
INSERT INTO PERSON (P_ID,ENABLED,EMAIL,FIRSTNAME,LASTNAME,PASSWORD,TELEPHONE,A_ID,CREATED) 
VALUES (7,TRUE,'hasan@mail.com','Hasan','Huber','ca92ddbb320e5ba3d78ff898445ab385298bb69fd7129e1c05bf30f48e407821ebc2ee3ae372047b',06801111121,5,CURRENT_TIMESTAMP);
INSERT INTO TEACHER (P_ID, BIRTHDAY, SVNR, ENGAGEMENTDATE, SALARY) VALUES (7, '1988-01-09','1123','2013-09-01', 120);
INSERT INTO PERSON (P_ID,ENABLED,EMAIL,FIRSTNAME,LASTNAME,PASSWORD,TELEPHONE,A_ID,CREATED) 
VALUES (12,TRUE,'heidi@mail.com','Heidi','Franzelin','ca92ddbb320e5ba3d78ff898445ab385298bb69fd7129e1c05bf30f48e407821ebc2ee3ae372047b',06801111121,12,CURRENT_TIMESTAMP);
INSERT INTO TEACHER (P_ID, BIRTHDAY, SVNR, ENGAGEMENTDATE, SALARY) VALUES (12, '1988-01-09','1123','2013-09-01', 120);
INSERT INTO PERSON (P_ID,ENABLED,EMAIL,FIRSTNAME,LASTNAME,PASSWORD,TELEPHONE,A_ID,CREATED) 
VALUES (13,TRUE,'jessy@mail.com','Jessy','Meier','ca92ddbb320e5ba3d78ff898445ab385298bb69fd7129e1c05bf30f48e407821ebc2ee3ae372047b',06801111121,13,CURRENT_TIMESTAMP);
INSERT INTO TEACHER (P_ID, BIRTHDAY, SVNR, ENGAGEMENTDATE, SALARY) VALUES (13,'1988-01-09', '1123', '2013-09-01',120);
INSERT INTO PERSON (P_ID,ENABLED,EMAIL,FIRSTNAME,LASTNAME,PASSWORD,TELEPHONE,A_ID,CREATED) 
VALUES (14,TRUE,'johanna@mail.com','Johanna','Mucha','ca92ddbb320e5ba3d78ff898445ab385298bb69fd7129e1c05bf30f48e407821ebc2ee3ae372047b',06801111121,14,CURRENT_TIMESTAMP);
INSERT INTO TEACHER (P_ID, BIRTHDAY, SVNR, ENGAGEMENTDATE, SALARY) VALUES (14,'1988-01-09', '1123','2013-09-01', 120);
INSERT INTO PERSON (P_ID,ENABLED,EMAIL,FIRSTNAME,LASTNAME,PASSWORD,TELEPHONE,A_ID,CREATED) 
VALUES (15,TRUE,'kathi@mail.com','Kathi','Kremser','ca92ddbb320e5ba3d78ff898445ab385298bb69fd7129e1c05bf30f48e407821ebc2ee3ae372047b',06801111121,15,CURRENT_TIMESTAMP);
INSERT INTO TEACHER (P_ID, BIRTHDAY, SVNR, ENGAGEMENTDATE, SALARY) VALUES (15, '1988-01-09','1123', '2013-09-01',120);
INSERT INTO PERSON (P_ID,ENABLED,EMAIL,FIRSTNAME,LASTNAME,PASSWORD,TELEPHONE,A_ID,CREATED) 
VALUES (16,TRUE,'miriam@mail.com','Miriam','Mai','ca92ddbb320e5ba3d78ff898445ab385298bb69fd7129e1c05bf30f48e407821ebc2ee3ae372047b',06801111121,16,CURRENT_TIMESTAMP);
INSERT INTO TEACHER (P_ID, BIRTHDAY, SVNR, ENGAGEMENTDATE, SALARY) VALUES (16,'1988-01-09', '1123', '2013-09-01',120);
INSERT INTO PERSON (P_ID,ENABLED,EMAIL,FIRSTNAME,LASTNAME,PASSWORD,TELEPHONE,A_ID,CREATED) 
VALUES (17,TRUE,'sarah@mail.com','Sarah','Pfeiffer','ca92ddbb320e5ba3d78ff898445ab385298bb69fd7129e1c05bf30f48e407821ebc2ee3ae372047b',06801111121,17,CURRENT_TIMESTAMP);
INSERT INTO TEACHER (P_ID, BIRTHDAY, SVNR, ENGAGEMENTDATE, SALARY) VALUES (17,'1988-01-09', '1123', '2013-09-01',120);
INSERT INTO PERSON (P_ID,ENABLED,EMAIL,FIRSTNAME,LASTNAME,PASSWORD,TELEPHONE,A_ID,CREATED) 
VALUES (18,TRUE,'carina@mail.com','Carina','Obermair','ca92ddbb320e5ba3d78ff898445ab385298bb69fd7129e1c05bf30f48e407821ebc2ee3ae372047b',06801111121,18,CURRENT_TIMESTAMP);
INSERT INTO TEACHER (P_ID, BIRTHDAY, SVNR, ENGAGEMENTDATE, SALARY) VALUES (18,'1988-01-09', '1123', '2013-09-01',120);
INSERT INTO PERSON (P_ID,ENABLED,EMAIL,FIRSTNAME,LASTNAME,PASSWORD,TELEPHONE,A_ID,CREATED) 
VALUES (19,TRUE,'elisabeth@mail.com','Elisabeth','Schremser','ca92ddbb320e5ba3d78ff898445ab385298bb69fd7129e1c05bf30f48e407821ebc2ee3ae372047b',06801111121,19,CURRENT_TIMESTAMP);
INSERT INTO TEACHER (P_ID, BIRTHDAY, SVNR, ENGAGEMENTDATE, SALARY) VALUES (19,'1988-01-09', '1123', '2013-09-01',120);
INSERT INTO PERSON (P_ID,ENABLED,EMAIL,FIRSTNAME,LASTNAME,PASSWORD,TELEPHONE,A_ID,CREATED) 
VALUES (20,TRUE,'lena@mail.com','Lena','Kraus','ca92ddbb320e5ba3d78ff898445ab385298bb69fd7129e1c05bf30f48e407821ebc2ee3ae372047b',06801111121,20,CURRENT_TIMESTAMP);
INSERT INTO TEACHER (P_ID, BIRTHDAY, SVNR, ENGAGEMENTDATE, SALARY) VALUES (20, '1988-01-09','1123', '2013-09-01',120);
INSERT INTO PERSON (P_ID,ENABLED,EMAIL,FIRSTNAME,LASTNAME,PASSWORD,TELEPHONE,A_ID,CREATED) 
VALUES (21,TRUE,'maria@mail.com','Maria','Bacher','ca92ddbb320e5ba3d78ff898445ab385298bb69fd7129e1c05bf30f48e407821ebc2ee3ae372047b',06801111121,21,CURRENT_TIMESTAMP);
INSERT INTO TEACHER (P_ID, BIRTHDAY, SVNR, ENGAGEMENTDATE, SALARY) VALUES (21,'1988-01-09', '1123', '2013-09-01',120);
INSERT INTO PERSON (P_ID,ENABLED,EMAIL,FIRSTNAME,LASTNAME,PASSWORD,TELEPHONE,A_ID,CREATED) 
VALUES (22,TRUE,'olivia@mail.com','Olivia','Padalewski','ca92ddbb320e5ba3d78ff898445ab385298bb69fd7129e1c05bf30f48e407821ebc2ee3ae372047b',06801111121,22,CURRENT_TIMESTAMP);
INSERT INTO TEACHER (P_ID, BIRTHDAY, SVNR, ENGAGEMENTDATE, SALARY) VALUES (22, '1988-01-09','1123', '2013-09-01',120);


--Stile der Lehrer
INSERT INTO STYLE_TEACHER (S_ID,P_ID) VALUES (1,2);
INSERT INTO STYLE_TEACHER (S_ID,P_ID) VALUES (4,2);
INSERT INTO STYLE_TEACHER (S_ID,P_ID) VALUES (1,7);
INSERT INTO STYLE_TEACHER (S_ID,P_ID) VALUES (4,12);
INSERT INTO STYLE_TEACHER (S_ID,P_ID) VALUES (5,12);
INSERT INTO STYLE_TEACHER (S_ID,P_ID) VALUES (4,13);
INSERT INTO STYLE_TEACHER (S_ID,P_ID) VALUES (5,13);
INSERT INTO STYLE_TEACHER (S_ID,P_ID) VALUES (6,14);
INSERT INTO STYLE_TEACHER (S_ID,P_ID) VALUES (8,14);
INSERT INTO STYLE_TEACHER (S_ID,P_ID) VALUES (4,15);
INSERT INTO STYLE_TEACHER (S_ID,P_ID) VALUES (5,15);
INSERT INTO STYLE_TEACHER (S_ID,P_ID) VALUES (5,16);
INSERT INTO STYLE_TEACHER (S_ID,P_ID) VALUES (6,16);
INSERT INTO STYLE_TEACHER (S_ID,P_ID) VALUES (4,17);
INSERT INTO STYLE_TEACHER (S_ID,P_ID) VALUES (5,17);
INSERT INTO STYLE_TEACHER (S_ID,P_ID) VALUES (7,17);
INSERT INTO STYLE_TEACHER (S_ID,P_ID) VALUES (2,18);
INSERT INTO STYLE_TEACHER (S_ID,P_ID) VALUES (3,19);
INSERT INTO STYLE_TEACHER (S_ID,P_ID) VALUES (3,20);
INSERT INTO STYLE_TEACHER (S_ID,P_ID) VALUES (3,21);
INSERT INTO STYLE_TEACHER (S_ID,P_ID) VALUES (2,22);

--Kurse Studio 1
INSERT INTO COURSE(C_ID,ENABLED,AGEGROUP,AMOUNT_PERFORMANCES,NAME,SLUG,LEVEL,TIME,SEMESTERPRICE,YEARPRICE,DURATION,ESTIMATED_SPECTATORS,WEEKDAY,YEAR,A_ID,S_ID,P_ID,CREATED) 
VALUES (1,TRUE,0,1,'Ballett 1A MO','ballett-1a-mo-1',0,'15:15:00',50.0,90.0,50,1,0,2013,1,3,19,CURRENT_TIMESTAMP);
INSERT INTO COURSE(C_ID,ENABLED,AGEGROUP,AMOUNT_PERFORMANCES,NAME,SLUG,LEVEL,TIME,SEMESTERPRICE,YEARPRICE,DURATION,ESTIMATED_SPECTATORS,WEEKDAY,YEAR,A_ID,S_ID,P_ID,CREATED)  
VALUES (2,TRUE,0,1,'Ballett 1 MO','ballett-1-mo-2',0,'16:05:00',50.0,90.0,50,2,0,2013,1,3,19,CURRENT_TIMESTAMP);
INSERT INTO COURSE(C_ID,ENABLED,AGEGROUP,AMOUNT_PERFORMANCES,NAME,SLUG,LEVEL,TIME,SEMESTERPRICE,YEARPRICE,DURATION,ESTIMATED_SPECTATORS,WEEKDAY,YEAR,A_ID,S_ID,P_ID,CREATED)  
VALUES (3,TRUE,0,1,'Ballett 3 MO','ballett-3-mo-3',0,'16:55:00',50.0,90.0,50,1,0,2013,1,3,19,CURRENT_TIMESTAMP);
INSERT INTO COURSE(C_ID,ENABLED,AGEGROUP,AMOUNT_PERFORMANCES,NAME,SLUG,LEVEL,TIME,SEMESTERPRICE,YEARPRICE,DURATION,ESTIMATED_SPECTATORS,WEEKDAY,YEAR,A_ID,S_ID,P_ID,CREATED)  
VALUES (4,TRUE,1,2,'Breakdance 2','breakdance-2-4',1,'17:45:00',50.0,90.0,75,0,0,2013,1,1,7,CURRENT_TIMESTAMP);
INSERT INTO COURSE(C_ID,ENABLED,AGEGROUP,AMOUNT_PERFORMANCES,NAME,SLUG,LEVEL,TIME,SEMESTERPRICE,YEARPRICE,DURATION,ESTIMATED_SPECTATORS,WEEKDAY,YEAR,A_ID,S_ID,P_ID,CREATED)  
VALUES (5,TRUE,2,3,'Step Fortg.','step-fortg-5',2,'19:00:00',50.0,90.0,100,0,0,2013,1,2,2,CURRENT_TIMESTAMP);
INSERT INTO COURSE(C_ID,ENABLED,AGEGROUP,AMOUNT_PERFORMANCES,NAME,SLUG,LEVEL,TIME,SEMESTERPRICE,YEARPRICE,DURATION,ESTIMATED_SPECTATORS,WEEKDAY,YEAR,A_ID,S_ID,P_ID,CREATED)  
VALUES (6,TRUE,0,1,'Ballett 2 DI','ballett-2-de-6',0,'15:00:00',50.0,90.0,50,2,1,2013,1,3,20,CURRENT_TIMESTAMP);
INSERT INTO COURSE(C_ID,ENABLED,AGEGROUP,AMOUNT_PERFORMANCES,NAME,SLUG,LEVEL,TIME,SEMESTERPRICE,YEARPRICE,DURATION,ESTIMATED_SPECTATORS,WEEKDAY,YEAR,A_ID,S_ID,P_ID,CREATED)  
VALUES (7,TRUE,0,1,'Ballett 1A DI','ballett-1a-di-7',0,'15:50:00',50.0,90.0,50,2,1,2013,1,3,20,CURRENT_TIMESTAMP);
INSERT INTO COURSE(C_ID,ENABLED,AGEGROUP,AMOUNT_PERFORMANCES,NAME,SLUG,LEVEL,TIME,SEMESTERPRICE,YEARPRICE,DURATION,ESTIMATED_SPECTATORS,WEEKDAY,YEAR,A_ID,S_ID,P_ID,CREATED)  
VALUES (8,TRUE,1,1,'Ballett 4','ballett-4-8',0,'16:40:00',50.0,90.0,50,0,1,2013,1,3,20,CURRENT_TIMESTAMP);
INSERT INTO COURSE(C_ID,ENABLED,AGEGROUP,AMOUNT_PERFORMANCES,NAME,SLUG,LEVEL,TIME,SEMESTERPRICE,YEARPRICE,DURATION,ESTIMATED_SPECTATORS,WEEKDAY,YEAR,A_ID,S_ID,P_ID,CREATED)  
VALUES (9,TRUE,1,2,'Videoclipdancing 1','videoclipdancing-1-9',0,'17:30:00',50.0,90.0,75,0,1,2013,1,5,16,CURRENT_TIMESTAMP);
INSERT INTO COURSE(C_ID,ENABLED,AGEGROUP,AMOUNT_PERFORMANCES,NAME,SLUG,LEVEL,TIME,SEMESTERPRICE,YEARPRICE,DURATION,ESTIMATED_SPECTATORS,WEEKDAY,YEAR,A_ID,S_ID,P_ID,CREATED)  
VALUES (10,TRUE,2,2,'Ballett Fortg. 2','ballett-fortg-2-10',1,'18:45:00',50.0,90.0,75,0,1,2013,1,3,21,CURRENT_TIMESTAMP);
INSERT INTO COURSE(C_ID,ENABLED,AGEGROUP,AMOUNT_PERFORMANCES,NAME,SLUG,LEVEL,TIME,SEMESTERPRICE,YEARPRICE,DURATION,ESTIMATED_SPECTATORS,WEEKDAY,YEAR,A_ID,S_ID,P_ID,CREATED)  
VALUES (11,TRUE,0,1,'Ballett Vorb. 1','ballett-vorb-1-11',0,'15:00:00',50.0,90.0,50,2,2,2013,1,3,21,CURRENT_TIMESTAMP);
INSERT INTO COURSE(C_ID,ENABLED,AGEGROUP,AMOUNT_PERFORMANCES,NAME,SLUG,LEVEL,TIME,SEMESTERPRICE,YEARPRICE,DURATION,ESTIMATED_SPECTATORS,WEEKDAY,YEAR,A_ID,S_ID,P_ID,CREATED)  
VALUES (12,TRUE,0,1,'Ballett 1 MI','ballett-1-mi-12',0,'15:50:00',50.0,90.0,50,2,2,2013,1,3,21,CURRENT_TIMESTAMP);
INSERT INTO COURSE(C_ID,ENABLED,AGEGROUP,AMOUNT_PERFORMANCES,NAME,SLUG,LEVEL,TIME,SEMESTERPRICE,YEARPRICE,DURATION,ESTIMATED_SPECTATORS,WEEKDAY,YEAR,A_ID,S_ID,P_ID,CREATED)  
VALUES (13,TRUE,0,1,'Ballett 2 MI','ballett-2-mi-13',0,'16:40:00',50.0,90.0,50,1,2,2013,1,3,21,CURRENT_TIMESTAMP);
INSERT INTO COURSE(C_ID,ENABLED,AGEGROUP,AMOUNT_PERFORMANCES,NAME,SLUG,LEVEL,TIME,SEMESTERPRICE,YEARPRICE,DURATION,ESTIMATED_SPECTATORS,WEEKDAY,YEAR,A_ID,S_ID,P_ID,CREATED)  
VALUES (14,TRUE,1,1,'Ballett Fortg. 1','ballett-fortg-1-14',1,'17:30:00',50.0,90.0,75,0,2,2013,1,3,21,CURRENT_TIMESTAMP);
INSERT INTO COURSE(C_ID,ENABLED,AGEGROUP,AMOUNT_PERFORMANCES,NAME,SLUG,LEVEL,TIME,SEMESTERPRICE,YEARPRICE,DURATION,ESTIMATED_SPECTATORS,WEEKDAY,YEAR,A_ID,S_ID,P_ID,CREATED)  
VALUES (15,TRUE,2,3,'Videoclipdancing 2','videoclipdancing-2-15',2,'18:45:00',50.0,90.0,75,0,2,2013,1,5,13,CURRENT_TIMESTAMP);
INSERT INTO COURSE(C_ID,ENABLED,AGEGROUP,AMOUNT_PERFORMANCES,NAME,SLUG,LEVEL,TIME,SEMESTERPRICE,YEARPRICE,DURATION,ESTIMATED_SPECTATORS,WEEKDAY,YEAR,A_ID,S_ID,P_ID,CREATED)  
VALUES (16,TRUE,1,1,'Ballett 3 DO','ballett-3-do-16',0,'15:20:00',50.0,90.0,50,1,3,2013,1,3,20,CURRENT_TIMESTAMP);
INSERT INTO COURSE(C_ID,ENABLED,AGEGROUP,AMOUNT_PERFORMANCES,NAME,SLUG,LEVEL,TIME,SEMESTERPRICE,YEARPRICE,DURATION,ESTIMATED_SPECTATORS,WEEKDAY,YEAR,A_ID,S_ID,P_ID,CREATED)  
VALUES (17,TRUE,0,1,'Ballett Vorb 2.','ballett-vorb-2-17',0,'16:10:00',50.0,90.0,50,2,3,2013,1,3,20,CURRENT_TIMESTAMP);
INSERT INTO COURSE(C_ID,ENABLED,AGEGROUP,AMOUNT_PERFORMANCES,NAME,SLUG,LEVEL,TIME,SEMESTERPRICE,YEARPRICE,DURATION,ESTIMATED_SPECTATORS,WEEKDAY,YEAR,A_ID,S_ID,P_ID,CREATED)  
VALUES (18,TRUE,1,1,'Ballett Fortg. 1A','ballett-fortg-1a-18',1,'17:00:00',50.0,90.0,75,2,3,2013,1,3,21,CURRENT_TIMESTAMP);
INSERT INTO COURSE(C_ID,ENABLED,AGEGROUP,AMOUNT_PERFORMANCES,NAME,SLUG,LEVEL,TIME,SEMESTERPRICE,YEARPRICE,DURATION,ESTIMATED_SPECTATORS,WEEKDAY,YEAR,A_ID,S_ID,P_ID,CREATED)  
VALUES (19,TRUE,2,1,'Step 1 American','step-1-american-19',0,'18:15:00',50.0,90.0,50,0,3,2013,1,2,18,CURRENT_TIMESTAMP);
INSERT INTO COURSE(C_ID,ENABLED,AGEGROUP,AMOUNT_PERFORMANCES,NAME,SLUG,LEVEL,TIME,SEMESTERPRICE,YEARPRICE,DURATION,ESTIMATED_SPECTATORS,WEEKDAY,YEAR,A_ID,S_ID,P_ID,CREATED)  
VALUES (20,TRUE,2,3,'Ballett Fortg. 3','ballett-fortg-3-20',2,'19:05:00',50.0,90.0,75,0,3,2013,1,3,21,CURRENT_TIMESTAMP);
INSERT INTO COURSE(C_ID,ENABLED,AGEGROUP,AMOUNT_PERFORMANCES,NAME,SLUG,LEVEL,TIME,SEMESTERPRICE,YEARPRICE,DURATION,ESTIMATED_SPECTATORS,WEEKDAY,YEAR,A_ID,S_ID,P_ID,CREATED)  
VALUES (21,TRUE,0,1,'Step Kids 1','step-kids-1-21',0,'15:00:00',50.0,90.0,50,0,4,2013,1,2,22,CURRENT_TIMESTAMP);
INSERT INTO COURSE(C_ID,ENABLED,AGEGROUP,AMOUNT_PERFORMANCES,NAME,SLUG,LEVEL,TIME,SEMESTERPRICE,YEARPRICE,DURATION,ESTIMATED_SPECTATORS,WEEKDAY,YEAR,A_ID,S_ID,P_ID,CREATED)  
VALUES (22,TRUE,0,1,'Step Kids 2','step-kids-2-22',0,'15:50:00',50.0,90.0,50,1,4,2013,1,2,22,CURRENT_TIMESTAMP);
INSERT INTO COURSE(C_ID,ENABLED,AGEGROUP,AMOUNT_PERFORMANCES,NAME,SLUG,LEVEL,TIME,SEMESTERPRICE,YEARPRICE,DURATION,ESTIMATED_SPECTATORS,WEEKDAY,YEAR,A_ID,S_ID,P_ID,CREATED)  
VALUES (23,TRUE,1,2,'Step Kids 3','step-kids-3-23',1,'16:45:00',50.0,90.0,50,1,4,2013,1,2,22,CURRENT_TIMESTAMP);
INSERT INTO COURSE(C_ID,ENABLED,AGEGROUP,AMOUNT_PERFORMANCES,NAME,SLUG,LEVEL,TIME,SEMESTERPRICE,YEARPRICE,DURATION,ESTIMATED_SPECTATORS,WEEKDAY,YEAR,A_ID,S_ID,P_ID,CREATED)  
VALUES (24,TRUE,2,3,'Rhythm Tap Fortg.','rythm-tap-fortg-24',2,'17:35:00',50.0,90.0,50,0,4,2013,1,2,22,CURRENT_TIMESTAMP);

--Kurse Studio 2
INSERT INTO COURSE(C_ID,ENABLED,AGEGROUP,AMOUNT_PERFORMANCES,NAME,SLUG,LEVEL,TIME,SEMESTERPRICE,YEARPRICE,DURATION,ESTIMATED_SPECTATORS,WEEKDAY,YEAR,A_ID,S_ID,P_ID,CREATED)  
VALUES (25,TRUE,0,1,'Hip Hop Kids','hip-hop-kids-25',0,'15:40:00',50.0,90.0,50,1,0,2013,2,4,12,CURRENT_TIMESTAMP);
INSERT INTO COURSE(C_ID,ENABLED,AGEGROUP,AMOUNT_PERFORMANCES,NAME,SLUG,LEVEL,TIME,SEMESTERPRICE,YEARPRICE,DURATION,ESTIMATED_SPECTATORS,WEEKDAY,YEAR,A_ID,S_ID,P_ID,CREATED)  
VALUES (26,TRUE,1,1,'Urban Hip Hop','urban-hip-hop-26',0,'16:30:00',50.0,90.0,75,1,0,2013,2,4,12,CURRENT_TIMESTAMP);
INSERT INTO COURSE(C_ID,ENABLED,AGEGROUP,AMOUNT_PERFORMANCES,NAME,SLUG,LEVEL,TIME,SEMESTERPRICE,YEARPRICE,DURATION,ESTIMATED_SPECTATORS,WEEKDAY,YEAR,A_ID,S_ID,P_ID,CREATED)  
VALUES (27,TRUE,1,2,'Videoclipdancing/ Hip Hop 2','hip-hop-2-27',1,'17:45:00',50.0,90.0,75,1,0,2013,2,5,12,CURRENT_TIMESTAMP);
INSERT INTO COURSE(C_ID,ENABLED,AGEGROUP,AMOUNT_PERFORMANCES,NAME,SLUG,LEVEL,TIME,SEMESTERPRICE,YEARPRICE,DURATION,ESTIMATED_SPECTATORS,WEEKDAY,YEAR,A_ID,S_ID,P_ID,CREATED)  
VALUES (28,TRUE,2,3,'Hip Hop Fortg.','hip-hop-fortg-28',2,'19:00:00',50.0,90.0,75,0,0,2013,2,4,13,CURRENT_TIMESTAMP);
INSERT INTO COURSE(C_ID,ENABLED,AGEGROUP,AMOUNT_PERFORMANCES,NAME,SLUG,LEVEL,TIME,SEMESTERPRICE,YEARPRICE,DURATION,ESTIMATED_SPECTATORS,WEEKDAY,YEAR,A_ID,S_ID,P_ID,CREATED)  
VALUES (29,TRUE,0,1,'Kiddy Jazz','kiddy-jazz-29',0,'16:00:00',50.0,90.0,50,1,1,2013,2,7,17,CURRENT_TIMESTAMP);
INSERT INTO COURSE(C_ID,ENABLED,AGEGROUP,AMOUNT_PERFORMANCES,NAME,SLUG,LEVEL,TIME,SEMESTERPRICE,YEARPRICE,DURATION,ESTIMATED_SPECTATORS,WEEKDAY,YEAR,A_ID,S_ID,P_ID,CREATED)  
VALUES (30,TRUE,0,1,'Videoclipdancing Kids 1A','videoclipdancing-kids-1a-30',0,'16:50:00',50.0,90.0,50,2,1,2013,2,5,16,CURRENT_TIMESTAMP);
INSERT INTO COURSE(C_ID,ENABLED,AGEGROUP,AMOUNT_PERFORMANCES,NAME,SLUG,LEVEL,TIME,SEMESTERPRICE,YEARPRICE,DURATION,ESTIMATED_SPECTATORS,WEEKDAY,YEAR,A_ID,S_ID,P_ID,CREATED)  
VALUES (31,TRUE,1,1,'Hip Hop Mix Fortg. 1','hip-hop-mix-fortg-1-31',0,'17:40:00',50.0,90.0,75,1,1,2013,2,4,17,CURRENT_TIMESTAMP);
INSERT INTO COURSE(C_ID,ENABLED,AGEGROUP,AMOUNT_PERFORMANCES,NAME,SLUG,LEVEL,TIME,SEMESTERPRICE,YEARPRICE,DURATION,ESTIMATED_SPECTATORS,WEEKDAY,YEAR,A_ID,S_ID,P_ID,CREATED)  
VALUES (32,TRUE,0,1,'Musical 1A','musical-1a-32',0,'15:00:00',50.0,90.0,75,1,2,2013,2,6,16,CURRENT_TIMESTAMP);
INSERT INTO COURSE(C_ID,ENABLED,AGEGROUP,AMOUNT_PERFORMANCES,NAME,SLUG,LEVEL,TIME,SEMESTERPRICE,YEARPRICE,DURATION,ESTIMATED_SPECTATORS,WEEKDAY,YEAR,A_ID,S_ID,P_ID,CREATED)  
VALUES (33,TRUE,1,2,'Videoclipdancing Kids Fortg.','videoclipdancing-kids-fortg-33',1,'16:15:00',50.0,90.0,75,1,2,2013,2,5,17,CURRENT_TIMESTAMP);
INSERT INTO COURSE(C_ID,ENABLED,AGEGROUP,AMOUNT_PERFORMANCES,NAME,SLUG,LEVEL,TIME,SEMESTERPRICE,YEARPRICE,DURATION,ESTIMATED_SPECTATORS,WEEKDAY,YEAR,A_ID,S_ID,P_ID,CREATED)  
VALUES (34,TRUE,0,1,'Breakdance 1','breakdance1-34',0,'17:30:00',50.0,90.0,75,0,2,2013,2,1,7,CURRENT_TIMESTAMP);
INSERT INTO COURSE(C_ID,ENABLED,AGEGROUP,AMOUNT_PERFORMANCES,NAME,SLUG,LEVEL,TIME,SEMESTERPRICE,YEARPRICE,DURATION,ESTIMATED_SPECTATORS,WEEKDAY,YEAR,A_ID,S_ID,P_ID,CREATED)  
VALUES (35,TRUE,2,3,'Hip Hop Funky New Style','hip-hop-funky-new-style-35',2,'18:45:00',50.0,90.0,75,0,2,2013,2,4,2,CURRENT_TIMESTAMP);
INSERT INTO COURSE(C_ID,ENABLED,AGEGROUP,AMOUNT_PERFORMANCES,NAME,SLUG,LEVEL,TIME,SEMESTERPRICE,YEARPRICE,DURATION,ESTIMATED_SPECTATORS,WEEKDAY,YEAR,A_ID,S_ID,P_ID,CREATED)  
VALUES (36,TRUE,1,1,'Videoclipdancing Fortg. 1A','videoclipdancin-fortg-1a-36',0,'15:30:00',50.0,90.0,75,1,3,2013,2,5,15,CURRENT_TIMESTAMP);
INSERT INTO COURSE(C_ID,ENABLED,AGEGROUP,AMOUNT_PERFORMANCES,NAME,SLUG,LEVEL,TIME,SEMESTERPRICE,YEARPRICE,DURATION,ESTIMATED_SPECTATORS,WEEKDAY,YEAR,A_ID,S_ID,P_ID,CREATED)  
VALUES (37,TRUE,2,1,'Hip Hop Mix Fortg. 2','hip-hop-mix-fortg-2-37',0,'16:45:00',50.0,90.0,75,1,3,2013,2,4,15,CURRENT_TIMESTAMP);
INSERT INTO COURSE(C_ID,ENABLED,AGEGROUP,AMOUNT_PERFORMANCES,NAME,SLUG,LEVEL,TIME,SEMESTERPRICE,YEARPRICE,DURATION,ESTIMATED_SPECTATORS,WEEKDAY,YEAR,A_ID,S_ID,P_ID,CREATED)  
VALUES (38,TRUE,2,2,'Videoclipdancing Jugendl. Fortg.','videoclipdancing-jugendl-fortg-38',1,'18:00:00',50.0,90.0,75,0,3,2013,2,5,15,CURRENT_TIMESTAMP);
INSERT INTO COURSE(C_ID,ENABLED,AGEGROUP,AMOUNT_PERFORMANCES,NAME,SLUG,LEVEL,TIME,SEMESTERPRICE,YEARPRICE,DURATION,ESTIMATED_SPECTATORS,WEEKDAY,YEAR,A_ID,S_ID,P_ID,CREATED)  
VALUES (39,TRUE,1,3,'Musical Fortg.','musical-fort-39',2,'15:00:00',50.0,90.0,75,1,4,2013,2,6,2,CURRENT_TIMESTAMP);
INSERT INTO COURSE(C_ID,ENABLED,AGEGROUP,AMOUNT_PERFORMANCES,NAME,SLUG,LEVEL,TIME,SEMESTERPRICE,YEARPRICE,DURATION,ESTIMATED_SPECTATORS,WEEKDAY,YEAR,A_ID,S_ID,P_ID,CREATED)  
VALUES (40,TRUE,2,2,'Dance Mix Fortg. 1','dance-mix-fortg-1-40',1,'16:15:00',50.0,90.0,75,1,4,2013,2,8,2,CURRENT_TIMESTAMP);
INSERT INTO COURSE(C_ID,ENABLED,AGEGROUP,AMOUNT_PERFORMANCES,NAME,SLUG,LEVEL,TIME,SEMESTERPRICE,YEARPRICE,DURATION,ESTIMATED_SPECTATORS,WEEKDAY,YEAR,A_ID,S_ID,P_ID,CREATED)  
VALUES (41,TRUE,2,3,'Dance Mix Fortg. 2','dance-mix-fortg-2-41',2,'17:30:00',50.0,90.0,75,1,4,2013,2,8,14,CURRENT_TIMESTAMP);

--Teilnehmer in Kursen
INSERT INTO COURSE_PARTICIPANT (P_ID,C_ID, CREATED, ENABLED) VALUES (8,12,CURRENT_TIMESTAMP,TRUE);
INSERT INTO COURSE_PARTICIPANT (P_ID,C_ID, DURATION,CREATED, ENABLED) VALUES (1,1,1,CURRENT_TIMESTAMP,TRUE);
INSERT INTO COURSE_PARTICIPANT (P_ID,C_ID, DURATION,CREATED, ENABLED) VALUES (1,2,1,CURRENT_TIMESTAMP,TRUE);
INSERT INTO COURSE_PARTICIPANT (P_ID,C_ID, DURATION,CREATED, ENABLED) VALUES (1,4,1,CURRENT_TIMESTAMP,TRUE);
INSERT INTO COURSE_PARTICIPANT (P_ID,C_ID, DURATION,CREATED, ENABLED) VALUES (1,24,2,CURRENT_TIMESTAMP,TRUE);
INSERT INTO COURSE_PARTICIPANT (P_ID,C_ID, DURATION,CREATED, ENABLED) VALUES (1,36,0,CURRENT_TIMESTAMP,TRUE);
INSERT INTO COURSE_PARTICIPANT (P_ID,C_ID,CREATED, ENABLED) VALUES (1,35,CURRENT_TIMESTAMP,TRUE);
INSERT INTO COURSE_PARTICIPANT (P_ID,C_ID, DURATION,CREATED, ENABLED) VALUES (3,33,1,CURRENT_TIMESTAMP,TRUE);
INSERT INTO COURSE_PARTICIPANT (P_ID,C_ID, DURATION,CREATED, ENABLED) VALUES (4,33,1,CURRENT_TIMESTAMP,TRUE);
INSERT INTO COURSE_PARTICIPANT (P_ID,C_ID, DURATION,CREATED, ENABLED) VALUES (4,31,1,CURRENT_TIMESTAMP,TRUE);
INSERT INTO COURSE_PARTICIPANT (P_ID,C_ID, DURATION,CREATED, ENABLED) VALUES (5,24,1,CURRENT_TIMESTAMP,TRUE);
INSERT INTO COURSE_PARTICIPANT (P_ID,C_ID, DURATION,CREATED, ENABLED) VALUES (5,39,1,CURRENT_TIMESTAMP,TRUE);
INSERT INTO COURSE_PARTICIPANT (P_ID,C_ID, DURATION,CREATED, ENABLED) VALUES (9,40,1,CURRENT_TIMESTAMP,TRUE);
INSERT INTO COURSE_PARTICIPANT (P_ID,C_ID, DURATION,CREATED, ENABLED) VALUES (10,40,1,CURRENT_TIMESTAMP,TRUE);
INSERT INTO COURSE_PARTICIPANT (P_ID,C_ID, DURATION,CREATED, ENABLED) VALUES (11,40,1,CURRENT_TIMESTAMP,TRUE);
INSERT INTO COURSE_PARTICIPANT (P_ID,C_ID, DURATION,CREATED, ENABLED) VALUES (25,40,1,CURRENT_TIMESTAMP,TRUE);
INSERT INTO COURSE_PARTICIPANT (P_ID,C_ID, DURATION,CREATED, ENABLED) VALUES (25,26,1,CURRENT_TIMESTAMP,TRUE);
INSERT INTO COURSE_PARTICIPANT (P_ID,C_ID, DURATION,CREATED, ENABLED) VALUES (26,26,1,CURRENT_TIMESTAMP,TRUE);
INSERT INTO COURSE_PARTICIPANT (P_ID,C_ID, DURATION,CREATED, ENABLED) VALUES (27,26,1,CURRENT_TIMESTAMP,TRUE);
INSERT INTO COURSE_PARTICIPANT (P_ID,C_ID, DURATION,CREATED, ENABLED) VALUES (28,26,1,CURRENT_TIMESTAMP,TRUE);
INSERT INTO COURSE_PARTICIPANT (P_ID,C_ID, DURATION,CREATED, ENABLED) VALUES (29,5,1,CURRENT_TIMESTAMP,TRUE);
INSERT INTO COURSE_PARTICIPANT (P_ID,C_ID, DURATION,CREATED, ENABLED) VALUES (30,5,1,CURRENT_TIMESTAMP,TRUE);
INSERT INTO COURSE_PARTICIPANT (P_ID,C_ID, DURATION,CREATED, ENABLED) VALUES (31,5,1,CURRENT_TIMESTAMP,TRUE);
INSERT INTO COURSE_PARTICIPANT (P_ID,C_ID, DURATION,CREATED, ENABLED) VALUES (32,5,1,CURRENT_TIMESTAMP,TRUE);
INSERT INTO COURSE_PARTICIPANT (P_ID,C_ID, DURATION,CREATED, ENABLED) VALUES (33,5,1,CURRENT_TIMESTAMP,TRUE);
INSERT INTO COURSE_PARTICIPANT (P_ID,C_ID, DURATION,CREATED, ENABLED) VALUES (34,20,1,CURRENT_TIMESTAMP,TRUE);
INSERT INTO COURSE_PARTICIPANT (P_ID,C_ID, DURATION,CREATED, ENABLED) VALUES (35,20,1,CURRENT_TIMESTAMP,TRUE);
INSERT INTO COURSE_PARTICIPANT (P_ID,C_ID, DURATION,CREATED, ENABLED) VALUES (36,20,1,CURRENT_TIMESTAMP,TRUE);
INSERT INTO COURSE_PARTICIPANT (P_ID,C_ID, DURATION,CREATED, ENABLED) VALUES (37,20,1,CURRENT_TIMESTAMP,TRUE);
INSERT INTO COURSE_PARTICIPANT (P_ID,C_ID, DURATION,CREATED, ENABLED) VALUES (38,20,1,CURRENT_TIMESTAMP,TRUE);
INSERT INTO COURSE_PARTICIPANT (P_ID,C_ID, DURATION,CREATED, ENABLED) VALUES (39,20,1,CURRENT_TIMESTAMP,TRUE);
INSERT INTO COURSE_PARTICIPANT (P_ID,C_ID, DURATION,CREATED, ENABLED) VALUES (40,20,1,CURRENT_TIMESTAMP,TRUE);
INSERT INTO COURSE_PARTICIPANT (P_ID,C_ID, DURATION,CREATED, ENABLED) VALUES (41,20,1,CURRENT_TIMESTAMP,TRUE);
INSERT INTO COURSE_PARTICIPANT (P_ID,C_ID, DURATION,CREATED, ENABLED) VALUES (42,20,1,CURRENT_TIMESTAMP,TRUE);
INSERT INTO COURSE_PARTICIPANT (P_ID,C_ID, DURATION,CREATED, ENABLED) VALUES (43,20,1,CURRENT_TIMESTAMP,TRUE);
INSERT INTO COURSE_PARTICIPANT (P_ID,C_ID, DURATION,CREATED, ENABLED) VALUES (44,19,1,CURRENT_TIMESTAMP,TRUE);
INSERT INTO COURSE_PARTICIPANT (P_ID,C_ID, DURATION,CREATED, ENABLED) VALUES (45,19,1,CURRENT_TIMESTAMP,TRUE);
INSERT INTO COURSE_PARTICIPANT (P_ID,C_ID, DURATION,CREATED, ENABLED) VALUES (46,19,1,CURRENT_TIMESTAMP,TRUE);
INSERT INTO COURSE_PARTICIPANT (P_ID,C_ID, DURATION,CREATED, ENABLED) VALUES (48,19,1,CURRENT_TIMESTAMP,TRUE);
INSERT INTO COURSE_PARTICIPANT (P_ID,C_ID, DURATION,CREATED, ENABLED) VALUES (49,19,2,CURRENT_TIMESTAMP,TRUE);
INSERT INTO COURSE_PARTICIPANT (P_ID,C_ID, DURATION,CREATED, ENABLED) VALUES (50,19,0,CURRENT_TIMESTAMP,TRUE);
INSERT INTO COURSE_PARTICIPANT (P_ID,C_ID, DURATION,CREATED, ENABLED) VALUES (51,28,1,CURRENT_TIMESTAMP,TRUE);
INSERT INTO COURSE_PARTICIPANT (P_ID,C_ID, DURATION,CREATED, ENABLED) VALUES (52,28,1,CURRENT_TIMESTAMP,TRUE);
INSERT INTO COURSE_PARTICIPANT (P_ID,C_ID, DURATION,CREATED, ENABLED) VALUES (53,28,1,CURRENT_TIMESTAMP,TRUE);
INSERT INTO COURSE_PARTICIPANT (P_ID,C_ID, DURATION,CREATED, ENABLED) VALUES (54,28,1,CURRENT_TIMESTAMP,TRUE);
INSERT INTO COURSE_PARTICIPANT (P_ID,C_ID, DURATION,CREATED, ENABLED) VALUES (54,41,1,CURRENT_TIMESTAMP,TRUE);
INSERT INTO COURSE_PARTICIPANT (P_ID,C_ID, DURATION,CREATED, ENABLED) VALUES (55,28,1,CURRENT_TIMESTAMP,TRUE);
INSERT INTO COURSE_PARTICIPANT (P_ID,C_ID, DURATION,CREATED, ENABLED) VALUES (55,41,1,CURRENT_TIMESTAMP,TRUE);
INSERT INTO COURSE_PARTICIPANT (P_ID,C_ID, DURATION,CREATED, ENABLED) VALUES (56,28,1,CURRENT_TIMESTAMP,TRUE);
INSERT INTO COURSE_PARTICIPANT (P_ID,C_ID, DURATION,CREATED, ENABLED) VALUES (57,28,1,CURRENT_TIMESTAMP,TRUE);
INSERT INTO COURSE_PARTICIPANT (P_ID,C_ID, DURATION,CREATED, ENABLED) VALUES (58,28,1,CURRENT_TIMESTAMP,TRUE);
INSERT INTO COURSE_PARTICIPANT (P_ID,C_ID, DURATION,CREATED, ENABLED) VALUES (59,28,1,CURRENT_TIMESTAMP,TRUE);
INSERT INTO COURSE_PARTICIPANT (P_ID,C_ID, DURATION,CREATED, ENABLED) VALUES (60,35,1,CURRENT_TIMESTAMP,TRUE);
INSERT INTO COURSE_PARTICIPANT (P_ID,C_ID, DURATION,CREATED, ENABLED) VALUES (61,35,1,CURRENT_TIMESTAMP,TRUE);
INSERT INTO COURSE_PARTICIPANT (P_ID,C_ID, DURATION,CREATED, ENABLED) VALUES (62,35,1,CURRENT_TIMESTAMP,TRUE);
INSERT INTO COURSE_PARTICIPANT (P_ID,C_ID, DURATION,CREATED, ENABLED) VALUES (63,35,1,CURRENT_TIMESTAMP,TRUE);
INSERT INTO COURSE_PARTICIPANT (P_ID,C_ID, DURATION,CREATED, ENABLED) VALUES (64,35,1,CURRENT_TIMESTAMP,TRUE);
INSERT INTO COURSE_PARTICIPANT (P_ID,C_ID, DURATION,CREATED, ENABLED) VALUES (65,35,1,CURRENT_TIMESTAMP,TRUE);
INSERT INTO COURSE_PARTICIPANT (P_ID,C_ID, DURATION,CREATED, ENABLED) VALUES (66,35,1,CURRENT_TIMESTAMP,TRUE);
INSERT INTO COURSE_PARTICIPANT (P_ID,C_ID, DURATION,CREATED, ENABLED) VALUES (67,35,1,CURRENT_TIMESTAMP,TRUE);
INSERT INTO COURSE_PARTICIPANT (P_ID,C_ID, DURATION,CREATED, ENABLED) VALUES (68,35,1,CURRENT_TIMESTAMP,TRUE);
INSERT INTO COURSE_PARTICIPANT (P_ID,C_ID, DURATION,CREATED, ENABLED) VALUES (69,35,1,CURRENT_TIMESTAMP,TRUE);
INSERT INTO COURSE_PARTICIPANT (P_ID,C_ID, DURATION,CREATED, ENABLED) VALUES (70,38,1,CURRENT_TIMESTAMP,TRUE);
INSERT INTO COURSE_PARTICIPANT (P_ID,C_ID, DURATION,CREATED, ENABLED) VALUES (71,38,1,CURRENT_TIMESTAMP,TRUE);
INSERT INTO COURSE_PARTICIPANT (P_ID,C_ID, DURATION,CREATED, ENABLED) VALUES (72,38,1,CURRENT_TIMESTAMP,TRUE);
INSERT INTO COURSE_PARTICIPANT (P_ID,C_ID, DURATION,CREATED, ENABLED) VALUES (73,38,1,CURRENT_TIMESTAMP,TRUE);
INSERT INTO COURSE_PARTICIPANT (P_ID,C_ID, DURATION,CREATED, ENABLED) VALUES (73,41,1,CURRENT_TIMESTAMP,TRUE);
INSERT INTO COURSE_PARTICIPANT (P_ID,C_ID, DURATION,CREATED, ENABLED) VALUES (74,38,1,CURRENT_TIMESTAMP,TRUE);
INSERT INTO COURSE_PARTICIPANT (P_ID,C_ID, DURATION,CREATED, ENABLED) VALUES (75,38,1,CURRENT_TIMESTAMP,TRUE);
INSERT INTO COURSE_PARTICIPANT (P_ID,C_ID, DURATION,CREATED, ENABLED) VALUES (76,38,1,CURRENT_TIMESTAMP,TRUE);
INSERT INTO COURSE_PARTICIPANT (P_ID,C_ID, DURATION,CREATED, ENABLED) VALUES (77,38,1,CURRENT_TIMESTAMP,TRUE);
INSERT INTO COURSE_PARTICIPANT (P_ID,C_ID, DURATION,CREATED, ENABLED) VALUES (78,38,1,CURRENT_TIMESTAMP,TRUE);
INSERT INTO COURSE_PARTICIPANT (P_ID,C_ID, DURATION,CREATED, ENABLED) VALUES (79,38,1,CURRENT_TIMESTAMP,TRUE);
INSERT INTO COURSE_PARTICIPANT (P_ID,C_ID, DURATION,CREATED, ENABLED) VALUES (80,38,1,CURRENT_TIMESTAMP,TRUE);
INSERT INTO COURSE_PARTICIPANT (P_ID,C_ID, DURATION,CREATED, ENABLED) VALUES (81,38,1,CURRENT_TIMESTAMP,TRUE);
INSERT INTO COURSE_PARTICIPANT (P_ID,C_ID, DURATION,CREATED, ENABLED) VALUES (82,41,1,CURRENT_TIMESTAMP,TRUE);
INSERT INTO COURSE_PARTICIPANT (P_ID,C_ID, DURATION,CREATED, ENABLED) VALUES (83,41,1,CURRENT_TIMESTAMP,TRUE);
INSERT INTO COURSE_PARTICIPANT (P_ID,C_ID, DURATION,CREATED, ENABLED) VALUES (84,41,1,CURRENT_TIMESTAMP,TRUE);
INSERT INTO COURSE_PARTICIPANT (P_ID,C_ID, DURATION,CREATED, ENABLED) VALUES (85,41,1,CURRENT_TIMESTAMP,TRUE);
INSERT INTO COURSE_PARTICIPANT (P_ID,C_ID, DURATION,CREATED, ENABLED) VALUES (86,41,1,CURRENT_TIMESTAMP,TRUE);
INSERT INTO COURSE_PARTICIPANT (P_ID,C_ID, DURATION,CREATED, ENABLED) VALUES (87,41,2,CURRENT_TIMESTAMP,TRUE);
INSERT INTO COURSE_PARTICIPANT (P_ID,C_ID, DURATION,CREATED, ENABLED) VALUES (88,41,0,CURRENT_TIMESTAMP,TRUE);
INSERT INTO COURSE_PARTICIPANT (P_ID,C_ID, DURATION,CREATED, ENABLED) VALUES (89,41,1,CURRENT_TIMESTAMP,TRUE);
INSERT INTO COURSE_PARTICIPANT (P_ID,C_ID, DURATION,CREATED, ENABLED) VALUES (90,41,1,CURRENT_TIMESTAMP,TRUE);
INSERT INTO COURSE_PARTICIPANT (P_ID,C_ID, DURATION,CREATED, ENABLED) VALUES (91,40,1,CURRENT_TIMESTAMP,TRUE);
INSERT INTO COURSE_PARTICIPANT (P_ID,C_ID, DURATION,CREATED, ENABLED) VALUES (92,40,1,CURRENT_TIMESTAMP,TRUE);
INSERT INTO COURSE_PARTICIPANT (P_ID,C_ID, DURATION,CREATED, ENABLED) VALUES (93,40,1,CURRENT_TIMESTAMP,TRUE);
INSERT INTO COURSE_PARTICIPANT (P_ID,C_ID, DURATION,CREATED, ENABLED) VALUES (94,40,1,CURRENT_TIMESTAMP,TRUE);
INSERT INTO COURSE_PARTICIPANT (P_ID,C_ID, DURATION,CREATED, ENABLED) VALUES (95,40,1,CURRENT_TIMESTAMP,TRUE);
INSERT INTO COURSE_PARTICIPANT (P_ID,C_ID, DURATION,CREATED, ENABLED) VALUES (96,40,1,CURRENT_TIMESTAMP,TRUE);
INSERT INTO COURSE_PARTICIPANT (P_ID,C_ID, DURATION,CREATED, ENABLED) VALUES (97,40,1,CURRENT_TIMESTAMP,TRUE);
INSERT INTO COURSE_PARTICIPANT (P_ID,C_ID, DURATION,CREATED, ENABLED) VALUES (98,40,1,CURRENT_TIMESTAMP,TRUE);
INSERT INTO COURSE_PARTICIPANT (P_ID,C_ID, DURATION,CREATED, ENABLED) VALUES (99,10,1,CURRENT_TIMESTAMP,TRUE);
INSERT INTO COURSE_PARTICIPANT (P_ID,C_ID, DURATION,CREATED, ENABLED) VALUES (100,10,1,CURRENT_TIMESTAMP,TRUE);
INSERT INTO COURSE_PARTICIPANT (P_ID,C_ID, DURATION,CREATED, ENABLED) VALUES (101,10,1,CURRENT_TIMESTAMP,TRUE);
INSERT INTO COURSE_PARTICIPANT (P_ID,C_ID, DURATION,CREATED, ENABLED) VALUES (101,39,1,CURRENT_TIMESTAMP,TRUE);
INSERT INTO COURSE_PARTICIPANT (P_ID,C_ID, DURATION,CREATED, ENABLED) VALUES (102,10,1,CURRENT_TIMESTAMP,TRUE);
INSERT INTO COURSE_PARTICIPANT (P_ID,C_ID, DURATION,CREATED, ENABLED) VALUES (103,10,1,CURRENT_TIMESTAMP,TRUE);
INSERT INTO COURSE_PARTICIPANT (P_ID,C_ID, DURATION,CREATED, ENABLED) VALUES (104,10,1,CURRENT_TIMESTAMP,TRUE);
INSERT INTO COURSE_PARTICIPANT (P_ID,C_ID, DURATION,CREATED, ENABLED) VALUES (105,10,1,CURRENT_TIMESTAMP,TRUE);
INSERT INTO COURSE_PARTICIPANT (P_ID,C_ID, DURATION,CREATED, ENABLED) VALUES (106,10,0,CURRENT_TIMESTAMP,TRUE);
INSERT INTO COURSE_PARTICIPANT (P_ID,C_ID, DURATION,CREATED, ENABLED) VALUES (107,10,0,CURRENT_TIMESTAMP,TRUE);
INSERT INTO COURSE_PARTICIPANT (P_ID,C_ID, DURATION,CREATED, ENABLED) VALUES (108,24,0,CURRENT_TIMESTAMP,TRUE);
INSERT INTO COURSE_PARTICIPANT (P_ID,C_ID, DURATION,CREATED, ENABLED) VALUES (109,24,0,CURRENT_TIMESTAMP,TRUE);
INSERT INTO COURSE_PARTICIPANT (P_ID,C_ID, DURATION,CREATED, ENABLED) VALUES (110,24,0,CURRENT_TIMESTAMP,TRUE);
INSERT INTO COURSE_PARTICIPANT (P_ID,C_ID, DURATION,CREATED, ENABLED) VALUES (111,24,0,CURRENT_TIMESTAMP,TRUE);
INSERT INTO COURSE_PARTICIPANT (P_ID,C_ID, DURATION,CREATED, ENABLED) VALUES (112,15,0,CURRENT_TIMESTAMP,TRUE);
INSERT INTO COURSE_PARTICIPANT (P_ID,C_ID, DURATION,CREATED, ENABLED) VALUES (113,15,0,CURRENT_TIMESTAMP,TRUE);
INSERT INTO COURSE_PARTICIPANT (P_ID,C_ID, DURATION,CREATED, ENABLED) VALUES (114,15,0,CURRENT_TIMESTAMP,TRUE);
INSERT INTO COURSE_PARTICIPANT (P_ID,C_ID, DURATION,CREATED, ENABLED) VALUES (115,15,0,CURRENT_TIMESTAMP,TRUE);
INSERT INTO COURSE_PARTICIPANT (P_ID,C_ID, DURATION,CREATED, ENABLED) VALUES (116,15,0,CURRENT_TIMESTAMP,TRUE);
INSERT INTO COURSE_PARTICIPANT (P_ID,C_ID, DURATION,CREATED, ENABLED) VALUES (117,15,1,CURRENT_TIMESTAMP,TRUE);
INSERT INTO COURSE_PARTICIPANT (P_ID,C_ID, DURATION,CREATED, ENABLED) VALUES (118,15,1,CURRENT_TIMESTAMP,TRUE);
INSERT INTO COURSE_PARTICIPANT (P_ID,C_ID, DURATION,CREATED, ENABLED) VALUES (118,24,1,CURRENT_TIMESTAMP,TRUE);
INSERT INTO COURSE_PARTICIPANT (P_ID,C_ID, DURATION,CREATED, ENABLED) VALUES (119,15,1,CURRENT_TIMESTAMP,TRUE);
INSERT INTO COURSE_PARTICIPANT (P_ID,C_ID, DURATION,CREATED, ENABLED) VALUES (120,15,1,CURRENT_TIMESTAMP,TRUE);
INSERT INTO COURSE_PARTICIPANT (P_ID,C_ID, DURATION,CREATED, ENABLED) VALUES (121,15,1,CURRENT_TIMESTAMP,TRUE);
INSERT INTO COURSE_PARTICIPANT (P_ID,C_ID, DURATION,CREATED, ENABLED) VALUES (122,15,1,CURRENT_TIMESTAMP,TRUE);
INSERT INTO COURSE_PARTICIPANT (P_ID,C_ID, DURATION,CREATED, ENABLED) VALUES (123,15,1,CURRENT_TIMESTAMP,TRUE);
INSERT INTO COURSE_PARTICIPANT (P_ID,C_ID, DURATION,CREATED, ENABLED) VALUES (124,15,1,CURRENT_TIMESTAMP,TRUE);
INSERT INTO COURSE_PARTICIPANT (P_ID,C_ID, DURATION,CREATED, ENABLED) VALUES (125,15,1,CURRENT_TIMESTAMP,TRUE);
INSERT INTO COURSE_PARTICIPANT (P_ID,C_ID, DURATION,CREATED, ENABLED) VALUES (126,39,1,CURRENT_TIMESTAMP,TRUE);
INSERT INTO COURSE_PARTICIPANT (P_ID,C_ID, DURATION,CREATED, ENABLED) VALUES (127,39,1,CURRENT_TIMESTAMP,TRUE);
INSERT INTO COURSE_PARTICIPANT (P_ID,C_ID, DURATION,CREATED, ENABLED) VALUES (128,1,1,CURRENT_TIMESTAMP,TRUE);
INSERT INTO COURSE_PARTICIPANT (P_ID,C_ID, DURATION,CREATED, ENABLED) VALUES (129,1,1,CURRENT_TIMESTAMP,TRUE);
INSERT INTO COURSE_PARTICIPANT (P_ID,C_ID, DURATION,CREATED, ENABLED) VALUES (130,1,1,CURRENT_TIMESTAMP,TRUE);
INSERT INTO COURSE_PARTICIPANT (P_ID,C_ID, DURATION,CREATED, ENABLED) VALUES (130,29,1,CURRENT_TIMESTAMP,TRUE);
INSERT INTO COURSE_PARTICIPANT (P_ID,C_ID, DURATION,CREATED, ENABLED) VALUES (131,1,1,CURRENT_TIMESTAMP,TRUE);
INSERT INTO COURSE_PARTICIPANT (P_ID,C_ID, DURATION,CREATED, ENABLED) VALUES (132,1,1,CURRENT_TIMESTAMP,TRUE);
INSERT INTO COURSE_PARTICIPANT (P_ID,C_ID, DURATION,CREATED, ENABLED) VALUES (133,1,1,CURRENT_TIMESTAMP,TRUE);
INSERT INTO COURSE_PARTICIPANT (P_ID,C_ID, DURATION,CREATED, ENABLED) VALUES (134,1,1,CURRENT_TIMESTAMP,TRUE);
INSERT INTO COURSE_PARTICIPANT (P_ID,C_ID, DURATION,CREATED, ENABLED) VALUES (135,1,1,CURRENT_TIMESTAMP,TRUE);
INSERT INTO COURSE_PARTICIPANT (P_ID,C_ID, DURATION,CREATED, ENABLED) VALUES (136,29,1,CURRENT_TIMESTAMP,TRUE);
INSERT INTO COURSE_PARTICIPANT (P_ID,C_ID, DURATION,CREATED, ENABLED) VALUES (137,29,1,CURRENT_TIMESTAMP,TRUE);
INSERT INTO COURSE_PARTICIPANT (P_ID,C_ID, DURATION,CREATED, ENABLED) VALUES (138,34,1,CURRENT_TIMESTAMP,TRUE);
INSERT INTO COURSE_PARTICIPANT (P_ID,C_ID, DURATION,CREATED, ENABLED) VALUES (139,2,1,CURRENT_TIMESTAMP,TRUE);
INSERT INTO COURSE_PARTICIPANT (P_ID,C_ID, DURATION,CREATED, ENABLED) VALUES (140,2,1,CURRENT_TIMESTAMP,TRUE);
INSERT INTO COURSE_PARTICIPANT (P_ID,C_ID, DURATION,CREATED, ENABLED) VALUES (141,2,1,CURRENT_TIMESTAMP,TRUE);
INSERT INTO COURSE_PARTICIPANT (P_ID,C_ID, DURATION,CREATED, ENABLED) VALUES (142,2,1,CURRENT_TIMESTAMP,TRUE);
INSERT INTO COURSE_PARTICIPANT (P_ID,C_ID, DURATION,CREATED, ENABLED) VALUES (143,2,1,CURRENT_TIMESTAMP,TRUE);
INSERT INTO COURSE_PARTICIPANT (P_ID,C_ID, DURATION,CREATED, ENABLED) VALUES (144,2,1,CURRENT_TIMESTAMP,TRUE);
INSERT INTO COURSE_PARTICIPANT (P_ID,C_ID, DURATION,CREATED, ENABLED) VALUES (145,29,1,CURRENT_TIMESTAMP,TRUE);
INSERT INTO COURSE_PARTICIPANT (P_ID,C_ID, DURATION,CREATED, ENABLED) VALUES (146,29,1,CURRENT_TIMESTAMP,TRUE);
INSERT INTO COURSE_PARTICIPANT (P_ID,C_ID, DURATION,CREATED, ENABLED) VALUES (147,33,1,CURRENT_TIMESTAMP,TRUE);
INSERT INTO COURSE_PARTICIPANT (P_ID,C_ID, DURATION,CREATED, ENABLED) VALUES (148,33,1,CURRENT_TIMESTAMP,TRUE);
INSERT INTO COURSE_PARTICIPANT (P_ID,C_ID, DURATION,CREATED, ENABLED) VALUES (149,33,2,CURRENT_TIMESTAMP,TRUE);
INSERT INTO COURSE_PARTICIPANT (P_ID,C_ID, DURATION,CREATED, ENABLED) VALUES (150,3,0,CURRENT_TIMESTAMP,TRUE);
INSERT INTO COURSE_PARTICIPANT (P_ID,C_ID, DURATION,CREATED, ENABLED) VALUES (151,3,0,CURRENT_TIMESTAMP,TRUE);
INSERT INTO COURSE_PARTICIPANT (P_ID,C_ID, DURATION,CREATED, ENABLED) VALUES (152,3,0,CURRENT_TIMESTAMP,TRUE);
INSERT INTO COURSE_PARTICIPANT (P_ID,C_ID, DURATION,CREATED, ENABLED) VALUES (153,3,0,CURRENT_TIMESTAMP,TRUE);
INSERT INTO COURSE_PARTICIPANT (P_ID,C_ID, DURATION,CREATED, ENABLED) VALUES (154,3,0,CURRENT_TIMESTAMP,TRUE);
INSERT INTO COURSE_PARTICIPANT (P_ID,C_ID, DURATION,CREATED, ENABLED) VALUES (155,3,1,CURRENT_TIMESTAMP,TRUE);
INSERT INTO COURSE_PARTICIPANT (P_ID,C_ID, DURATION,CREATED, ENABLED) VALUES (156,4,1,CURRENT_TIMESTAMP,TRUE);
INSERT INTO COURSE_PARTICIPANT (P_ID,C_ID, DURATION,CREATED, ENABLED) VALUES (157,4,1,CURRENT_TIMESTAMP,TRUE);
INSERT INTO COURSE_PARTICIPANT (P_ID,C_ID, DURATION,CREATED, ENABLED) VALUES (158,4,1,CURRENT_TIMESTAMP,TRUE);
INSERT INTO COURSE_PARTICIPANT (P_ID,C_ID, DURATION,CREATED, ENABLED) VALUES (159,4,1,CURRENT_TIMESTAMP,TRUE);
INSERT INTO COURSE_PARTICIPANT (P_ID,C_ID, DURATION,CREATED, ENABLED) VALUES (160,4,1,CURRENT_TIMESTAMP,TRUE);
INSERT INTO COURSE_PARTICIPANT (P_ID,C_ID, DURATION,CREATED, ENABLED) VALUES (160,30,1,CURRENT_TIMESTAMP,TRUE);
INSERT INTO COURSE_PARTICIPANT (P_ID,C_ID, DURATION,CREATED, ENABLED) VALUES (161,6,1,CURRENT_TIMESTAMP,TRUE);
INSERT INTO COURSE_PARTICIPANT (P_ID,C_ID, DURATION,CREATED, ENABLED) VALUES (162,6,1,CURRENT_TIMESTAMP,TRUE);
INSERT INTO COURSE_PARTICIPANT (P_ID,C_ID, DURATION,CREATED, ENABLED) VALUES (163,6,1,CURRENT_TIMESTAMP,TRUE);
INSERT INTO COURSE_PARTICIPANT (P_ID,C_ID, DURATION,CREATED, ENABLED) VALUES (164,6,1,CURRENT_TIMESTAMP,TRUE);
INSERT INTO COURSE_PARTICIPANT (P_ID,C_ID, DURATION,CREATED, ENABLED) VALUES (165,6,1,CURRENT_TIMESTAMP,TRUE);
INSERT INTO COURSE_PARTICIPANT (P_ID,C_ID, DURATION,CREATED, ENABLED) VALUES (166,6,1,CURRENT_TIMESTAMP,TRUE);
INSERT INTO COURSE_PARTICIPANT (P_ID,C_ID, DURATION,CREATED, ENABLED) VALUES (167,6,1,CURRENT_TIMESTAMP,TRUE);
INSERT INTO COURSE_PARTICIPANT (P_ID,C_ID, DURATION,CREATED, ENABLED) VALUES (168,6,1,CURRENT_TIMESTAMP,TRUE);
INSERT INTO COURSE_PARTICIPANT (P_ID,C_ID, DURATION,CREATED, ENABLED) VALUES (169,6,1,CURRENT_TIMESTAMP,TRUE);
INSERT INTO COURSE_PARTICIPANT (P_ID,C_ID, DURATION,CREATED, ENABLED) VALUES (170,7,1,CURRENT_TIMESTAMP,TRUE);
INSERT INTO COURSE_PARTICIPANT (P_ID,C_ID, DURATION,CREATED, ENABLED) VALUES (171,7,1,CURRENT_TIMESTAMP,TRUE);
INSERT INTO COURSE_PARTICIPANT (P_ID,C_ID, DURATION,CREATED, ENABLED) VALUES (172,7,1,CURRENT_TIMESTAMP,TRUE);
INSERT INTO COURSE_PARTICIPANT (P_ID,C_ID, DURATION,CREATED, ENABLED) VALUES (173,7,1,CURRENT_TIMESTAMP,TRUE);
INSERT INTO COURSE_PARTICIPANT (P_ID,C_ID, DURATION,CREATED, ENABLED) VALUES (174,7,1,CURRENT_TIMESTAMP,TRUE);
INSERT INTO COURSE_PARTICIPANT (P_ID,C_ID, DURATION,CREATED, ENABLED) VALUES (175,7,1,CURRENT_TIMESTAMP,TRUE);
INSERT INTO COURSE_PARTICIPANT (P_ID,C_ID, DURATION,CREATED, ENABLED) VALUES (176,7,1,CURRENT_TIMESTAMP,TRUE);
INSERT INTO COURSE_PARTICIPANT (P_ID,C_ID, DURATION,CREATED, ENABLED) VALUES (177,8,0,CURRENT_TIMESTAMP,TRUE);
INSERT INTO COURSE_PARTICIPANT (P_ID,C_ID, DURATION,CREATED, ENABLED) VALUES (178,8,0,CURRENT_TIMESTAMP,TRUE);
INSERT INTO COURSE_PARTICIPANT (P_ID,C_ID, DURATION,CREATED, ENABLED) VALUES (179,8,0,CURRENT_TIMESTAMP,TRUE);
INSERT INTO COURSE_PARTICIPANT (P_ID,C_ID, DURATION,CREATED, ENABLED) VALUES (180,8,0,CURRENT_TIMESTAMP,TRUE);
INSERT INTO COURSE_PARTICIPANT (P_ID,C_ID, DURATION,CREATED, ENABLED) VALUES (181,8,0,CURRENT_TIMESTAMP,TRUE);
INSERT INTO COURSE_PARTICIPANT (P_ID,C_ID, DURATION,CREATED, ENABLED) VALUES (182,9,0,CURRENT_TIMESTAMP,TRUE);
INSERT INTO COURSE_PARTICIPANT (P_ID,C_ID, DURATION,CREATED, ENABLED) VALUES (183,9,1,CURRENT_TIMESTAMP,TRUE);
INSERT INTO COURSE_PARTICIPANT (P_ID,C_ID, DURATION,CREATED, ENABLED) VALUES (184,9,1,CURRENT_TIMESTAMP,TRUE);
INSERT INTO COURSE_PARTICIPANT (P_ID,C_ID, DURATION,CREATED, ENABLED) VALUES (185,9,1,CURRENT_TIMESTAMP,TRUE);
INSERT INTO COURSE_PARTICIPANT (P_ID,C_ID, DURATION,CREATED, ENABLED) VALUES (186,9,1,CURRENT_TIMESTAMP,TRUE);
INSERT INTO COURSE_PARTICIPANT (P_ID,C_ID, DURATION,CREATED, ENABLED) VALUES (187,9,2,CURRENT_TIMESTAMP,TRUE);
INSERT INTO COURSE_PARTICIPANT (P_ID,C_ID, DURATION,CREATED, ENABLED) VALUES (188,9,0,CURRENT_TIMESTAMP,TRUE);
INSERT INTO COURSE_PARTICIPANT (P_ID,C_ID, DURATION,CREATED, ENABLED) VALUES (189,9,1,CURRENT_TIMESTAMP,TRUE);
INSERT INTO COURSE_PARTICIPANT (P_ID,C_ID, DURATION,CREATED, ENABLED) VALUES (190,11,1,CURRENT_TIMESTAMP,TRUE);
INSERT INTO COURSE_PARTICIPANT (P_ID,C_ID, DURATION,CREATED, ENABLED) VALUES (191,11,1,CURRENT_TIMESTAMP,TRUE);
INSERT INTO COURSE_PARTICIPANT (P_ID,C_ID, DURATION,CREATED, ENABLED) VALUES (192,11,1,CURRENT_TIMESTAMP,TRUE);
INSERT INTO COURSE_PARTICIPANT (P_ID,C_ID, DURATION,CREATED, ENABLED) VALUES (193,11,1,CURRENT_TIMESTAMP,TRUE);
INSERT INTO COURSE_PARTICIPANT (P_ID,C_ID, DURATION,CREATED, ENABLED) VALUES (194,11,1,CURRENT_TIMESTAMP,TRUE);
INSERT INTO COURSE_PARTICIPANT (P_ID,C_ID, DURATION,CREATED, ENABLED) VALUES (195,34,1,CURRENT_TIMESTAMP,TRUE);
INSERT INTO COURSE_PARTICIPANT (P_ID,C_ID, DURATION,CREATED, ENABLED) VALUES (196,34,1,CURRENT_TIMESTAMP,TRUE);
INSERT INTO COURSE_PARTICIPANT (P_ID,C_ID, DURATION,CREATED, ENABLED) VALUES (197,34,1,CURRENT_TIMESTAMP,TRUE);
INSERT INTO COURSE_PARTICIPANT (P_ID,C_ID, DURATION,CREATED, ENABLED) VALUES (198,12,1,CURRENT_TIMESTAMP,TRUE);
INSERT INTO COURSE_PARTICIPANT (P_ID,C_ID, DURATION,CREATED, ENABLED) VALUES (199,12,1,CURRENT_TIMESTAMP,TRUE);
INSERT INTO COURSE_PARTICIPANT (P_ID,C_ID, DURATION,CREATED, ENABLED) VALUES (200,39,1,CURRENT_TIMESTAMP,TRUE);
INSERT INTO COURSE_PARTICIPANT (P_ID,C_ID, DURATION,CREATED, ENABLED) VALUES (201,39,1,CURRENT_TIMESTAMP,TRUE);
INSERT INTO COURSE_PARTICIPANT (P_ID,C_ID, DURATION,CREATED, ENABLED) VALUES (202,39,1,CURRENT_TIMESTAMP,TRUE);
INSERT INTO COURSE_PARTICIPANT (P_ID,C_ID, DURATION,CREATED, ENABLED) VALUES (203,39,1,CURRENT_TIMESTAMP,TRUE);
INSERT INTO COURSE_PARTICIPANT (P_ID,C_ID, DURATION,CREATED, ENABLED) VALUES (204,39,1,CURRENT_TIMESTAMP,TRUE);
INSERT INTO COURSE_PARTICIPANT (P_ID,C_ID, DURATION,CREATED, ENABLED) VALUES (205,37,1,CURRENT_TIMESTAMP,TRUE);
INSERT INTO COURSE_PARTICIPANT (P_ID,C_ID, DURATION,CREATED, ENABLED) VALUES (206,37,1,CURRENT_TIMESTAMP,TRUE);
INSERT INTO COURSE_PARTICIPANT (P_ID,C_ID, DURATION,CREATED, ENABLED) VALUES (207,37,1,CURRENT_TIMESTAMP,TRUE);
INSERT INTO COURSE_PARTICIPANT (P_ID,C_ID, DURATION,CREATED, ENABLED) VALUES (208,37,1,CURRENT_TIMESTAMP,TRUE);
INSERT INTO COURSE_PARTICIPANT (P_ID,C_ID, DURATION,CREATED, ENABLED) VALUES (209,37,0,CURRENT_TIMESTAMP,TRUE);
INSERT INTO COURSE_PARTICIPANT (P_ID,C_ID, DURATION,CREATED, ENABLED) VALUES (210,37,0,CURRENT_TIMESTAMP,TRUE);
INSERT INTO COURSE_PARTICIPANT (P_ID,C_ID, DURATION,CREATED, ENABLED) VALUES (211,36,0,CURRENT_TIMESTAMP,TRUE);
INSERT INTO COURSE_PARTICIPANT (P_ID,C_ID, DURATION,CREATED, ENABLED) VALUES (212,36,0,CURRENT_TIMESTAMP,TRUE);
INSERT INTO COURSE_PARTICIPANT (P_ID,C_ID, DURATION,CREATED, ENABLED) VALUES (213,36,0,CURRENT_TIMESTAMP,TRUE);
INSERT INTO COURSE_PARTICIPANT (P_ID,C_ID, DURATION,CREATED, ENABLED) VALUES (214,36,0,CURRENT_TIMESTAMP,TRUE);
INSERT INTO COURSE_PARTICIPANT (P_ID,C_ID, DURATION,CREATED, ENABLED) VALUES (215,36,0,CURRENT_TIMESTAMP,TRUE);
INSERT INTO COURSE_PARTICIPANT (P_ID,C_ID, DURATION,CREATED, ENABLED) VALUES (216,36,0,CURRENT_TIMESTAMP,TRUE);
INSERT INTO COURSE_PARTICIPANT (P_ID,C_ID, DURATION,CREATED, ENABLED) VALUES (217,31,1,CURRENT_TIMESTAMP,TRUE);
INSERT INTO COURSE_PARTICIPANT (P_ID,C_ID, DURATION,CREATED, ENABLED) VALUES (218,31,1,CURRENT_TIMESTAMP,TRUE);
INSERT INTO COURSE_PARTICIPANT (P_ID,C_ID, DURATION,CREATED, ENABLED) VALUES (219,31,1,CURRENT_TIMESTAMP,TRUE);
INSERT INTO COURSE_PARTICIPANT (P_ID,C_ID, DURATION,CREATED, ENABLED) VALUES (220,31,1,CURRENT_TIMESTAMP,TRUE);
INSERT INTO COURSE_PARTICIPANT (P_ID,C_ID, DURATION,CREATED, ENABLED) VALUES (221,31,1,CURRENT_TIMESTAMP,TRUE);
INSERT INTO COURSE_PARTICIPANT (P_ID,C_ID, DURATION,CREATED, ENABLED) VALUES (222,31,1,CURRENT_TIMESTAMP,TRUE);
INSERT INTO COURSE_PARTICIPANT (P_ID,C_ID, DURATION,CREATED, ENABLED) VALUES (223,31,1,CURRENT_TIMESTAMP,TRUE);
INSERT INTO COURSE_PARTICIPANT (P_ID,C_ID, DURATION,CREATED, ENABLED) VALUES (224,31,1,CURRENT_TIMESTAMP,TRUE);
INSERT INTO COURSE_PARTICIPANT (P_ID,C_ID, DURATION,CREATED, ENABLED) VALUES (225,31,1,CURRENT_TIMESTAMP,TRUE);
INSERT INTO COURSE_PARTICIPANT (P_ID,C_ID, DURATION,CREATED, ENABLED) VALUES (226,31,1,CURRENT_TIMESTAMP,TRUE);
INSERT INTO COURSE_PARTICIPANT (P_ID,C_ID, DURATION,CREATED, ENABLED) VALUES (227,31,1,CURRENT_TIMESTAMP,TRUE);
INSERT INTO COURSE_PARTICIPANT (P_ID,C_ID, DURATION,CREATED, ENABLED) VALUES (228,13,1,CURRENT_TIMESTAMP,TRUE);
INSERT INTO COURSE_PARTICIPANT (P_ID,C_ID, DURATION,CREATED, ENABLED) VALUES (229,13,1,CURRENT_TIMESTAMP,TRUE);
INSERT INTO COURSE_PARTICIPANT (P_ID,C_ID, DURATION,CREATED, ENABLED) VALUES (230,13,1,CURRENT_TIMESTAMP,TRUE);
INSERT INTO COURSE_PARTICIPANT (P_ID,C_ID, DURATION,CREATED, ENABLED) VALUES (231,13,1,CURRENT_TIMESTAMP,TRUE);
INSERT INTO COURSE_PARTICIPANT (P_ID,C_ID, DURATION,CREATED, ENABLED) VALUES (232,13,1,CURRENT_TIMESTAMP,TRUE);
INSERT INTO COURSE_PARTICIPANT (P_ID,C_ID, DURATION,CREATED, ENABLED) VALUES (233,13,1,CURRENT_TIMESTAMP,TRUE);
INSERT INTO COURSE_PARTICIPANT (P_ID,C_ID, DURATION,CREATED, ENABLED) VALUES (234,13,1,CURRENT_TIMESTAMP,TRUE);
INSERT INTO COURSE_PARTICIPANT (P_ID,C_ID, DURATION,CREATED, ENABLED) VALUES (235,12,1,CURRENT_TIMESTAMP,TRUE);
INSERT INTO COURSE_PARTICIPANT (P_ID,C_ID, DURATION,CREATED, ENABLED) VALUES (236,12,1,CURRENT_TIMESTAMP,TRUE);
INSERT INTO COURSE_PARTICIPANT (P_ID,C_ID, DURATION,CREATED, ENABLED) VALUES (237,12,1,CURRENT_TIMESTAMP,TRUE);
INSERT INTO COURSE_PARTICIPANT (P_ID,C_ID, DURATION,CREATED, ENABLED) VALUES (238,12,1,CURRENT_TIMESTAMP,TRUE);
INSERT INTO COURSE_PARTICIPANT (P_ID,C_ID, DURATION,CREATED, ENABLED) VALUES (239,12,1,CURRENT_TIMESTAMP,TRUE);
INSERT INTO COURSE_PARTICIPANT (P_ID,C_ID, DURATION,CREATED, ENABLED) VALUES (240,14,1,CURRENT_TIMESTAMP,TRUE);
INSERT INTO COURSE_PARTICIPANT (P_ID,C_ID, DURATION,CREATED, ENABLED) VALUES (241,14,1,CURRENT_TIMESTAMP,TRUE);
INSERT INTO COURSE_PARTICIPANT (P_ID,C_ID, DURATION,CREATED, ENABLED) VALUES (242,14,1,CURRENT_TIMESTAMP,TRUE);
INSERT INTO COURSE_PARTICIPANT (P_ID,C_ID, DURATION,CREATED, ENABLED) VALUES (243,14,1,CURRENT_TIMESTAMP,TRUE);
INSERT INTO COURSE_PARTICIPANT (P_ID,C_ID, DURATION,CREATED, ENABLED) VALUES (244,14,1,CURRENT_TIMESTAMP,TRUE);
INSERT INTO COURSE_PARTICIPANT (P_ID,C_ID, DURATION,CREATED, ENABLED) VALUES (245,14,1,CURRENT_TIMESTAMP,TRUE);
INSERT INTO COURSE_PARTICIPANT (P_ID,C_ID, DURATION,CREATED, ENABLED) VALUES (246,16,1,CURRENT_TIMESTAMP,TRUE);
INSERT INTO COURSE_PARTICIPANT (P_ID,C_ID, DURATION,CREATED, ENABLED) VALUES (247,16,1,CURRENT_TIMESTAMP,TRUE);
INSERT INTO COURSE_PARTICIPANT (P_ID,C_ID, DURATION,CREATED, ENABLED) VALUES (248,16,1,CURRENT_TIMESTAMP,TRUE);
INSERT INTO COURSE_PARTICIPANT (P_ID,C_ID, DURATION,CREATED, ENABLED) VALUES (249,16,2,CURRENT_TIMESTAMP,TRUE);
INSERT INTO COURSE_PARTICIPANT (P_ID,C_ID, DURATION,CREATED, ENABLED) VALUES (250,16,0,CURRENT_TIMESTAMP,TRUE);
INSERT INTO COURSE_PARTICIPANT (P_ID,C_ID, DURATION,CREATED, ENABLED) VALUES (251,16,1,CURRENT_TIMESTAMP,TRUE);
INSERT INTO COURSE_PARTICIPANT (P_ID,C_ID, DURATION,CREATED, ENABLED) VALUES (252,16,0,CURRENT_TIMESTAMP,TRUE);
INSERT INTO COURSE_PARTICIPANT (P_ID,C_ID, DURATION,CREATED, ENABLED) VALUES (253,17,0,CURRENT_TIMESTAMP,TRUE);
INSERT INTO COURSE_PARTICIPANT (P_ID,C_ID, DURATION,CREATED, ENABLED) VALUES (254,17,0,CURRENT_TIMESTAMP,TRUE);
INSERT INTO COURSE_PARTICIPANT (P_ID,C_ID, DURATION,CREATED, ENABLED) VALUES (255,17,0,CURRENT_TIMESTAMP,TRUE);
INSERT INTO COURSE_PARTICIPANT (P_ID,C_ID, DURATION,CREATED, ENABLED) VALUES (256,17,0,CURRENT_TIMESTAMP,TRUE);
INSERT INTO COURSE_PARTICIPANT (P_ID,C_ID, DURATION,CREATED, ENABLED) VALUES (257,17,0,CURRENT_TIMESTAMP,TRUE);
INSERT INTO COURSE_PARTICIPANT (P_ID,C_ID, DURATION,CREATED, ENABLED) VALUES (258,17,0,CURRENT_TIMESTAMP,TRUE);
INSERT INTO COURSE_PARTICIPANT (P_ID,C_ID, DURATION,CREATED, ENABLED) VALUES (259,17,0,CURRENT_TIMESTAMP,TRUE);
INSERT INTO COURSE_PARTICIPANT (P_ID,C_ID, DURATION,CREATED, ENABLED) VALUES (260,17,1,CURRENT_TIMESTAMP,TRUE);
INSERT INTO COURSE_PARTICIPANT (P_ID,C_ID, DURATION,CREATED, ENABLED) VALUES (261,17,1,CURRENT_TIMESTAMP,TRUE);
INSERT INTO COURSE_PARTICIPANT (P_ID,C_ID, DURATION,CREATED, ENABLED) VALUES (262,18,1,CURRENT_TIMESTAMP,TRUE);
INSERT INTO COURSE_PARTICIPANT (P_ID,C_ID, DURATION,CREATED, ENABLED) VALUES (263,18,1,CURRENT_TIMESTAMP,TRUE);
INSERT INTO COURSE_PARTICIPANT (P_ID,C_ID, DURATION,CREATED, ENABLED) VALUES (264,18,1,CURRENT_TIMESTAMP,TRUE);
INSERT INTO COURSE_PARTICIPANT (P_ID,C_ID, DURATION,CREATED, ENABLED) VALUES (265,18,1,CURRENT_TIMESTAMP,TRUE);
INSERT INTO COURSE_PARTICIPANT (P_ID,C_ID, DURATION,CREATED, ENABLED) VALUES (266,18,1,CURRENT_TIMESTAMP,TRUE);
INSERT INTO COURSE_PARTICIPANT (P_ID,C_ID, DURATION,CREATED, ENABLED) VALUES (267,18,1,CURRENT_TIMESTAMP,TRUE);
INSERT INTO COURSE_PARTICIPANT (P_ID,C_ID, DURATION,CREATED, ENABLED) VALUES (268,21,1,CURRENT_TIMESTAMP,TRUE);
INSERT INTO COURSE_PARTICIPANT (P_ID,C_ID, DURATION,CREATED, ENABLED) VALUES (269,21,1,CURRENT_TIMESTAMP,TRUE);
INSERT INTO COURSE_PARTICIPANT (P_ID,C_ID, DURATION,CREATED, ENABLED) VALUES (270,21,1,CURRENT_TIMESTAMP,TRUE);
INSERT INTO COURSE_PARTICIPANT (P_ID,C_ID, DURATION,CREATED, ENABLED) VALUES (271,22,1,CURRENT_TIMESTAMP,TRUE);
INSERT INTO COURSE_PARTICIPANT (P_ID,C_ID, DURATION,CREATED, ENABLED) VALUES (272,22,1,CURRENT_TIMESTAMP,TRUE);
INSERT INTO COURSE_PARTICIPANT (P_ID,C_ID, DURATION,CREATED, ENABLED) VALUES (273,22,1,CURRENT_TIMESTAMP,TRUE);
INSERT INTO COURSE_PARTICIPANT (P_ID,C_ID, DURATION,CREATED, ENABLED) VALUES (274,22,1,CURRENT_TIMESTAMP,TRUE);
INSERT INTO COURSE_PARTICIPANT (P_ID,C_ID, DURATION,CREATED, ENABLED) VALUES (275,22,1,CURRENT_TIMESTAMP,TRUE);
INSERT INTO COURSE_PARTICIPANT (P_ID,C_ID, DURATION,CREATED, ENABLED) VALUES (276,23,1,CURRENT_TIMESTAMP,TRUE);
INSERT INTO COURSE_PARTICIPANT (P_ID,C_ID, DURATION,CREATED, ENABLED) VALUES (277,23,1,CURRENT_TIMESTAMP,TRUE);
INSERT INTO COURSE_PARTICIPANT (P_ID,C_ID, DURATION,CREATED, ENABLED) VALUES (278,23,1,CURRENT_TIMESTAMP,TRUE);
INSERT INTO COURSE_PARTICIPANT (P_ID,C_ID, DURATION,CREATED, ENABLED) VALUES (279,23,1,CURRENT_TIMESTAMP,TRUE);
INSERT INTO COURSE_PARTICIPANT (P_ID,C_ID, DURATION,CREATED, ENABLED) VALUES (279,29,1,CURRENT_TIMESTAMP,TRUE);
INSERT INTO COURSE_PARTICIPANT (P_ID,C_ID, DURATION,CREATED, ENABLED) VALUES (280,23,1,CURRENT_TIMESTAMP,TRUE);
INSERT INTO COURSE_PARTICIPANT (P_ID,C_ID, DURATION,CREATED, ENABLED) VALUES (281,25,1,CURRENT_TIMESTAMP,TRUE);
INSERT INTO COURSE_PARTICIPANT (P_ID,C_ID, DURATION,CREATED, ENABLED) VALUES (282,25,1,CURRENT_TIMESTAMP,TRUE);
INSERT INTO COURSE_PARTICIPANT (P_ID,C_ID, DURATION,CREATED, ENABLED) VALUES (283,25,1,CURRENT_TIMESTAMP,TRUE);
INSERT INTO COURSE_PARTICIPANT (P_ID,C_ID, DURATION,CREATED, ENABLED) VALUES (284,25,1,CURRENT_TIMESTAMP,TRUE);
INSERT INTO COURSE_PARTICIPANT (P_ID,C_ID, DURATION,CREATED, ENABLED) VALUES (285,25,1,CURRENT_TIMESTAMP,TRUE);
INSERT INTO COURSE_PARTICIPANT (P_ID,C_ID, DURATION,CREATED, ENABLED) VALUES (286,27,1,CURRENT_TIMESTAMP,TRUE);
INSERT INTO COURSE_PARTICIPANT (P_ID,C_ID, DURATION,CREATED, ENABLED) VALUES (287,27,2,CURRENT_TIMESTAMP,TRUE);
INSERT INTO COURSE_PARTICIPANT (P_ID,C_ID, DURATION,CREATED, ENABLED) VALUES (288,27,0,CURRENT_TIMESTAMP,TRUE);
INSERT INTO COURSE_PARTICIPANT (P_ID,C_ID, DURATION,CREATED, ENABLED) VALUES (289,27,1,CURRENT_TIMESTAMP,TRUE);
INSERT INTO COURSE_PARTICIPANT (P_ID,C_ID, DURATION,CREATED, ENABLED) VALUES (290,27,1,CURRENT_TIMESTAMP,TRUE);
INSERT INTO COURSE_PARTICIPANT (P_ID,C_ID, DURATION,CREATED, ENABLED) VALUES (291,29,1,CURRENT_TIMESTAMP,TRUE);
INSERT INTO COURSE_PARTICIPANT (P_ID,C_ID, DURATION,CREATED, ENABLED) VALUES (292,29,1,CURRENT_TIMESTAMP,TRUE);
INSERT INTO COURSE_PARTICIPANT (P_ID,C_ID, DURATION,CREATED, ENABLED) VALUES (293,29,1,CURRENT_TIMESTAMP,TRUE);
INSERT INTO COURSE_PARTICIPANT (P_ID,C_ID, DURATION,CREATED, ENABLED) VALUES (293,30,1,CURRENT_TIMESTAMP,TRUE);
INSERT INTO COURSE_PARTICIPANT (P_ID,C_ID, DURATION,CREATED, ENABLED) VALUES (294,30,1,CURRENT_TIMESTAMP,TRUE);
INSERT INTO COURSE_PARTICIPANT (P_ID,C_ID, DURATION,CREATED, ENABLED) VALUES (295,30,1,CURRENT_TIMESTAMP,TRUE);
INSERT INTO COURSE_PARTICIPANT (P_ID,C_ID, DURATION,CREATED, ENABLED) VALUES (296,30,1,CURRENT_TIMESTAMP,TRUE);
INSERT INTO COURSE_PARTICIPANT (P_ID,C_ID, DURATION,CREATED, ENABLED) VALUES (297,32,1,CURRENT_TIMESTAMP,TRUE);
INSERT INTO COURSE_PARTICIPANT (P_ID,C_ID, DURATION,CREATED, ENABLED) VALUES (298,32,1,CURRENT_TIMESTAMP,TRUE);
INSERT INTO COURSE_PARTICIPANT (P_ID,C_ID, DURATION,CREATED, ENABLED) VALUES (299,32,1,CURRENT_TIMESTAMP,TRUE);
INSERT INTO COURSE_PARTICIPANT (P_ID,C_ID, DURATION,CREATED, ENABLED) VALUES (300,32,1,CURRENT_TIMESTAMP,TRUE);

--Auffuehrungen fuer den ersten Auffuehrungsplan
INSERT INTO PERFORMANCE (PER_ID, ENABLED,CREATED) VALUES (1, TRUE,CURRENT_TIMESTAMP);
INSERT INTO PERFORMANCE (PER_ID, ENABLED,CREATED) VALUES (2, TRUE,CURRENT_TIMESTAMP);
INSERT INTO PERFORMANCE (PER_ID, ENABLED,CREATED) VALUES (3, TRUE,CURRENT_TIMESTAMP);

INSERT INTO COURSEID (COURSEIDS, PERFORMANCE_ID) VALUES (16,1);
INSERT INTO COURSEID (COURSEIDS, PERFORMANCE_ID) VALUES (25,1);
INSERT INTO COURSEID (COURSEIDS, PERFORMANCE_ID) VALUES (12,1);
INSERT INTO COURSEID (COURSEIDS, PERFORMANCE_ID) VALUES (4,1);
INSERT INTO COURSEID (COURSEIDS, PERFORMANCE_ID) VALUES (38,1);
INSERT INTO COURSEID (COURSEIDS, PERFORMANCE_ID) VALUES (31,1);
INSERT INTO COURSEID (COURSEIDS, PERFORMANCE_ID) VALUES (26,1);
INSERT INTO COURSEID (COURSEIDS, PERFORMANCE_ID) VALUES (13,1);
INSERT INTO COURSEID (COURSEIDS, PERFORMANCE_ID) VALUES (40,1);
INSERT INTO COURSEID (COURSEIDS, PERFORMANCE_ID) VALUES (18,1);
INSERT INTO COURSEID (COURSEIDS, PERFORMANCE_ID) VALUES (23,1);
INSERT INTO COURSEID (COURSEIDS, PERFORMANCE_ID) VALUES (32,1);
INSERT INTO COURSEID (COURSEIDS, PERFORMANCE_ID) VALUES (27,1);
INSERT INTO COURSEID (COURSEIDS, PERFORMANCE_ID) VALUES (21,1);
INSERT INTO COURSEID (COURSEIDS, PERFORMANCE_ID) VALUES (35,1);
INSERT INTO COURSEID (COURSEIDS, PERFORMANCE_ID) VALUES (39,1);
INSERT INTO COURSEID (COURSEIDS, PERFORMANCE_ID) VALUES (5,1);
INSERT INTO COURSEID (COURSEIDS, PERFORMANCE_ID) VALUES (24,1);
INSERT INTO COURSEID (COURSEIDS, PERFORMANCE_ID) VALUES (41,1);
INSERT INTO COURSEID (COURSEIDS, PERFORMANCE_ID) VALUES (28,1);
INSERT INTO COURSEID (COURSEIDS, PERFORMANCE_ID) VALUES (15,1);
INSERT INTO COURSEID (COURSEIDS, PERFORMANCE_ID) VALUES (20,1);

INSERT INTO COURSEID (COURSEIDS, PERFORMANCE_ID) VALUES (6,2);
INSERT INTO COURSEID (COURSEIDS, PERFORMANCE_ID) VALUES (37,2);
INSERT INTO COURSEID (COURSEIDS, PERFORMANCE_ID) VALUES (3,2);
INSERT INTO COURSEID (COURSEIDS, PERFORMANCE_ID) VALUES (33,2);
INSERT INTO COURSEID (COURSEIDS, PERFORMANCE_ID) VALUES (10,2);
INSERT INTO COURSEID (COURSEIDS, PERFORMANCE_ID) VALUES (23,2);
INSERT INTO COURSEID (COURSEIDS, PERFORMANCE_ID) VALUES (2,2);
INSERT INTO COURSEID (COURSEIDS, PERFORMANCE_ID) VALUES (33,2);
INSERT INTO COURSEID (COURSEIDS, PERFORMANCE_ID) VALUES (14,2);
INSERT INTO COURSEID (COURSEIDS, PERFORMANCE_ID) VALUES (4,2);
INSERT INTO COURSEID (COURSEIDS, PERFORMANCE_ID) VALUES (30,2);
INSERT INTO COURSEID (COURSEIDS, PERFORMANCE_ID) VALUES (9,2);
INSERT INTO COURSEID (COURSEIDS, PERFORMANCE_ID) VALUES (36,2);
INSERT INTO COURSEID (COURSEIDS, PERFORMANCE_ID) VALUES (34,2);
INSERT INTO COURSEID (COURSEIDS, PERFORMANCE_ID) VALUES (35,2);
INSERT INTO COURSEID (COURSEIDS, PERFORMANCE_ID) VALUES (39,2);
INSERT INTO COURSEID (COURSEIDS, PERFORMANCE_ID) VALUES (5,2);
INSERT INTO COURSEID (COURSEIDS, PERFORMANCE_ID) VALUES (24,2);
INSERT INTO COURSEID (COURSEIDS, PERFORMANCE_ID) VALUES (41,2);
INSERT INTO COURSEID (COURSEIDS, PERFORMANCE_ID) VALUES (28,2);
INSERT INTO COURSEID (COURSEIDS, PERFORMANCE_ID) VALUES (15,2);
INSERT INTO COURSEID (COURSEIDS, PERFORMANCE_ID) VALUES (20,2);

INSERT INTO COURSEID (COURSEIDS, PERFORMANCE_ID) VALUES (10,3);
INSERT INTO COURSEID (COURSEIDS, PERFORMANCE_ID) VALUES (40,3);
INSERT INTO COURSEID (COURSEIDS, PERFORMANCE_ID) VALUES (11,3);
INSERT INTO COURSEID (COURSEIDS, PERFORMANCE_ID) VALUES (27,3);
INSERT INTO COURSEID (COURSEIDS, PERFORMANCE_ID) VALUES (1,3);
INSERT INTO COURSEID (COURSEIDS, PERFORMANCE_ID) VALUES (19,3);
INSERT INTO COURSEID (COURSEIDS, PERFORMANCE_ID) VALUES (7,3);
INSERT INTO COURSEID (COURSEIDS, PERFORMANCE_ID) VALUES (38,3);
INSERT INTO COURSEID (COURSEIDS, PERFORMANCE_ID) VALUES (29,3);
INSERT INTO COURSEID (COURSEIDS, PERFORMANCE_ID) VALUES (22,3);
INSERT INTO COURSEID (COURSEIDS, PERFORMANCE_ID) VALUES (17,3);
INSERT INTO COURSEID (COURSEIDS, PERFORMANCE_ID) VALUES (9,3);
INSERT INTO COURSEID (COURSEIDS, PERFORMANCE_ID) VALUES (8,3);
INSERT INTO COURSEID (COURSEIDS, PERFORMANCE_ID) VALUES (35,3);
INSERT INTO COURSEID (COURSEIDS, PERFORMANCE_ID) VALUES (39,3);
INSERT INTO COURSEID (COURSEIDS, PERFORMANCE_ID) VALUES (5,3);
INSERT INTO COURSEID (COURSEIDS, PERFORMANCE_ID) VALUES (24,3);
INSERT INTO COURSEID (COURSEIDS, PERFORMANCE_ID) VALUES (41,3);
INSERT INTO COURSEID (COURSEIDS, PERFORMANCE_ID) VALUES (28,3);
INSERT INTO COURSEID (COURSEIDS, PERFORMANCE_ID) VALUES (15,3);
INSERT INTO COURSEID (COURSEIDS, PERFORMANCE_ID) VALUES (20,3);

--Auffuehrungen fuer den zweiten Auffuehrungsplan
INSERT INTO PERFORMANCE (PER_ID, ENABLED,CREATED) VALUES (4, TRUE,CURRENT_TIMESTAMP);
INSERT INTO PERFORMANCE (PER_ID, ENABLED,CREATED) VALUES (5, TRUE,CURRENT_TIMESTAMP);
INSERT INTO PERFORMANCE (PER_ID, ENABLED,CREATED) VALUES (6, TRUE,CURRENT_TIMESTAMP);

INSERT INTO COURSEID (COURSEIDS, PERFORMANCE_ID) VALUES (27,4);
INSERT INTO COURSEID (COURSEIDS, PERFORMANCE_ID) VALUES (38,4);
INSERT INTO COURSEID (COURSEIDS, PERFORMANCE_ID) VALUES (16,4);
INSERT INTO COURSEID (COURSEIDS, PERFORMANCE_ID) VALUES (27,4);
INSERT INTO COURSEID (COURSEIDS, PERFORMANCE_ID) VALUES (2,4);
INSERT INTO COURSEID (COURSEIDS, PERFORMANCE_ID) VALUES (40,4);
INSERT INTO COURSEID (COURSEIDS, PERFORMANCE_ID) VALUES (23,4);
INSERT INTO COURSEID (COURSEIDS, PERFORMANCE_ID) VALUES (1,4);
INSERT INTO COURSEID (COURSEIDS, PERFORMANCE_ID) VALUES (34,4);
INSERT INTO COURSEID (COURSEIDS, PERFORMANCE_ID) VALUES (23,4);
INSERT INTO COURSEID (COURSEIDS, PERFORMANCE_ID) VALUES (40,4);
INSERT INTO COURSEID (COURSEIDS, PERFORMANCE_ID) VALUES (4,4);
INSERT INTO COURSEID (COURSEIDS, PERFORMANCE_ID) VALUES (17,4);
INSERT INTO COURSEID (COURSEIDS, PERFORMANCE_ID) VALUES (32,4);
INSERT INTO COURSEID (COURSEIDS, PERFORMANCE_ID) VALUES (24,4);
INSERT INTO COURSEID (COURSEIDS, PERFORMANCE_ID) VALUES (39,4);
INSERT INTO COURSEID (COURSEIDS, PERFORMANCE_ID) VALUES (15,4);
INSERT INTO COURSEID (COURSEIDS, PERFORMANCE_ID) VALUES (20,4);
INSERT INTO COURSEID (COURSEIDS, PERFORMANCE_ID) VALUES (35,4);
INSERT INTO COURSEID (COURSEIDS, PERFORMANCE_ID) VALUES (5,4);
INSERT INTO COURSEID (COURSEIDS, PERFORMANCE_ID) VALUES (28,4);
INSERT INTO COURSEID (COURSEIDS, PERFORMANCE_ID) VALUES (41,4);

INSERT INTO COURSEID (COURSEIDS, PERFORMANCE_ID) VALUES (3,5);
INSERT INTO COURSEID (COURSEIDS, PERFORMANCE_ID) VALUES (19,5);
INSERT INTO COURSEID (COURSEIDS, PERFORMANCE_ID) VALUES (18,5);
INSERT INTO COURSEID (COURSEIDS, PERFORMANCE_ID) VALUES (36,5);
INSERT INTO COURSEID (COURSEIDS, PERFORMANCE_ID) VALUES (7,5);
INSERT INTO COURSEID (COURSEIDS, PERFORMANCE_ID) VALUES (38,5);
INSERT INTO COURSEID (COURSEIDS, PERFORMANCE_ID) VALUES (14,5);
INSERT INTO COURSEID (COURSEIDS, PERFORMANCE_ID) VALUES (9,5);
INSERT INTO COURSEID (COURSEIDS, PERFORMANCE_ID) VALUES (30,5);
INSERT INTO COURSEID (COURSEIDS, PERFORMANCE_ID) VALUES (26,5);
INSERT INTO COURSEID (COURSEIDS, PERFORMANCE_ID) VALUES (9,5);
INSERT INTO COURSEID (COURSEIDS, PERFORMANCE_ID) VALUES (6,5);
INSERT INTO COURSEID (COURSEIDS, PERFORMANCE_ID) VALUES (25,5);
INSERT INTO COURSEID (COURSEIDS, PERFORMANCE_ID) VALUES (10,5);
INSERT INTO COURSEID (COURSEIDS, PERFORMANCE_ID) VALUES (24,5);
INSERT INTO COURSEID (COURSEIDS, PERFORMANCE_ID) VALUES (39,5);
INSERT INTO COURSEID (COURSEIDS, PERFORMANCE_ID) VALUES (15,5);
INSERT INTO COURSEID (COURSEIDS, PERFORMANCE_ID) VALUES (20,5);
INSERT INTO COURSEID (COURSEIDS, PERFORMANCE_ID) VALUES (35,5);
INSERT INTO COURSEID (COURSEIDS, PERFORMANCE_ID) VALUES (5,5);
INSERT INTO COURSEID (COURSEIDS, PERFORMANCE_ID) VALUES (28,5);
INSERT INTO COURSEID (COURSEIDS, PERFORMANCE_ID) VALUES (41,5);

INSERT INTO COURSEID (COURSEIDS, PERFORMANCE_ID) VALUES (21,6);
INSERT INTO COURSEID (COURSEIDS, PERFORMANCE_ID) VALUES (33,6);
INSERT INTO COURSEID (COURSEIDS, PERFORMANCE_ID) VALUES (11,6);
INSERT INTO COURSEID (COURSEIDS, PERFORMANCE_ID) VALUES (22,6);
INSERT INTO COURSEID (COURSEIDS, PERFORMANCE_ID) VALUES (4,6);
INSERT INTO COURSEID (COURSEIDS, PERFORMANCE_ID) VALUES (8,6);
INSERT INTO COURSEID (COURSEIDS, PERFORMANCE_ID) VALUES (37,6);
INSERT INTO COURSEID (COURSEIDS, PERFORMANCE_ID) VALUES (13,6);
INSERT INTO COURSEID (COURSEIDS, PERFORMANCE_ID) VALUES (33,6);
INSERT INTO COURSEID (COURSEIDS, PERFORMANCE_ID) VALUES (31,6);
INSERT INTO COURSEID (COURSEIDS, PERFORMANCE_ID) VALUES (17,6);
INSERT INTO COURSEID (COURSEIDS, PERFORMANCE_ID) VALUES (9,6);
INSERT INTO COURSEID (COURSEIDS, PERFORMANCE_ID) VALUES (8,6);
INSERT INTO COURSEID (COURSEIDS, PERFORMANCE_ID) VALUES (35,6);
INSERT INTO COURSEID (COURSEIDS, PERFORMANCE_ID) VALUES (39,6);
INSERT INTO COURSEID (COURSEIDS, PERFORMANCE_ID) VALUES (5,6);
INSERT INTO COURSEID (COURSEIDS, PERFORMANCE_ID) VALUES (24,6);
INSERT INTO COURSEID (COURSEIDS, PERFORMANCE_ID) VALUES (41,6);
INSERT INTO COURSEID (COURSEIDS, PERFORMANCE_ID) VALUES (28,6);
INSERT INTO COURSEID (COURSEIDS, PERFORMANCE_ID) VALUES (15,6);
INSERT INTO COURSEID (COURSEIDS, PERFORMANCE_ID) VALUES (20,6);

--Auffuehrungen fuer den dritten Auffuehrungsplan
INSERT INTO PERFORMANCE (PER_ID, ENABLED,CREATED) VALUES (7, TRUE,CURRENT_TIMESTAMP);
INSERT INTO PERFORMANCE (PER_ID, ENABLED,CREATED) VALUES (8, TRUE,CURRENT_TIMESTAMP);
INSERT INTO PERFORMANCE (PER_ID, ENABLED,CREATED) VALUES (9, TRUE,CURRENT_TIMESTAMP);

INSERT INTO COURSEID (COURSEIDS, PERFORMANCE_ID) VALUES (10,7);
INSERT INTO COURSEID (COURSEIDS, PERFORMANCE_ID) VALUES (32,7);
INSERT INTO COURSEID (COURSEIDS, PERFORMANCE_ID) VALUES (3,7);
INSERT INTO COURSEID (COURSEIDS, PERFORMANCE_ID) VALUES (30,7);
INSERT INTO COURSEID (COURSEIDS, PERFORMANCE_ID) VALUES (14,7);
INSERT INTO COURSEID (COURSEIDS, PERFORMANCE_ID) VALUES (23,7);
INSERT INTO COURSEID (COURSEIDS, PERFORMANCE_ID) VALUES (27,7);
INSERT INTO COURSEID (COURSEIDS, PERFORMANCE_ID) VALUES (11,7);
INSERT INTO COURSEID (COURSEIDS, PERFORMANCE_ID) VALUES (36,7);
INSERT INTO COURSEID (COURSEIDS, PERFORMANCE_ID) VALUES (22,7);
INSERT INTO COURSEID (COURSEIDS, PERFORMANCE_ID) VALUES (40,7);
INSERT INTO COURSEID (COURSEIDS, PERFORMANCE_ID) VALUES (17,7);
INSERT INTO COURSEID (COURSEIDS, PERFORMANCE_ID) VALUES (4,7);
INSERT INTO COURSEID (COURSEIDS, PERFORMANCE_ID) VALUES (6,7);
INSERT INTO COURSEID (COURSEIDS, PERFORMANCE_ID) VALUES (28,7);
INSERT INTO COURSEID (COURSEIDS, PERFORMANCE_ID) VALUES (41,7);
INSERT INTO COURSEID (COURSEIDS, PERFORMANCE_ID) VALUES (20,7);
INSERT INTO COURSEID (COURSEIDS, PERFORMANCE_ID) VALUES (39,7);
INSERT INTO COURSEID (COURSEIDS, PERFORMANCE_ID) VALUES (35,7);
INSERT INTO COURSEID (COURSEIDS, PERFORMANCE_ID) VALUES (15,7);
INSERT INTO COURSEID (COURSEIDS, PERFORMANCE_ID) VALUES (5,7);
INSERT INTO COURSEID (COURSEIDS, PERFORMANCE_ID) VALUES (24,7);

INSERT INTO COURSEID (COURSEIDS, PERFORMANCE_ID) VALUES (34,8);
INSERT INTO COURSEID (COURSEIDS, PERFORMANCE_ID) VALUES (25,8);
INSERT INTO COURSEID (COURSEIDS, PERFORMANCE_ID) VALUES (12,8);
INSERT INTO COURSEID (COURSEIDS, PERFORMANCE_ID) VALUES (31,8);
INSERT INTO COURSEID (COURSEIDS, PERFORMANCE_ID) VALUES (9,8);
INSERT INTO COURSEID (COURSEIDS, PERFORMANCE_ID) VALUES (13,8);
INSERT INTO COURSEID (COURSEIDS, PERFORMANCE_ID) VALUES (23,8);
INSERT INTO COURSEID (COURSEIDS, PERFORMANCE_ID) VALUES (2,8);
INSERT INTO COURSEID (COURSEIDS, PERFORMANCE_ID) VALUES (27,8);
INSERT INTO COURSEID (COURSEIDS, PERFORMANCE_ID) VALUES (26,8);
INSERT INTO COURSEID (COURSEIDS, PERFORMANCE_ID) VALUES (37,8);
INSERT INTO COURSEID (COURSEIDS, PERFORMANCE_ID) VALUES (9,8);
INSERT INTO COURSEID (COURSEIDS, PERFORMANCE_ID) VALUES (33,8);
INSERT INTO COURSEID (COURSEIDS, PERFORMANCE_ID) VALUES (21,8);
INSERT INTO COURSEID (COURSEIDS, PERFORMANCE_ID) VALUES (28,8);
INSERT INTO COURSEID (COURSEIDS, PERFORMANCE_ID) VALUES (41,8);
INSERT INTO COURSEID (COURSEIDS, PERFORMANCE_ID) VALUES (20,8);
INSERT INTO COURSEID (COURSEIDS, PERFORMANCE_ID) VALUES (39,8);
INSERT INTO COURSEID (COURSEIDS, PERFORMANCE_ID) VALUES (35,8);
INSERT INTO COURSEID (COURSEIDS, PERFORMANCE_ID) VALUES (15,8);
INSERT INTO COURSEID (COURSEIDS, PERFORMANCE_ID) VALUES (5,8);
INSERT INTO COURSEID (COURSEIDS, PERFORMANCE_ID) VALUES (24,8);

INSERT INTO COURSEID (COURSEIDS, PERFORMANCE_ID) VALUES (1,9);
INSERT INTO COURSEID (COURSEIDS, PERFORMANCE_ID) VALUES (38,9);
INSERT INTO COURSEID (COURSEIDS, PERFORMANCE_ID) VALUES (19,9);
INSERT INTO COURSEID (COURSEIDS, PERFORMANCE_ID) VALUES (10,9);
INSERT INTO COURSEID (COURSEIDS, PERFORMANCE_ID) VALUES (29,9);
INSERT INTO COURSEID (COURSEIDS, PERFORMANCE_ID) VALUES (7,9);
INSERT INTO COURSEID (COURSEIDS, PERFORMANCE_ID) VALUES (4,9);
INSERT INTO COURSEID (COURSEIDS, PERFORMANCE_ID) VALUES (38,9);
INSERT INTO COURSEID (COURSEIDS, PERFORMANCE_ID) VALUES (18,9);
INSERT INTO COURSEID (COURSEIDS, PERFORMANCE_ID) VALUES (40,9);
INSERT INTO COURSEID (COURSEIDS, PERFORMANCE_ID) VALUES (16,9);
INSERT INTO COURSEID (COURSEIDS, PERFORMANCE_ID) VALUES (33,9);
INSERT INTO COURSEID (COURSEIDS, PERFORMANCE_ID) VALUES (8,9);
INSERT INTO COURSEID (COURSEIDS, PERFORMANCE_ID) VALUES (28,9);
INSERT INTO COURSEID (COURSEIDS, PERFORMANCE_ID) VALUES (41,9);
INSERT INTO COURSEID (COURSEIDS, PERFORMANCE_ID) VALUES (20,9);
INSERT INTO COURSEID (COURSEIDS, PERFORMANCE_ID) VALUES (39,9);
INSERT INTO COURSEID (COURSEIDS, PERFORMANCE_ID) VALUES (35,9);
INSERT INTO COURSEID (COURSEIDS, PERFORMANCE_ID) VALUES (15,9);
INSERT INTO COURSEID (COURSEIDS, PERFORMANCE_ID) VALUES (5,9);
INSERT INTO COURSEID (COURSEIDS, PERFORMANCE_ID) VALUES (24,9);

--Auffuehrungsplan
INSERT INTO PERFORMANCEPLAN (PLAN_ID, ENABLED, CREATED, DATETIME) VALUES (1, TRUE, '2012-09-21 14:32:02', '2012-10-18');
INSERT INTO PERFORMANCEPLAN (PLAN_ID, ENABLED, CREATED, DATETIME) VALUES (2, TRUE, '2013-10-02 16:04:13', '2013-10-21');
INSERT INTO PERFORMANCEPLAN (PLAN_ID, ENABLED, CREATED, DATETIME) VALUES (3, TRUE, '2013-10-02 16:12:42', '2013-10-24');

INSERT INTO PLAN_PERFORMANCE (PLAN_ID, PER_ID) VALUES (1, 1);
INSERT INTO PLAN_PERFORMANCE (PLAN_ID, PER_ID) VALUES (1, 2);
INSERT INTO PLAN_PERFORMANCE (PLAN_ID, PER_ID) VALUES (1, 3);

INSERT INTO PLAN_PERFORMANCE (PLAN_ID, PER_ID) VALUES (2, 4);
INSERT INTO PLAN_PERFORMANCE (PLAN_ID, PER_ID) VALUES (2, 5);
INSERT INTO PLAN_PERFORMANCE (PLAN_ID, PER_ID) VALUES (2, 6);

INSERT INTO PLAN_PERFORMANCE (PLAN_ID, PER_ID) VALUES (3, 7);
INSERT INTO PLAN_PERFORMANCE (PLAN_ID, PER_ID) VALUES (3, 8);
INSERT INTO PLAN_PERFORMANCE (PLAN_ID, PER_ID) VALUES (3, 9);

--Rechnungen
INSERT INTO INVOICE (I_ID, DATETIME, CREATED, ENABLED, TOTAL_AMOUNT, VAT_AMOUNT, P_ID, PARENT_ID) VALUES (1,'2013-07-08 14:58:22',CURRENT_TIMESTAMP,TRUE,140, 16.67,1,24);

INSERT INTO POSITION (I_ID, C_ID, AMOUNT, DURATION, CREATED) VALUES (1,1,50,1,CURRENT_TIMESTAMP);
INSERT INTO POSITION (I_ID, C_ID, AMOUNT, DURATION, CREATED) VALUES (1,29,90,0,CURRENT_TIMESTAMP);

--Termine
INSERT INTO APPOINTMENT (AP_ID,APPOINTMENT_DATE,NUMBER,CREATED,ENABLED,C_ID) VALUES (1,'2014-04-12',1,CURRENT_TIMESTAMP,TRUE,1);
INSERT INTO APPOINTMENT (AP_ID,APPOINTMENT_DATE,NUMBER,CREATED,ENABLED,C_ID) VALUES (2,'2014-04-19',2,CURRENT_TIMESTAMP,TRUE,1);
INSERT INTO APPOINTMENT (AP_ID,APPOINTMENT_DATE,NUMBER,CREATED,ENABLED,C_ID) VALUES (3,'2014-05-01',3,CURRENT_TIMESTAMP,TRUE,1);
INSERT INTO APPOINTMENT (AP_ID,APPOINTMENT_DATE,NUMBER,CREATED,ENABLED,C_ID) VALUES (4,'2014-05-08',4,CURRENT_TIMESTAMP,TRUE,1);
INSERT INTO APPOINTMENT (AP_ID,APPOINTMENT_DATE,NUMBER,CREATED,ENABLED,C_ID) VALUES (5,'2014-05-15',5,CURRENT_TIMESTAMP,TRUE,1);
INSERT INTO APPOINTMENT (AP_ID,APPOINTMENT_DATE,NUMBER,CREATED,ENABLED,C_ID) VALUES (6,'2014-05-22',6,CURRENT_TIMESTAMP,TRUE,1);
INSERT INTO APPOINTMENT (AP_ID,APPOINTMENT_DATE,NUMBER,CREATED,ENABLED,C_ID) VALUES (7,'2014-06-12',7,CURRENT_TIMESTAMP,TRUE,1);
INSERT INTO APPOINTMENT (AP_ID,APPOINTMENT_DATE,NUMBER,CREATED,ENABLED,C_ID) VALUES (8,'2014-06-19',8,CURRENT_TIMESTAMP,TRUE,1);
INSERT INTO APPOINTMENT (AP_ID,APPOINTMENT_DATE,NUMBER,CREATED,ENABLED,C_ID) VALUES (9,'2014-07-01',9,CURRENT_TIMESTAMP,TRUE,1);

INSERT INTO APPOINTMENT (AP_ID,APPOINTMENT_DATE,NUMBER,CREATED,ENABLED,C_ID) VALUES (10,'2014-04-10',1,CURRENT_TIMESTAMP,TRUE,2);
INSERT INTO APPOINTMENT (AP_ID,APPOINTMENT_DATE,NUMBER,CREATED,ENABLED,C_ID) VALUES (12,'2014-04-17',2,CURRENT_TIMESTAMP,TRUE,2);
INSERT INTO APPOINTMENT (AP_ID,APPOINTMENT_DATE,NUMBER,CREATED,ENABLED,C_ID) VALUES (13,'2014-04-24',3,CURRENT_TIMESTAMP,TRUE,2);
INSERT INTO APPOINTMENT (AP_ID,APPOINTMENT_DATE,NUMBER,CREATED,ENABLED,C_ID) VALUES (14,'2014-05-06',4,CURRENT_TIMESTAMP,TRUE,2);
INSERT INTO APPOINTMENT (AP_ID,APPOINTMENT_DATE,NUMBER,CREATED,ENABLED,C_ID) VALUES (15,'2014-05-13',5,CURRENT_TIMESTAMP,TRUE,2);
INSERT INTO APPOINTMENT (AP_ID,APPOINTMENT_DATE,NUMBER,CREATED,ENABLED,C_ID) VALUES (16,'2014-05-20',6,CURRENT_TIMESTAMP,TRUE,2);
INSERT INTO APPOINTMENT (AP_ID,APPOINTMENT_DATE,NUMBER,CREATED,ENABLED,C_ID) VALUES (17,'2014-06-10',7,CURRENT_TIMESTAMP,TRUE,2);
INSERT INTO APPOINTMENT (AP_ID,APPOINTMENT_DATE,NUMBER,CREATED,ENABLED,C_ID) VALUES (18,'2014-06-17',8,CURRENT_TIMESTAMP,TRUE,2);
INSERT INTO APPOINTMENT (AP_ID,APPOINTMENT_DATE,NUMBER,CREATED,ENABLED,C_ID) VALUES (19,'2014-06-24',9,CURRENT_TIMESTAMP,TRUE,2);

--ABWESENHEITEN 1 3 4 5
INSERT INTO ABSENCE(AP_ID,P_ID,REASON,CREATED,ENABLED) VALUES (1,1,'Zahnarzttermin',CURRENT_TIMESTAMP,TRUE);
INSERT INTO ABSENCE(AP_ID,P_ID,REASON,CREATED,ENABLED) VALUES (3,1,'Hochzeit',CURRENT_TIMESTAMP,TRUE);
INSERT INTO ABSENCE(AP_ID,P_ID,REASON,CREATED,ENABLED) VALUES (9,1,'Urlaub',CURRENT_TIMESTAMP,TRUE);

INSERT INTO ABSENCE(AP_ID,P_ID,REASON,CREATED,ENABLED) VALUES (2,3,'Schulausflug',CURRENT_TIMESTAMP,TRUE);
INSERT INTO ABSENCE(AP_ID,P_ID,REASON,CREATED,ENABLED) VALUES (3,3,'Hochzeit',CURRENT_TIMESTAMP,TRUE);

--Ratings
INSERT INTO RATING(R_ID, CREATED, COURSE_RATING, TEACHER_RATING, SERVICE_RATING, CONTRACRITIQUE, PROCRITIQUE, C_ID, P_ID, ENABLED) 
VALUES (1,CURRENT_TIMESTAMP, 3, 5, 4, 'Der Kurs ist zu wenig abwechslungsreich', 'Der Aufenthaltsraum und der Kaffee sind super!', 1, 1, TRUE );
INSERT INTO RATING(R_ID, CREATED, COURSE_RATING, TEACHER_RATING, SERVICE_RATING, CONTRACRITIQUE, PROCRITIQUE, C_ID, P_ID, ENABLED) 
VALUES (2,CURRENT_TIMESTAMP, 5, 5, 3, 'Manchmal ist es zu kalt.', 'Ich finde das Tanzstudio klasse - echt cool!', 29, 1, TRUE );
INSERT INTO RATING(R_ID, CREATED, COURSE_RATING, TEACHER_RATING, SERVICE_RATING, CONTRACRITIQUE, PROCRITIQUE, C_ID, P_ID, ENABLED) 
VALUES (3,CURRENT_TIMESTAMP, 4, 3, 5, 'Die Lehrerin ist streng', 'Lage und Preise sind perfekt!', 21, 26, TRUE );


--Testdaten fr 2012
--Kurse Studio 1
INSERT INTO COURSE(C_ID,ENABLED,AGEGROUP,AMOUNT_PERFORMANCES,NAME,SLUG,LEVEL,TIME,SEMESTERPRICE,YEARPRICE,DURATION,ESTIMATED_SPECTATORS,WEEKDAY,YEAR,A_ID,S_ID,P_ID,CREATED)  
VALUES (42,FALSE,0,1,'Ballett 1 MO','ballett-1-mo',0,'16:05:00',50.0,90.0,50,2,0,2012,1,3,19,CURRENT_TIMESTAMP);
INSERT INTO COURSE(C_ID,ENABLED,AGEGROUP,AMOUNT_PERFORMANCES,NAME,SLUG,LEVEL,TIME,SEMESTERPRICE,YEARPRICE,DURATION,ESTIMATED_SPECTATORS,WEEKDAY,YEAR,A_ID,S_ID,P_ID,CREATED)  
VALUES (43,FALSE,0,1,'Ballett 3 MO','ballett-3-mo',0,'16:55:00',50.0,90.0,50,1,0,2012,1,3,19,CURRENT_TIMESTAMP);
INSERT INTO COURSE(C_ID,ENABLED,AGEGROUP,AMOUNT_PERFORMANCES,NAME,SLUG,LEVEL,TIME,SEMESTERPRICE,YEARPRICE,DURATION,ESTIMATED_SPECTATORS,WEEKDAY,YEAR,A_ID,S_ID,P_ID,CREATED)  
VALUES (44,FALSE,1,2,'Breakdance 2','breakdance-2',1,'17:45:00',50.0,90.0,75,0,0,2012,1,1,7,CURRENT_TIMESTAMP);
INSERT INTO COURSE(C_ID,ENABLED,AGEGROUP,AMOUNT_PERFORMANCES,NAME,SLUG,LEVEL,TIME,SEMESTERPRICE,YEARPRICE,DURATION,ESTIMATED_SPECTATORS,WEEKDAY,YEAR,A_ID,S_ID,P_ID,CREATED)  
VALUES (45,FALSE,2,3,'Step Fortg.','step-fortg',2,'19:00:00',50.0,90.0,100,0,0,2012,1,2,2,CURRENT_TIMESTAMP);
INSERT INTO COURSE(C_ID,ENABLED,AGEGROUP,AMOUNT_PERFORMANCES,NAME,SLUG,LEVEL,TIME,SEMESTERPRICE,YEARPRICE,DURATION,ESTIMATED_SPECTATORS,WEEKDAY,YEAR,A_ID,S_ID,P_ID,CREATED)  
VALUES (46,FALSE,0,1,'Ballett 2 DI','ballett-2-de',0,'15:00:00',50.0,90.0,50,2,1,2012,1,3,20,CURRENT_TIMESTAMP);
INSERT INTO COURSE(C_ID,ENABLED,AGEGROUP,AMOUNT_PERFORMANCES,NAME,SLUG,LEVEL,TIME,SEMESTERPRICE,YEARPRICE,DURATION,ESTIMATED_SPECTATORS,WEEKDAY,YEAR,A_ID,S_ID,P_ID,CREATED)  
VALUES (47,FALSE,0,1,'Ballett 1A DI','ballett-1a-di',0,'15:50:00',50.0,90.0,50,2,1,2012,1,3,20,CURRENT_TIMESTAMP);
INSERT INTO COURSE(C_ID,ENABLED,AGEGROUP,AMOUNT_PERFORMANCES,NAME,SLUG,LEVEL,TIME,SEMESTERPRICE,YEARPRICE,DURATION,ESTIMATED_SPECTATORS,WEEKDAY,YEAR,A_ID,S_ID,P_ID,CREATED)  
VALUES (48,FALSE,1,1,'Ballett 4','ballett-4',0,'16:40:00',50.0,90.0,50,0,1,2012,1,3,20,CURRENT_TIMESTAMP);
INSERT INTO COURSE(C_ID,ENABLED,AGEGROUP,AMOUNT_PERFORMANCES,NAME,SLUG,LEVEL,TIME,SEMESTERPRICE,YEARPRICE,DURATION,ESTIMATED_SPECTATORS,WEEKDAY,YEAR,A_ID,S_ID,P_ID,CREATED)  
VALUES (49,FALSE,1,2,'Videoclipdancing 1','videoclipdancing-1',0,'17:30:00',50.0,90.0,75,0,1,2012,1,5,16,CURRENT_TIMESTAMP);
INSERT INTO COURSE(C_ID,ENABLED,AGEGROUP,AMOUNT_PERFORMANCES,NAME,SLUG,LEVEL,TIME,SEMESTERPRICE,YEARPRICE,DURATION,ESTIMATED_SPECTATORS,WEEKDAY,YEAR,A_ID,S_ID,P_ID,CREATED)  
VALUES (50,FALSE,2,2,'Ballett Fortg. 2','ballett-fortg-2',1,'18:45:00',50.0,90.0,75,0,1,2012,1,3,21,CURRENT_TIMESTAMP);
INSERT INTO COURSE(C_ID,ENABLED,AGEGROUP,AMOUNT_PERFORMANCES,NAME,SLUG,LEVEL,TIME,SEMESTERPRICE,YEARPRICE,DURATION,ESTIMATED_SPECTATORS,WEEKDAY,YEAR,A_ID,S_ID,P_ID,CREATED)  
VALUES (51,FALSE,0,1,'Ballett Vorb. 1','ballett-vorb-1',0,'15:00:00',50.0,90.0,50,2,2,2012,1,3,21,CURRENT_TIMESTAMP);
INSERT INTO COURSE(C_ID,ENABLED,AGEGROUP,AMOUNT_PERFORMANCES,NAME,SLUG,LEVEL,TIME,SEMESTERPRICE,YEARPRICE,DURATION,ESTIMATED_SPECTATORS,WEEKDAY,YEAR,A_ID,S_ID,P_ID,CREATED)  
VALUES (52,FALSE,0,1,'Ballett 1 MI','ballett-1-mi',0,'15:50:00',50.0,90.0,50,2,2,2012,1,3,21,CURRENT_TIMESTAMP);
INSERT INTO COURSE(C_ID,ENABLED,AGEGROUP,AMOUNT_PERFORMANCES,NAME,SLUG,LEVEL,TIME,SEMESTERPRICE,YEARPRICE,DURATION,ESTIMATED_SPECTATORS,WEEKDAY,YEAR,A_ID,S_ID,P_ID,CREATED)  
VALUES (53,FALSE,0,1,'Ballett 2 MI','ballett-2-mi',0,'16:40:00',50.0,90.0,50,1,2,2012,1,3,21,CURRENT_TIMESTAMP);
INSERT INTO COURSE(C_ID,ENABLED,AGEGROUP,AMOUNT_PERFORMANCES,NAME,SLUG,LEVEL,TIME,SEMESTERPRICE,YEARPRICE,DURATION,ESTIMATED_SPECTATORS,WEEKDAY,YEAR,A_ID,S_ID,P_ID,CREATED)  
VALUES (54,FALSE,1,1,'Ballett Fortg. 1','ballett-fortg-1',1,'17:30:00',50.0,90.0,75,0,2,2012,1,3,21,CURRENT_TIMESTAMP);
INSERT INTO COURSE(C_ID,ENABLED,AGEGROUP,AMOUNT_PERFORMANCES,NAME,SLUG,LEVEL,TIME,SEMESTERPRICE,YEARPRICE,DURATION,ESTIMATED_SPECTATORS,WEEKDAY,YEAR,A_ID,S_ID,P_ID,CREATED)  
VALUES (55,FALSE,2,3,'Videoclipdancing 2','videoclipdancing-2',2,'18:45:00',50.0,90.0,75,0,2,2012,1,5,13,CURRENT_TIMESTAMP);
INSERT INTO COURSE(C_ID,ENABLED,AGEGROUP,AMOUNT_PERFORMANCES,NAME,SLUG,LEVEL,TIME,SEMESTERPRICE,YEARPRICE,DURATION,ESTIMATED_SPECTATORS,WEEKDAY,YEAR,A_ID,S_ID,P_ID,CREATED)  
VALUES (56,FALSE,1,1,'Ballett 3 DO','ballett-3-do',0,'15:20:00',50.0,90.0,50,1,3,2012,1,3,20,CURRENT_TIMESTAMP);
INSERT INTO COURSE(C_ID,ENABLED,AGEGROUP,AMOUNT_PERFORMANCES,NAME,SLUG,LEVEL,TIME,SEMESTERPRICE,YEARPRICE,DURATION,ESTIMATED_SPECTATORS,WEEKDAY,YEAR,A_ID,S_ID,P_ID,CREATED)  
VALUES (57,FALSE,0,1,'Ballett Vorb 2.','ballett-vorb-2',0,'16:10:00',50.0,90.0,50,2,3,2012,1,3,20,CURRENT_TIMESTAMP);
INSERT INTO COURSE(C_ID,ENABLED,AGEGROUP,AMOUNT_PERFORMANCES,NAME,SLUG,LEVEL,TIME,SEMESTERPRICE,YEARPRICE,DURATION,ESTIMATED_SPECTATORS,WEEKDAY,YEAR,A_ID,S_ID,P_ID,CREATED)  
VALUES (58,FALSE,1,1,'Ballett Fortg. 1A','ballett-fortg-1a',1,'17:00:00',50.0,90.0,75,2,3,2012,1,3,21,CURRENT_TIMESTAMP);
INSERT INTO COURSE(C_ID,ENABLED,AGEGROUP,AMOUNT_PERFORMANCES,NAME,SLUG,LEVEL,TIME,SEMESTERPRICE,YEARPRICE,DURATION,ESTIMATED_SPECTATORS,WEEKDAY,YEAR,A_ID,S_ID,P_ID,CREATED)  
VALUES (59,FALSE,2,1,'Step 1 American','step-1-american',0,'18:15:00',50.0,90.0,50,0,3,2012,1,2,18,CURRENT_TIMESTAMP);
INSERT INTO COURSE(C_ID,ENABLED,AGEGROUP,AMOUNT_PERFORMANCES,NAME,SLUG,LEVEL,TIME,SEMESTERPRICE,YEARPRICE,DURATION,ESTIMATED_SPECTATORS,WEEKDAY,YEAR,A_ID,S_ID,P_ID,CREATED)  
VALUES (60,FALSE,2,3,'Ballett Fortg. 3','ballett-fortg-3',2,'19:05:00',50.0,90.0,75,0,3,2012,1,3,21,CURRENT_TIMESTAMP);
INSERT INTO COURSE(C_ID,ENABLED,AGEGROUP,AMOUNT_PERFORMANCES,NAME,SLUG,LEVEL,TIME,SEMESTERPRICE,YEARPRICE,DURATION,ESTIMATED_SPECTATORS,WEEKDAY,YEAR,A_ID,S_ID,P_ID,CREATED)  
VALUES (61,FALSE,0,1,'Step Kids 1','step-kids-1',0,'15:00:00',50.0,90.0,50,0,4,2012,1,2,22,CURRENT_TIMESTAMP);
INSERT INTO COURSE(C_ID,ENABLED,AGEGROUP,AMOUNT_PERFORMANCES,NAME,SLUG,LEVEL,TIME,SEMESTERPRICE,YEARPRICE,DURATION,ESTIMATED_SPECTATORS,WEEKDAY,YEAR,A_ID,S_ID,P_ID,CREATED)  
VALUES (62,FALSE,0,1,'Step Kids 2','step-kids-2',0,'15:50:00',50.0,90.0,50,1,4,2012,1,2,22,CURRENT_TIMESTAMP);
INSERT INTO COURSE(C_ID,ENABLED,AGEGROUP,AMOUNT_PERFORMANCES,NAME,SLUG,LEVEL,TIME,SEMESTERPRICE,YEARPRICE,DURATION,ESTIMATED_SPECTATORS,WEEKDAY,YEAR,A_ID,S_ID,P_ID,CREATED)  
VALUES (63,FALSE,1,2,'Step Kids 3','step-kids-3',1,'16:45:00',50.0,90.0,50,1,4,2012,1,2,22,CURRENT_TIMESTAMP);
INSERT INTO COURSE(C_ID,ENABLED,AGEGROUP,AMOUNT_PERFORMANCES,NAME,SLUG,LEVEL,TIME,SEMESTERPRICE,YEARPRICE,DURATION,ESTIMATED_SPECTATORS,WEEKDAY,YEAR,A_ID,S_ID,P_ID,CREATED)  
VALUES (64,FALSE,2,3,'Rhythm Tap Fortg.','rythm-tap-fortg',2,'17:35:00',50.0,90.0,50,0,4,2012,1,2,22,CURRENT_TIMESTAMP);

--Kurse Studio 2
INSERT INTO COURSE(C_ID,ENABLED,AGEGROUP,AMOUNT_PERFORMANCES,NAME,SLUG,LEVEL,TIME,SEMESTERPRICE,YEARPRICE,DURATION,ESTIMATED_SPECTATORS,WEEKDAY,YEAR,A_ID,S_ID,P_ID,CREATED)  
VALUES (65,FALSE,0,1,'Hip Hop Kids','hip-hop-kids',0,'15:40:00',50.0,90.0,50,1,0,2012,2,4,12,CURRENT_TIMESTAMP);
INSERT INTO COURSE(C_ID,ENABLED,AGEGROUP,AMOUNT_PERFORMANCES,NAME,SLUG,LEVEL,TIME,SEMESTERPRICE,YEARPRICE,DURATION,ESTIMATED_SPECTATORS,WEEKDAY,YEAR,A_ID,S_ID,P_ID,CREATED)  
VALUES (66,FALSE,1,1,'Urban Hip Hop','urban-hip-hop',0,'16:30:00',50.0,90.0,75,1,0,2012,2,4,12,CURRENT_TIMESTAMP);
INSERT INTO COURSE(C_ID,ENABLED,AGEGROUP,AMOUNT_PERFORMANCES,NAME,SLUG,LEVEL,TIME,SEMESTERPRICE,YEARPRICE,DURATION,ESTIMATED_SPECTATORS,WEEKDAY,YEAR,A_ID,S_ID,P_ID,CREATED)  
VALUES (67,FALSE,1,2,'Videoclipdancing/ Hip Hop 2','hip-hop-2',1,'17:45:00',50.0,90.0,75,1,0,2012,2,5,12,CURRENT_TIMESTAMP);
INSERT INTO COURSE(C_ID,ENABLED,AGEGROUP,AMOUNT_PERFORMANCES,NAME,SLUG,LEVEL,TIME,SEMESTERPRICE,YEARPRICE,DURATION,ESTIMATED_SPECTATORS,WEEKDAY,YEAR,A_ID,S_ID,P_ID,CREATED)  
VALUES (68,FALSE,2,3,'Hip Hop Fortg.','hip-hop-fortg',2,'19:00:00',50.0,90.0,75,0,0,2012,2,4,13,CURRENT_TIMESTAMP);
INSERT INTO COURSE(C_ID,ENABLED,AGEGROUP,AMOUNT_PERFORMANCES,NAME,SLUG,LEVEL,TIME,SEMESTERPRICE,YEARPRICE,DURATION,ESTIMATED_SPECTATORS,WEEKDAY,YEAR,A_ID,S_ID,P_ID,CREATED)  
VALUES (69,FALSE,0,1,'Kiddy Jazz','kiddy-jazz',0,'16:00:00',50.0,90.0,50,1,1,2012,2,7,17,CURRENT_TIMESTAMP);
INSERT INTO COURSE(C_ID,ENABLED,AGEGROUP,AMOUNT_PERFORMANCES,NAME,SLUG,LEVEL,TIME,SEMESTERPRICE,YEARPRICE,DURATION,ESTIMATED_SPECTATORS,WEEKDAY,YEAR,A_ID,S_ID,P_ID,CREATED)  
VALUES (70,FALSE,0,1,'Videoclipdancing Kids 1A','videoclipdancing-kids-1a',0,'16:50:00',50.0,90.0,50,2,1,2012,2,5,16,CURRENT_TIMESTAMP);
INSERT INTO COURSE(C_ID,ENABLED,AGEGROUP,AMOUNT_PERFORMANCES,NAME,SLUG,LEVEL,TIME,SEMESTERPRICE,YEARPRICE,DURATION,ESTIMATED_SPECTATORS,WEEKDAY,YEAR,A_ID,S_ID,P_ID,CREATED)  
VALUES (71,FALSE,1,1,'Hip Hop Mix Fortg. 1','hip-hop-mix-fortg-1',0,'17:40:00',50.0,90.0,75,1,1,2012,2,4,17,CURRENT_TIMESTAMP);
INSERT INTO COURSE(C_ID,ENABLED,AGEGROUP,AMOUNT_PERFORMANCES,NAME,SLUG,LEVEL,TIME,SEMESTERPRICE,YEARPRICE,DURATION,ESTIMATED_SPECTATORS,WEEKDAY,YEAR,A_ID,S_ID,P_ID,CREATED)  
VALUES (72,FALSE,0,1,'Musical 1A','musical-1a',0,'15:00:00',50.0,90.0,75,1,2,2012,2,6,16,CURRENT_TIMESTAMP);
INSERT INTO COURSE(C_ID,ENABLED,AGEGROUP,AMOUNT_PERFORMANCES,NAME,SLUG,LEVEL,TIME,SEMESTERPRICE,YEARPRICE,DURATION,ESTIMATED_SPECTATORS,WEEKDAY,YEAR,A_ID,S_ID,P_ID,CREATED)  
VALUES (73,FALSE,1,2,'Videoclipdancing Kids Fortg.','videoclipdancing-kids-fortg',1,'16:15:00',50.0,90.0,75,1,2,2012,2,5,17,CURRENT_TIMESTAMP);
INSERT INTO COURSE(C_ID,ENABLED,AGEGROUP,AMOUNT_PERFORMANCES,NAME,SLUG,LEVEL,TIME,SEMESTERPRICE,YEARPRICE,DURATION,ESTIMATED_SPECTATORS,WEEKDAY,YEAR,A_ID,S_ID,P_ID,CREATED)  
VALUES (74,FALSE,0,1,'Breakdance 1','breakdance1',0,'17:30:00',50.0,90.0,75,0,2,2012,2,1,7,CURRENT_TIMESTAMP);
INSERT INTO COURSE(C_ID,ENABLED,AGEGROUP,AMOUNT_PERFORMANCES,NAME,SLUG,LEVEL,TIME,SEMESTERPRICE,YEARPRICE,DURATION,ESTIMATED_SPECTATORS,WEEKDAY,YEAR,A_ID,S_ID,P_ID,CREATED)  
VALUES (75,FALSE,2,3,'Hip Hop Funky New Style','hip-hop-funky-new-style',2,'18:45:00',50.0,90.0,75,0,2,2012,2,4,2,CURRENT_TIMESTAMP);
INSERT INTO COURSE(C_ID,ENABLED,AGEGROUP,AMOUNT_PERFORMANCES,NAME,SLUG,LEVEL,TIME,SEMESTERPRICE,YEARPRICE,DURATION,ESTIMATED_SPECTATORS,WEEKDAY,YEAR,A_ID,S_ID,P_ID,CREATED)  
VALUES (76,FALSE,1,1,'Videoclipdancing Fortg. 1A','videoclipdancin-fortg-1a',0,'15:30:00',50.0,90.0,75,1,3,2012,2,5,15,CURRENT_TIMESTAMP);
INSERT INTO COURSE(C_ID,ENABLED,AGEGROUP,AMOUNT_PERFORMANCES,NAME,SLUG,LEVEL,TIME,SEMESTERPRICE,YEARPRICE,DURATION,ESTIMATED_SPECTATORS,WEEKDAY,YEAR,A_ID,S_ID,P_ID,CREATED)  
VALUES (77,FALSE,2,1,'Hip Hop Mix Fortg. 2','hip-hop-mix-fortg-2',0,'16:45:00',50.0,90.0,75,1,3,2012,2,4,15,CURRENT_TIMESTAMP);
INSERT INTO COURSE(C_ID,ENABLED,AGEGROUP,AMOUNT_PERFORMANCES,NAME,SLUG,LEVEL,TIME,SEMESTERPRICE,YEARPRICE,DURATION,ESTIMATED_SPECTATORS,WEEKDAY,YEAR,A_ID,S_ID,P_ID,CREATED)  
VALUES (78,FALSE,2,2,'Videoclipdancing Jugendl. Fortg.','videoclipdancing-jugendl-fortg',1,'18:00:00',50.0,90.0,75,0,3,2012,2,5,15,CURRENT_TIMESTAMP);
INSERT INTO COURSE(C_ID,ENABLED,AGEGROUP,AMOUNT_PERFORMANCES,NAME,SLUG,LEVEL,TIME,SEMESTERPRICE,YEARPRICE,DURATION,ESTIMATED_SPECTATORS,WEEKDAY,YEAR,A_ID,S_ID,P_ID,CREATED)  
VALUES (79,FALSE,1,3,'Musical Fortg.','musical-fort',2,'15:00:00',50.0,90.0,75,1,4,2012,2,6,2,CURRENT_TIMESTAMP);
INSERT INTO COURSE(C_ID,ENABLED,AGEGROUP,AMOUNT_PERFORMANCES,NAME,SLUG,LEVEL,TIME,SEMESTERPRICE,YEARPRICE,DURATION,ESTIMATED_SPECTATORS,WEEKDAY,YEAR,A_ID,S_ID,P_ID,CREATED)  
VALUES (80,FALSE,2,2,'Dance Mix Fortg. 1','dance-mix-fortg-1',1,'16:15:00',50.0,90.0,75,1,4,2012,2,8,2,CURRENT_TIMESTAMP);
INSERT INTO COURSE(C_ID,ENABLED,AGEGROUP,AMOUNT_PERFORMANCES,NAME,SLUG,LEVEL,TIME,SEMESTERPRICE,YEARPRICE,DURATION,ESTIMATED_SPECTATORS,WEEKDAY,YEAR,A_ID,S_ID,P_ID,CREATED)  
VALUES (81,FALSE,2,3,'Dance Mix Fortg. 2','dance-mix-fortg-2',2,'17:30:00',50.0,90.0,75,1,4,2012,2,8,14,CURRENT_TIMESTAMP);

--Teilnehmer in Kursen
INSERT INTO COURSE_PARTICIPANT (P_ID,C_ID, DURATION,CREATED, ENABLED) VALUES (1,47,1,CURRENT_TIMESTAMP,FALSE);
INSERT INTO COURSE_PARTICIPANT (P_ID,C_ID, DURATION,CREATED, ENABLED) VALUES (1,45,1,CURRENT_TIMESTAMP,FALSE);
INSERT INTO COURSE_PARTICIPANT (P_ID,C_ID, DURATION,CREATED, ENABLED) VALUES (1,50,1,CURRENT_TIMESTAMP,FALSE);
INSERT INTO COURSE_PARTICIPANT (P_ID,C_ID, DURATION,CREATED, ENABLED) VALUES (1,52,1,CURRENT_TIMESTAMP,FALSE);
INSERT INTO COURSE_PARTICIPANT (P_ID,C_ID, DURATION,CREATED, ENABLED) VALUES (1,54,1,CURRENT_TIMESTAMP,FALSE);
INSERT INTO COURSE_PARTICIPANT (P_ID,C_ID, DURATION,CREATED, ENABLED) VALUES (3,60,1,CURRENT_TIMESTAMP,FALSE);
INSERT INTO COURSE_PARTICIPANT (P_ID,C_ID, DURATION,CREATED, ENABLED) VALUES (4,56,1,CURRENT_TIMESTAMP,FALSE);
INSERT INTO COURSE_PARTICIPANT (P_ID,C_ID, DURATION,CREATED, ENABLED) VALUES (4,57,1,CURRENT_TIMESTAMP,FALSE);
INSERT INTO COURSE_PARTICIPANT (P_ID,C_ID, DURATION,CREATED, ENABLED) VALUES (5,57,1,CURRENT_TIMESTAMP,FALSE);
INSERT INTO COURSE_PARTICIPANT (P_ID,C_ID, DURATION,CREATED, ENABLED) VALUES (8,44,1,CURRENT_TIMESTAMP,FALSE);
INSERT INTO COURSE_PARTICIPANT (P_ID,C_ID, DURATION,CREATED, ENABLED) VALUES (9,43,1,CURRENT_TIMESTAMP,FALSE);
INSERT INTO COURSE_PARTICIPANT (P_ID,C_ID, DURATION,CREATED, ENABLED) VALUES (10,70,1,CURRENT_TIMESTAMP,FALSE);
INSERT INTO COURSE_PARTICIPANT (P_ID,C_ID, DURATION,CREATED, ENABLED) VALUES (11,67,1,CURRENT_TIMESTAMP,FALSE);
INSERT INTO COURSE_PARTICIPANT (P_ID,C_ID, DURATION,CREATED, ENABLED) VALUES (25,64,1,CURRENT_TIMESTAMP,FALSE);
INSERT INTO COURSE_PARTICIPANT (P_ID,C_ID, DURATION,CREATED, ENABLED) VALUES (25,63,1,CURRENT_TIMESTAMP,FALSE);
INSERT INTO COURSE_PARTICIPANT (P_ID,C_ID, DURATION,CREATED, ENABLED) VALUES (26,63,1,CURRENT_TIMESTAMP,FALSE);
INSERT INTO COURSE_PARTICIPANT (P_ID,C_ID, DURATION,CREATED, ENABLED) VALUES (27,81,1,CURRENT_TIMESTAMP,FALSE);
INSERT INTO COURSE_PARTICIPANT (P_ID,C_ID, DURATION,CREATED, ENABLED) VALUES (28,79,1,CURRENT_TIMESTAMP,FALSE);
INSERT INTO COURSE_PARTICIPANT (P_ID,C_ID, DURATION,CREATED, ENABLED) VALUES (29,78,1,CURRENT_TIMESTAMP,FALSE);
INSERT INTO COURSE_PARTICIPANT (P_ID,C_ID, DURATION,CREATED, ENABLED) VALUES (30,60,1,CURRENT_TIMESTAMP,FALSE);
INSERT INTO COURSE_PARTICIPANT (P_ID,C_ID, DURATION,CREATED, ENABLED) VALUES (30,55,1,CURRENT_TIMESTAMP,FALSE);
INSERT INTO COURSE_PARTICIPANT (P_ID,C_ID, DURATION,CREATED, ENABLED) VALUES (31,57,1,CURRENT_TIMESTAMP,FALSE);
INSERT INTO COURSE_PARTICIPANT (P_ID,C_ID, DURATION,CREATED, ENABLED) VALUES (32,44,1,CURRENT_TIMESTAMP,FALSE);
INSERT INTO COURSE_PARTICIPANT (P_ID,C_ID, DURATION,CREATED, ENABLED) VALUES (33,48,1,CURRENT_TIMESTAMP,FALSE);
INSERT INTO COURSE_PARTICIPANT (P_ID,C_ID, DURATION,CREATED, ENABLED) VALUES (34,77,1,CURRENT_TIMESTAMP,FALSE);
INSERT INTO COURSE_PARTICIPANT (P_ID,C_ID, DURATION,CREATED, ENABLED) VALUES (35,79,1,CURRENT_TIMESTAMP,FALSE);
INSERT INTO COURSE_PARTICIPANT (P_ID,C_ID, DURATION,CREATED, ENABLED) VALUES (36,80,1,CURRENT_TIMESTAMP,FALSE);
INSERT INTO COURSE_PARTICIPANT (P_ID,C_ID, DURATION,CREATED, ENABLED) VALUES (37,71,1,CURRENT_TIMESTAMP,FALSE);
INSERT INTO COURSE_PARTICIPANT (P_ID,C_ID, DURATION,CREATED, ENABLED) VALUES (38,74,1,CURRENT_TIMESTAMP,FALSE);
INSERT INTO COURSE_PARTICIPANT (P_ID,C_ID, DURATION,CREATED, ENABLED) VALUES (39,65,1,CURRENT_TIMESTAMP,FALSE);
INSERT INTO COURSE_PARTICIPANT (P_ID,C_ID, DURATION,CREATED, ENABLED) VALUES (40,77,1,CURRENT_TIMESTAMP,FALSE);
INSERT INTO COURSE_PARTICIPANT (P_ID,C_ID, DURATION,CREATED, ENABLED) VALUES (41,50,1,CURRENT_TIMESTAMP,FALSE);
INSERT INTO COURSE_PARTICIPANT (P_ID,C_ID, DURATION,CREATED, ENABLED) VALUES (42,60,1,CURRENT_TIMESTAMP,FALSE);
INSERT INTO COURSE_PARTICIPANT (P_ID,C_ID, DURATION,CREATED, ENABLED) VALUES (43,60,1,CURRENT_TIMESTAMP,FALSE);
INSERT INTO COURSE_PARTICIPANT (P_ID,C_ID, DURATION,CREATED, ENABLED) VALUES (44,67,1,CURRENT_TIMESTAMP,FALSE);
INSERT INTO COURSE_PARTICIPANT (P_ID,C_ID, DURATION,CREATED, ENABLED) VALUES (45,69,1,CURRENT_TIMESTAMP,FALSE);
INSERT INTO COURSE_PARTICIPANT (P_ID,C_ID, DURATION,CREATED, ENABLED) VALUES (46,81,1,CURRENT_TIMESTAMP,FALSE);
INSERT INTO COURSE_PARTICIPANT (P_ID,C_ID, DURATION,CREATED, ENABLED) VALUES (42,80,1,CURRENT_TIMESTAMP,FALSE);
INSERT INTO COURSE_PARTICIPANT (P_ID,C_ID, DURATION,CREATED, ENABLED) VALUES (43,42,1,CURRENT_TIMESTAMP,FALSE);
INSERT INTO COURSE_PARTICIPANT (P_ID,C_ID, DURATION,CREATED, ENABLED) VALUES (44,44,1,CURRENT_TIMESTAMP,FALSE);
INSERT INTO COURSE_PARTICIPANT (P_ID,C_ID, DURATION,CREATED, ENABLED) VALUES (45,43,1,CURRENT_TIMESTAMP,FALSE);
INSERT INTO COURSE_PARTICIPANT (P_ID,C_ID, DURATION,CREATED, ENABLED) VALUES (46,70,1,CURRENT_TIMESTAMP,FALSE);
INSERT INTO COURSE_PARTICIPANT (P_ID,C_ID, DURATION,CREATED, ENABLED) VALUES (52,68,1,CURRENT_TIMESTAMP,FALSE);
INSERT INTO COURSE_PARTICIPANT (P_ID,C_ID, DURATION,CREATED, ENABLED) VALUES (53,71,1,CURRENT_TIMESTAMP,FALSE);
INSERT INTO COURSE_PARTICIPANT (P_ID,C_ID, DURATION,CREATED, ENABLED) VALUES (54,71,1,CURRENT_TIMESTAMP,FALSE);
INSERT INTO COURSE_PARTICIPANT (P_ID,C_ID, DURATION,CREATED, ENABLED) VALUES (54,81,1,CURRENT_TIMESTAMP,FALSE);
INSERT INTO COURSE_PARTICIPANT (P_ID,C_ID, DURATION,CREATED, ENABLED) VALUES (55,71,1,CURRENT_TIMESTAMP,FALSE);
INSERT INTO COURSE_PARTICIPANT (P_ID,C_ID, DURATION,CREATED, ENABLED) VALUES (55,81,1,CURRENT_TIMESTAMP,FALSE);
INSERT INTO COURSE_PARTICIPANT (P_ID,C_ID, DURATION,CREATED, ENABLED) VALUES (56,71,1,CURRENT_TIMESTAMP,FALSE);
INSERT INTO COURSE_PARTICIPANT (P_ID,C_ID, DURATION,CREATED, ENABLED) VALUES (57,71,1,CURRENT_TIMESTAMP,FALSE);
INSERT INTO COURSE_PARTICIPANT (P_ID,C_ID, DURATION,CREATED, ENABLED) VALUES (58,71,1,CURRENT_TIMESTAMP,FALSE);
INSERT INTO COURSE_PARTICIPANT (P_ID,C_ID, DURATION,CREATED, ENABLED) VALUES (59,71,1,CURRENT_TIMESTAMP,FALSE);
INSERT INTO COURSE_PARTICIPANT (P_ID,C_ID, DURATION,CREATED, ENABLED) VALUES (60,75,1,CURRENT_TIMESTAMP,FALSE);
INSERT INTO COURSE_PARTICIPANT (P_ID,C_ID, DURATION,CREATED, ENABLED) VALUES (61,75,1,CURRENT_TIMESTAMP,FALSE);
INSERT INTO COURSE_PARTICIPANT (P_ID,C_ID, DURATION,CREATED, ENABLED) VALUES (62,75,1,CURRENT_TIMESTAMP,FALSE);
INSERT INTO COURSE_PARTICIPANT (P_ID,C_ID, DURATION,CREATED, ENABLED) VALUES (63,75,1,CURRENT_TIMESTAMP,FALSE);
INSERT INTO COURSE_PARTICIPANT (P_ID,C_ID, DURATION,CREATED, ENABLED) VALUES (64,75,1,CURRENT_TIMESTAMP,FALSE);
INSERT INTO COURSE_PARTICIPANT (P_ID,C_ID, DURATION,CREATED, ENABLED) VALUES (65,75,1,CURRENT_TIMESTAMP,FALSE);
INSERT INTO COURSE_PARTICIPANT (P_ID,C_ID, DURATION,CREATED, ENABLED) VALUES (66,75,1,CURRENT_TIMESTAMP,FALSE);
INSERT INTO COURSE_PARTICIPANT (P_ID,C_ID, DURATION,CREATED, ENABLED) VALUES (67,75,1,CURRENT_TIMESTAMP,FALSE);
INSERT INTO COURSE_PARTICIPANT (P_ID,C_ID, DURATION,CREATED, ENABLED) VALUES (68,75,1,CURRENT_TIMESTAMP,FALSE);
INSERT INTO COURSE_PARTICIPANT (P_ID,C_ID, DURATION,CREATED, ENABLED) VALUES (69,75,1,CURRENT_TIMESTAMP,FALSE);
INSERT INTO COURSE_PARTICIPANT (P_ID,C_ID, DURATION,CREATED, ENABLED) VALUES (70,78,1,CURRENT_TIMESTAMP,FALSE);
INSERT INTO COURSE_PARTICIPANT (P_ID,C_ID, DURATION,CREATED, ENABLED) VALUES (71,78,1,CURRENT_TIMESTAMP,FALSE);
INSERT INTO COURSE_PARTICIPANT (P_ID,C_ID, DURATION,CREATED, ENABLED) VALUES (72,78,1,CURRENT_TIMESTAMP,FALSE);
INSERT INTO COURSE_PARTICIPANT (P_ID,C_ID, DURATION,CREATED, ENABLED) VALUES (73,78,1,CURRENT_TIMESTAMP,FALSE);
INSERT INTO COURSE_PARTICIPANT (P_ID,C_ID, DURATION,CREATED, ENABLED) VALUES (73,81,1,CURRENT_TIMESTAMP,FALSE);
INSERT INTO COURSE_PARTICIPANT (P_ID,C_ID, DURATION,CREATED, ENABLED) VALUES (74,78,1,CURRENT_TIMESTAMP,FALSE);
INSERT INTO COURSE_PARTICIPANT (P_ID,C_ID, DURATION,CREATED, ENABLED) VALUES (75,78,1,CURRENT_TIMESTAMP,FALSE);
INSERT INTO COURSE_PARTICIPANT (P_ID,C_ID, DURATION,CREATED, ENABLED) VALUES (76,78,1,CURRENT_TIMESTAMP,FALSE);
INSERT INTO COURSE_PARTICIPANT (P_ID,C_ID, DURATION,CREATED, ENABLED) VALUES (77,78,1,CURRENT_TIMESTAMP,FALSE);
INSERT INTO COURSE_PARTICIPANT (P_ID,C_ID, DURATION,CREATED, ENABLED) VALUES (78,78,1,CURRENT_TIMESTAMP,FALSE);
INSERT INTO COURSE_PARTICIPANT (P_ID,C_ID, DURATION,CREATED, ENABLED) VALUES (79,78,1,CURRENT_TIMESTAMP,FALSE);
INSERT INTO COURSE_PARTICIPANT (P_ID,C_ID, DURATION,CREATED, ENABLED) VALUES (80,78,1,CURRENT_TIMESTAMP,FALSE);
INSERT INTO COURSE_PARTICIPANT (P_ID,C_ID, DURATION,CREATED, ENABLED) VALUES (81,78,1,CURRENT_TIMESTAMP,FALSE);
INSERT INTO COURSE_PARTICIPANT (P_ID,C_ID, DURATION,CREATED, ENABLED) VALUES (82,81,1,CURRENT_TIMESTAMP,FALSE);
INSERT INTO COURSE_PARTICIPANT (P_ID,C_ID, DURATION,CREATED, ENABLED) VALUES (83,81,1,CURRENT_TIMESTAMP,FALSE);
INSERT INTO COURSE_PARTICIPANT (P_ID,C_ID, DURATION,CREATED, ENABLED) VALUES (84,81,1,CURRENT_TIMESTAMP,FALSE);
INSERT INTO COURSE_PARTICIPANT (P_ID,C_ID, DURATION,CREATED, ENABLED) VALUES (85,81,1,CURRENT_TIMESTAMP,FALSE);
INSERT INTO COURSE_PARTICIPANT (P_ID,C_ID, DURATION,CREATED, ENABLED) VALUES (86,81,1,CURRENT_TIMESTAMP,FALSE);
INSERT INTO COURSE_PARTICIPANT (P_ID,C_ID, DURATION,CREATED, ENABLED) VALUES (87,81,2,CURRENT_TIMESTAMP,FALSE);
INSERT INTO COURSE_PARTICIPANT (P_ID,C_ID, DURATION,CREATED, ENABLED) VALUES (88,81,0,CURRENT_TIMESTAMP,FALSE);
INSERT INTO COURSE_PARTICIPANT (P_ID,C_ID, DURATION,CREATED, ENABLED) VALUES (89,81,1,CURRENT_TIMESTAMP,FALSE);
INSERT INTO COURSE_PARTICIPANT (P_ID,C_ID, DURATION,CREATED, ENABLED) VALUES (90,81,1,CURRENT_TIMESTAMP,FALSE);
INSERT INTO COURSE_PARTICIPANT (P_ID,C_ID, DURATION,CREATED, ENABLED) VALUES (91,80,1,CURRENT_TIMESTAMP,FALSE);
INSERT INTO COURSE_PARTICIPANT (P_ID,C_ID, DURATION,CREATED, ENABLED) VALUES (92,80,1,CURRENT_TIMESTAMP,FALSE);
INSERT INTO COURSE_PARTICIPANT (P_ID,C_ID, DURATION,CREATED, ENABLED) VALUES (93,80,1,CURRENT_TIMESTAMP,FALSE);
INSERT INTO COURSE_PARTICIPANT (P_ID,C_ID, DURATION,CREATED, ENABLED) VALUES (94,80,1,CURRENT_TIMESTAMP,FALSE);
INSERT INTO COURSE_PARTICIPANT (P_ID,C_ID, DURATION,CREATED, ENABLED) VALUES (95,80,1,CURRENT_TIMESTAMP,FALSE);
INSERT INTO COURSE_PARTICIPANT (P_ID,C_ID, DURATION,CREATED, ENABLED) VALUES (96,80,1,CURRENT_TIMESTAMP,FALSE);
INSERT INTO COURSE_PARTICIPANT (P_ID,C_ID, DURATION,CREATED, ENABLED) VALUES (97,80,1,CURRENT_TIMESTAMP,FALSE);
INSERT INTO COURSE_PARTICIPANT (P_ID,C_ID, DURATION,CREATED, ENABLED) VALUES (98,80,1,CURRENT_TIMESTAMP,FALSE);
INSERT INTO COURSE_PARTICIPANT (P_ID,C_ID, DURATION,CREATED, ENABLED) VALUES (99,50,1,CURRENT_TIMESTAMP,FALSE);
INSERT INTO COURSE_PARTICIPANT (P_ID,C_ID, DURATION,CREATED, ENABLED) VALUES (100,50,1,CURRENT_TIMESTAMP,FALSE);
INSERT INTO COURSE_PARTICIPANT (P_ID,C_ID, DURATION,CREATED, ENABLED) VALUES (101,50,1,CURRENT_TIMESTAMP,FALSE);
INSERT INTO COURSE_PARTICIPANT (P_ID,C_ID, DURATION,CREATED, ENABLED) VALUES (101,79,1,CURRENT_TIMESTAMP,FALSE);
INSERT INTO COURSE_PARTICIPANT (P_ID,C_ID, DURATION,CREATED, ENABLED) VALUES (102,50,1,CURRENT_TIMESTAMP,FALSE);
INSERT INTO COURSE_PARTICIPANT (P_ID,C_ID, DURATION,CREATED, ENABLED) VALUES (103,50,1,CURRENT_TIMESTAMP,FALSE);
INSERT INTO COURSE_PARTICIPANT (P_ID,C_ID, DURATION,CREATED, ENABLED) VALUES (104,50,1,CURRENT_TIMESTAMP,FALSE);
INSERT INTO COURSE_PARTICIPANT (P_ID,C_ID, DURATION,CREATED, ENABLED) VALUES (105,50,1,CURRENT_TIMESTAMP,FALSE);
INSERT INTO COURSE_PARTICIPANT (P_ID,C_ID, DURATION,CREATED, ENABLED) VALUES (106,50,0,CURRENT_TIMESTAMP,FALSE);
INSERT INTO COURSE_PARTICIPANT (P_ID,C_ID, DURATION,CREATED, ENABLED) VALUES (107,50,0,CURRENT_TIMESTAMP,FALSE);
INSERT INTO COURSE_PARTICIPANT (P_ID,C_ID, DURATION,CREATED, ENABLED) VALUES (108,64,0,CURRENT_TIMESTAMP,FALSE);
INSERT INTO COURSE_PARTICIPANT (P_ID,C_ID, DURATION,CREATED, ENABLED) VALUES (109,64,0,CURRENT_TIMESTAMP,FALSE);
INSERT INTO COURSE_PARTICIPANT (P_ID,C_ID, DURATION,CREATED, ENABLED) VALUES (150,64,0,CURRENT_TIMESTAMP,FALSE);
INSERT INTO COURSE_PARTICIPANT (P_ID,C_ID, DURATION,CREATED, ENABLED) VALUES (111,64,0,CURRENT_TIMESTAMP,FALSE);
INSERT INTO COURSE_PARTICIPANT (P_ID,C_ID, DURATION,CREATED, ENABLED) VALUES (112,55,0,CURRENT_TIMESTAMP,FALSE);
INSERT INTO COURSE_PARTICIPANT (P_ID,C_ID, DURATION,CREATED, ENABLED) VALUES (113,55,0,CURRENT_TIMESTAMP,FALSE);
INSERT INTO COURSE_PARTICIPANT (P_ID,C_ID, DURATION,CREATED, ENABLED) VALUES (114,55,0,CURRENT_TIMESTAMP,FALSE);
INSERT INTO COURSE_PARTICIPANT (P_ID,C_ID, DURATION,CREATED, ENABLED) VALUES (155,55,0,CURRENT_TIMESTAMP,FALSE);
INSERT INTO COURSE_PARTICIPANT (P_ID,C_ID, DURATION,CREATED, ENABLED) VALUES (116,55,0,CURRENT_TIMESTAMP,FALSE);
INSERT INTO COURSE_PARTICIPANT (P_ID,C_ID, DURATION,CREATED, ENABLED) VALUES (117,55,1,CURRENT_TIMESTAMP,FALSE);
INSERT INTO COURSE_PARTICIPANT (P_ID,C_ID, DURATION,CREATED, ENABLED) VALUES (118,55,1,CURRENT_TIMESTAMP,FALSE);
INSERT INTO COURSE_PARTICIPANT (P_ID,C_ID, DURATION,CREATED, ENABLED) VALUES (118,64,1,CURRENT_TIMESTAMP,FALSE);
INSERT INTO COURSE_PARTICIPANT (P_ID,C_ID, DURATION,CREATED, ENABLED) VALUES (119,55,1,CURRENT_TIMESTAMP,FALSE);
INSERT INTO COURSE_PARTICIPANT (P_ID,C_ID, DURATION,CREATED, ENABLED) VALUES (120,55,1,CURRENT_TIMESTAMP,FALSE);
INSERT INTO COURSE_PARTICIPANT (P_ID,C_ID, DURATION,CREATED, ENABLED) VALUES (121,55,1,CURRENT_TIMESTAMP,FALSE);
INSERT INTO COURSE_PARTICIPANT (P_ID,C_ID, DURATION,CREATED, ENABLED) VALUES (122,55,1,CURRENT_TIMESTAMP,FALSE);
INSERT INTO COURSE_PARTICIPANT (P_ID,C_ID, DURATION,CREATED, ENABLED) VALUES (123,55,1,CURRENT_TIMESTAMP,FALSE);
INSERT INTO COURSE_PARTICIPANT (P_ID,C_ID, DURATION,CREATED, ENABLED) VALUES (164,55,1,CURRENT_TIMESTAMP,FALSE);
INSERT INTO COURSE_PARTICIPANT (P_ID,C_ID, DURATION,CREATED, ENABLED) VALUES (125,55,1,CURRENT_TIMESTAMP,FALSE);
INSERT INTO COURSE_PARTICIPANT (P_ID,C_ID, DURATION,CREATED, ENABLED) VALUES (126,79,1,CURRENT_TIMESTAMP,FALSE);
INSERT INTO COURSE_PARTICIPANT (P_ID,C_ID, DURATION,CREATED, ENABLED) VALUES (127,79,1,CURRENT_TIMESTAMP,FALSE);
INSERT INTO COURSE_PARTICIPANT (P_ID,C_ID, DURATION,CREATED, ENABLED) VALUES (171,42,1,CURRENT_TIMESTAMP,FALSE);
INSERT INTO COURSE_PARTICIPANT (P_ID,C_ID, DURATION,CREATED, ENABLED) VALUES (129,42,1,CURRENT_TIMESTAMP,FALSE);
INSERT INTO COURSE_PARTICIPANT (P_ID,C_ID, DURATION,CREATED, ENABLED) VALUES (130,42,1,CURRENT_TIMESTAMP,FALSE);
INSERT INTO COURSE_PARTICIPANT (P_ID,C_ID, DURATION,CREATED, ENABLED) VALUES (130,69,1,CURRENT_TIMESTAMP,FALSE);
INSERT INTO COURSE_PARTICIPANT (P_ID,C_ID, DURATION,CREATED, ENABLED) VALUES (131,42,1,CURRENT_TIMESTAMP,FALSE);
INSERT INTO COURSE_PARTICIPANT (P_ID,C_ID, DURATION,CREATED, ENABLED) VALUES (132,42,1,CURRENT_TIMESTAMP,FALSE);
INSERT INTO COURSE_PARTICIPANT (P_ID,C_ID, DURATION,CREATED, ENABLED) VALUES (133,42,1,CURRENT_TIMESTAMP,FALSE);
INSERT INTO COURSE_PARTICIPANT (P_ID,C_ID, DURATION,CREATED, ENABLED) VALUES (134,42,1,CURRENT_TIMESTAMP,FALSE);
INSERT INTO COURSE_PARTICIPANT (P_ID,C_ID, DURATION,CREATED, ENABLED) VALUES (175,42,1,CURRENT_TIMESTAMP,FALSE);
INSERT INTO COURSE_PARTICIPANT (P_ID,C_ID, DURATION,CREATED, ENABLED) VALUES (136,42,1,CURRENT_TIMESTAMP,FALSE);
INSERT INTO COURSE_PARTICIPANT (P_ID,C_ID, DURATION,CREATED, ENABLED) VALUES (137,42,1,CURRENT_TIMESTAMP,FALSE);
INSERT INTO COURSE_PARTICIPANT (P_ID,C_ID, DURATION,CREATED, ENABLED) VALUES (178,74,1,CURRENT_TIMESTAMP,FALSE);
INSERT INTO COURSE_PARTICIPANT (P_ID,C_ID, DURATION,CREATED, ENABLED) VALUES (179,43,1,CURRENT_TIMESTAMP,FALSE);
INSERT INTO COURSE_PARTICIPANT (P_ID,C_ID, DURATION,CREATED, ENABLED) VALUES (180,43,1,CURRENT_TIMESTAMP,FALSE);
INSERT INTO COURSE_PARTICIPANT (P_ID,C_ID, DURATION,CREATED, ENABLED) VALUES (181,43,1,CURRENT_TIMESTAMP,FALSE);
INSERT INTO COURSE_PARTICIPANT (P_ID,C_ID, DURATION,CREATED, ENABLED) VALUES (142,43,1,CURRENT_TIMESTAMP,FALSE);
INSERT INTO COURSE_PARTICIPANT (P_ID,C_ID, DURATION,CREATED, ENABLED) VALUES (143,43,1,CURRENT_TIMESTAMP,FALSE);
INSERT INTO COURSE_PARTICIPANT (P_ID,C_ID, DURATION,CREATED, ENABLED) VALUES (144,43,1,CURRENT_TIMESTAMP,FALSE);
INSERT INTO COURSE_PARTICIPANT (P_ID,C_ID, DURATION,CREATED, ENABLED) VALUES (145,43,1,CURRENT_TIMESTAMP,FALSE);
INSERT INTO COURSE_PARTICIPANT (P_ID,C_ID, DURATION,CREATED, ENABLED) VALUES (146,43,1,CURRENT_TIMESTAMP,FALSE);
INSERT INTO COURSE_PARTICIPANT (P_ID,C_ID, DURATION,CREATED, ENABLED) VALUES (147,73,1,CURRENT_TIMESTAMP,FALSE);
INSERT INTO COURSE_PARTICIPANT (P_ID,C_ID, DURATION,CREATED, ENABLED) VALUES (148,73,1,CURRENT_TIMESTAMP,FALSE);
INSERT INTO COURSE_PARTICIPANT (P_ID,C_ID, DURATION,CREATED, ENABLED) VALUES (149,73,2,CURRENT_TIMESTAMP,FALSE);
INSERT INTO COURSE_PARTICIPANT (P_ID,C_ID, DURATION,CREATED, ENABLED) VALUES (150,44,0,CURRENT_TIMESTAMP,FALSE);
INSERT INTO COURSE_PARTICIPANT (P_ID,C_ID, DURATION,CREATED, ENABLED) VALUES (151,44,0,CURRENT_TIMESTAMP,FALSE);
INSERT INTO COURSE_PARTICIPANT (P_ID,C_ID, DURATION,CREATED, ENABLED) VALUES (152,44,0,CURRENT_TIMESTAMP,FALSE);
INSERT INTO COURSE_PARTICIPANT (P_ID,C_ID, DURATION,CREATED, ENABLED) VALUES (153,44,0,CURRENT_TIMESTAMP,FALSE);
INSERT INTO COURSE_PARTICIPANT (P_ID,C_ID, DURATION,CREATED, ENABLED) VALUES (154,44,0,CURRENT_TIMESTAMP,FALSE);
INSERT INTO COURSE_PARTICIPANT (P_ID,C_ID, DURATION,CREATED, ENABLED) VALUES (155,44,1,CURRENT_TIMESTAMP,FALSE);
INSERT INTO COURSE_PARTICIPANT (P_ID,C_ID, DURATION,CREATED, ENABLED) VALUES (156,45,1,CURRENT_TIMESTAMP,FALSE);
INSERT INTO COURSE_PARTICIPANT (P_ID,C_ID, DURATION,CREATED, ENABLED) VALUES (157,45,1,CURRENT_TIMESTAMP,FALSE);
INSERT INTO COURSE_PARTICIPANT (P_ID,C_ID, DURATION,CREATED, ENABLED) VALUES (158,45,1,CURRENT_TIMESTAMP,FALSE);
INSERT INTO COURSE_PARTICIPANT (P_ID,C_ID, DURATION,CREATED, ENABLED) VALUES (159,45,1,CURRENT_TIMESTAMP,FALSE);
INSERT INTO COURSE_PARTICIPANT (P_ID,C_ID, DURATION,CREATED, ENABLED) VALUES (160,45,1,CURRENT_TIMESTAMP,FALSE);
INSERT INTO COURSE_PARTICIPANT (P_ID,C_ID, DURATION,CREATED, ENABLED) VALUES (160,70,1,CURRENT_TIMESTAMP,FALSE);
INSERT INTO COURSE_PARTICIPANT (P_ID,C_ID, DURATION,CREATED, ENABLED) VALUES (161,47,1,CURRENT_TIMESTAMP,FALSE);
INSERT INTO COURSE_PARTICIPANT (P_ID,C_ID, DURATION,CREATED, ENABLED) VALUES (162,47,1,CURRENT_TIMESTAMP,FALSE);
INSERT INTO COURSE_PARTICIPANT (P_ID,C_ID, DURATION,CREATED, ENABLED) VALUES (163,47,1,CURRENT_TIMESTAMP,FALSE);
INSERT INTO COURSE_PARTICIPANT (P_ID,C_ID, DURATION,CREATED, ENABLED) VALUES (164,47,1,CURRENT_TIMESTAMP,FALSE);
INSERT INTO COURSE_PARTICIPANT (P_ID,C_ID, DURATION,CREATED, ENABLED) VALUES (165,47,1,CURRENT_TIMESTAMP,FALSE);
INSERT INTO COURSE_PARTICIPANT (P_ID,C_ID, DURATION,CREATED, ENABLED) VALUES (166,47,1,CURRENT_TIMESTAMP,FALSE);
INSERT INTO COURSE_PARTICIPANT (P_ID,C_ID, DURATION,CREATED, ENABLED) VALUES (167,47,1,CURRENT_TIMESTAMP,FALSE);
INSERT INTO COURSE_PARTICIPANT (P_ID,C_ID, DURATION,CREATED, ENABLED) VALUES (168,47,1,CURRENT_TIMESTAMP,FALSE);
INSERT INTO COURSE_PARTICIPANT (P_ID,C_ID, DURATION,CREATED, ENABLED) VALUES (169,47,1,CURRENT_TIMESTAMP,FALSE);
INSERT INTO COURSE_PARTICIPANT (P_ID,C_ID, DURATION,CREATED, ENABLED) VALUES (170,48,1,CURRENT_TIMESTAMP,FALSE);
INSERT INTO COURSE_PARTICIPANT (P_ID,C_ID, DURATION,CREATED, ENABLED) VALUES (171,48,1,CURRENT_TIMESTAMP,FALSE);
INSERT INTO COURSE_PARTICIPANT (P_ID,C_ID, DURATION,CREATED, ENABLED) VALUES (172,48,1,CURRENT_TIMESTAMP,FALSE);
INSERT INTO COURSE_PARTICIPANT (P_ID,C_ID, DURATION,CREATED, ENABLED) VALUES (173,48,1,CURRENT_TIMESTAMP,FALSE);
INSERT INTO COURSE_PARTICIPANT (P_ID,C_ID, DURATION,CREATED, ENABLED) VALUES (174,48,1,CURRENT_TIMESTAMP,FALSE);
INSERT INTO COURSE_PARTICIPANT (P_ID,C_ID, DURATION,CREATED, ENABLED) VALUES (175,48,1,CURRENT_TIMESTAMP,FALSE);
INSERT INTO COURSE_PARTICIPANT (P_ID,C_ID, DURATION,CREATED, ENABLED) VALUES (176,48,1,CURRENT_TIMESTAMP,FALSE);
INSERT INTO COURSE_PARTICIPANT (P_ID,C_ID, DURATION,CREATED, ENABLED) VALUES (177,49,0,CURRENT_TIMESTAMP,FALSE);
INSERT INTO COURSE_PARTICIPANT (P_ID,C_ID, DURATION,CREATED, ENABLED) VALUES (178,49,0,CURRENT_TIMESTAMP,FALSE);
INSERT INTO COURSE_PARTICIPANT (P_ID,C_ID, DURATION,CREATED, ENABLED) VALUES (179,49,0,CURRENT_TIMESTAMP,FALSE);
INSERT INTO COURSE_PARTICIPANT (P_ID,C_ID, DURATION,CREATED, ENABLED) VALUES (180,49,0,CURRENT_TIMESTAMP,FALSE);
INSERT INTO COURSE_PARTICIPANT (P_ID,C_ID, DURATION,CREATED, ENABLED) VALUES (181,49,0,CURRENT_TIMESTAMP,FALSE);
INSERT INTO COURSE_PARTICIPANT (P_ID,C_ID, DURATION,CREATED, ENABLED) VALUES (182,50,0,CURRENT_TIMESTAMP,FALSE);
INSERT INTO COURSE_PARTICIPANT (P_ID,C_ID, DURATION,CREATED, ENABLED) VALUES (183,50,1,CURRENT_TIMESTAMP,FALSE);
INSERT INTO COURSE_PARTICIPANT (P_ID,C_ID, DURATION,CREATED, ENABLED) VALUES (184,50,1,CURRENT_TIMESTAMP,FALSE);
INSERT INTO COURSE_PARTICIPANT (P_ID,C_ID, DURATION,CREATED, ENABLED) VALUES (185,50,1,CURRENT_TIMESTAMP,FALSE);
INSERT INTO COURSE_PARTICIPANT (P_ID,C_ID, DURATION,CREATED, ENABLED) VALUES (186,50,1,CURRENT_TIMESTAMP,FALSE);
INSERT INTO COURSE_PARTICIPANT (P_ID,C_ID, DURATION,CREATED, ENABLED) VALUES (187,50,2,CURRENT_TIMESTAMP,FALSE);
