--Adressen
INSERT INTO ADDRESS (A_ID,ENABLED,CITY,NUMBER,STREET,ZIP, CREATED) VALUES (1,TRUE,'WIEN',125,'Waehringerstrasse','1180', CURRENT_TIMESTAMP);
INSERT INTO ADDRESS (A_ID,ENABLED,CITY,NUMBER,STREET,ZIP, CREATED) VALUES (2,TRUE,'WIEN',5,'Plenergasse','1180', CURRENT_TIMESTAMP);
INSERT INTO ADDRESS (A_ID,ENABLED,CITY,DOOR,NUMBER,STAIR,STREET,ZIP, CREATED) VALUES (3,TRUE,'WIEN',8,1,5,'Gumpendorferstrasse','1160', CURRENT_TIMESTAMP);
INSERT INTO ADDRESS (A_ID,ENABLED,CITY,DOOR,NUMBER,STAIR,STREET,ZIP, CREATED) VALUES (4,TRUE,'WIEN',8,1,5,'Gumpendorferstrasse','1160', CURRENT_TIMESTAMP);
INSERT INTO ADDRESS (A_ID,ENABLED,CITY,DOOR,NUMBER,STAIR,STREET,ZIP, CREATED) VALUES (5,TRUE,'WIEN',8,1,5,'Gumpendorferstrasse','1160', CURRENT_TIMESTAMP);
INSERT INTO ADDRESS (A_ID,ENABLED,CITY,DOOR,NUMBER,STAIR,STREET,ZIP, CREATED) VALUES (6,TRUE,'WIEN',2,18,1,'Taubstummengasse','1040', CURRENT_TIMESTAMP);
INSERT INTO ADDRESS (A_ID,ENABLED,CITY,DOOR,NUMBER,STAIR,STREET,ZIP, CREATED) VALUES (7,TRUE,'WIEN',4,15,3,'Favoritenstrasse','1040', CURRENT_TIMESTAMP);
INSERT INTO ADDRESS (A_ID,ENABLED,CITY,DOOR,NUMBER,STAIR,STREET,ZIP, CREATED) VALUES (8,TRUE,'WIEN',6,2,10,'Seidlstrasse','1030', CURRENT_TIMESTAMP);
INSERT INTO ADDRESS (A_ID,ENABLED,CITY,DOOR,NUMBER,STAIR,STREET,ZIP, CREATED) VALUES (9,TRUE,'WIEN',3,5,7,'Alserstrasse','1080', CURRENT_TIMESTAMP);
INSERT INTO ADDRESS (A_ID,ENABLED,CITY,DOOR,NUMBER,STAIR,STREET,ZIP, CREATED) VALUES (10,TRUE,'WIEN',10,2,8,'Thaliastrasse','1150', CURRENT_TIMESTAMP);
INSERT INTO ADDRESS (A_ID,ENABLED,CITY,DOOR,NUMBER,STAIR,STREET,ZIP, CREATED) VALUES (11,TRUE,'WIEN',3,3,2,'Meidlinger Haupstrasse','1120', CURRENT_TIMESTAMP);
INSERT INTO ADDRESS (A_ID,ENABLED,CITY,DOOR,NUMBER,STAIR,STREET,ZIP, CREATED) VALUES (12,TRUE,'WIEN',3,17,2,'Lehargasse','1120', CURRENT_TIMESTAMP);
INSERT INTO ADDRESS (A_ID,ENABLED,CITY,DOOR,NUMBER,STAIR,STREET,ZIP, CREATED) VALUES (13,TRUE,'WIEN',3,10,4,'Seitenstettengasse','1130', CURRENT_TIMESTAMP);
INSERT INTO ADDRESS (A_ID,ENABLED,CITY,DOOR,NUMBER,STAIR,STREET,ZIP, CREATED) VALUES (14,TRUE,'WIEN',5,12,2,'Rosenweg','1220', CURRENT_TIMESTAMP);
INSERT INTO ADDRESS (A_ID,ENABLED,CITY,DOOR,NUMBER,STAIR,STREET,ZIP, CREATED) VALUES (15,TRUE,'WIEN',3,19,2,'Lilienweg','1100', CURRENT_TIMESTAMP);
INSERT INTO ADDRESS (A_ID,ENABLED,CITY,DOOR,NUMBER,STAIR,STREET,ZIP, CREATED) VALUES (16,TRUE,'WIEN',7,17,7,'Hannesgasse','1120', CURRENT_TIMESTAMP);
INSERT INTO ADDRESS (A_ID,ENABLED,CITY,DOOR,NUMBER,STAIR,STREET,ZIP, CREATED) VALUES (17,TRUE,'WIEN',3,17,2,'Dornstrasse','1010', CURRENT_TIMESTAMP);
INSERT INTO ADDRESS (A_ID,ENABLED,CITY,DOOR,NUMBER,STAIR,STREET,ZIP, CREATED) VALUES (18,TRUE,'WIEN',3,7,5,'Zopfgasse','1030', CURRENT_TIMESTAMP);
INSERT INTO ADDRESS (A_ID,ENABLED,CITY,DOOR,NUMBER,STAIR,STREET,ZIP, CREATED) VALUES (19,TRUE,'WIEN',9,17,2,'Ulmgasse','1120', CURRENT_TIMESTAMP);
INSERT INTO ADDRESS (A_ID,ENABLED,CITY,DOOR,NUMBER,STAIR,STREET,ZIP, CREATED) VALUES (20,TRUE,'WIEN',3,17,2,'Franz-Ferdinand Strasse','1120', CURRENT_TIMESTAMP);
INSERT INTO ADDRESS (A_ID,ENABLED,CITY,DOOR,NUMBER,STAIR,STREET,ZIP, CREATED) VALUES (21,TRUE,'WIEN',10,9,9,'Paulinengasse','1200', CURRENT_TIMESTAMP);
INSERT INTO ADDRESS (A_ID,ENABLED,CITY,DOOR,NUMBER,STAIR,STREET,ZIP, CREATED) VALUES (22,TRUE,'WIEN',3,17,2,'Elisabethstrasse','1100', CURRENT_TIMESTAMP);
INSERT INTO ADDRESS (A_ID,ENABLED,CITY,DOOR,NUMBER,STAIR,STREET,ZIP, CREATED) VALUES (23,TRUE,'WIEN',2,12,2,'Zotterstrasse','1130', CURRENT_TIMESTAMP);
INSERT INTO ADDRESS (A_ID,ENABLED,CITY,DOOR,NUMBER,STAIR,STREET,ZIP, CREATED) VALUES (24,TRUE,'WIEN',1,17,4,'Salitergasse','1140', CURRENT_TIMESTAMP);
INSERT INTO ADDRESS (A_ID,ENABLED,CITY,DOOR,NUMBER,STAIR,STREET,ZIP, CREATED) VALUES (25,TRUE,'WIEN',3,10,2,'Friedrichstrasse','1120', CURRENT_TIMESTAMP);
INSERT INTO ADDRESS (A_ID,ENABLED,CITY,DOOR,NUMBER,STAIR,STREET,ZIP, CREATED) VALUES (26,TRUE,'WIEN',9,14,3,'Brunnergasse','1120', CURRENT_TIMESTAMP);
INSERT INTO ADDRESS (A_ID,ENABLED,CITY,DOOR,NUMBER,STAIR,STREET,ZIP, CREATED) VALUES (27,TRUE,'WIEN',3,20,2,'Liesinger Strasse','1150', CURRENT_TIMESTAMP);
INSERT INTO ADDRESS (A_ID,ENABLED,CITY,DOOR,NUMBER,STAIR,STREET,ZIP, CREATED) VALUES (28,TRUE,'WIEN',7,17,7,'Matzleinsdorferplatz','1120', CURRENT_TIMESTAMP);
INSERT INTO ADDRESS (A_ID,ENABLED,CITY,DOOR,NUMBER,STAIR,STREET,ZIP, CREATED) VALUES (29,TRUE,'WIEN',3,14,2,'Erholdgasse','1170', CURRENT_TIMESTAMP);
INSERT INTO ADDRESS (A_ID,ENABLED,CITY,DOOR,NUMBER,STAIR,STREET,ZIP, CREATED) VALUES (30,TRUE,'WIEN',5,17,8,'Brunnerstrasse','1160', CURRENT_TIMESTAMP);
INSERT INTO ADDRESS (A_ID,ENABLED,CITY,DOOR,NUMBER,STAIR,STREET,ZIP, CREATED) VALUES (31,TRUE,'WIEN',3,13,2,'Gumpendorferstrasse','1190', CURRENT_TIMESTAMP);
INSERT INTO ADDRESS (A_ID,ENABLED,CITY,DOOR,NUMBER,STAIR,STREET,ZIP, CREATED) VALUES (32,TRUE,'WIEN',4,17,1,'Alterlaaerstrasse','1020', CURRENT_TIMESTAMP);
INSERT INTO ADDRESS (A_ID,ENABLED,CITY,DOOR,NUMBER,STAIR,STREET,ZIP, CREATED) VALUES (33,TRUE,'WIEN',10,10,2,'Linzerstrasse','1120', CURRENT_TIMESTAMP);
INSERT INTO ADDRESS (A_ID,ENABLED,CITY,DOOR,NUMBER,STAIR,STREET,ZIP, CREATED) VALUES (34,TRUE,'WIEN',3,17,3,'Rathausplatz','1130', CURRENT_TIMESTAMP);
INSERT INTO ADDRESS (A_ID,ENABLED,CITY,DOOR,NUMBER,STAIR,STREET,ZIP, CREATED) VALUES (35,TRUE,'WIEN',3,6,2,'Hannesgasse','1120', CURRENT_TIMESTAMP);
INSERT INTO ADDRESS (A_ID,ENABLED,CITY,DOOR,NUMBER,STAIR,STREET,ZIP, CREATED) VALUES (36,TRUE,'WIEN',3,17,6,'Triesterstrasse','1040', CURRENT_TIMESTAMP);
INSERT INTO ADDRESS (A_ID,ENABLED,CITY,DOOR,NUMBER,STAIR,STREET,ZIP, CREATED) VALUES (37,TRUE,'WIEN',6,5,2,'Martinstrasse','1060', CURRENT_TIMESTAMP);
INSERT INTO ADDRESS (A_ID,ENABLED,CITY,DOOR,NUMBER,STAIR,STREET,ZIP, CREATED) VALUES (38,TRUE,'WIEN',8,17,8,'Rudolfgasse','1120', CURRENT_TIMESTAMP);
INSERT INTO ADDRESS (A_ID,ENABLED,CITY,DOOR,NUMBER,STAIR,STREET,ZIP, CREATED) VALUES (39,TRUE,'WIEN',3,6,2,'Carolinenstrasse','1070', CURRENT_TIMESTAMP);
INSERT INTO ADDRESS (A_ID,ENABLED,CITY,DOOR,NUMBER,STAIR,STREET,ZIP, CREATED) VALUES (40,TRUE,'WIEN',3,17,10,'Apfelgasse','1120', CURRENT_TIMESTAMP);
INSERT INTO ADDRESS (A_ID,ENABLED,CITY,DOOR,NUMBER,STAIR,STREET,ZIP, CREATED) VALUES (41,TRUE,'WIEN',9,8,2,'Johnstrasse','1090', CURRENT_TIMESTAMP);
INSERT INTO ADDRESS (A_ID,ENABLED,CITY,DOOR,NUMBER,STAIR,STREET,ZIP, CREATED) VALUES (42,TRUE,'WIEN',3,17,20,'Handelskai','1100', CURRENT_TIMESTAMP);
INSERT INTO ADDRESS (A_ID,ENABLED,CITY,DOOR,NUMBER,STAIR,STREET,ZIP, CREATED) VALUES (43,TRUE,'WIEN',4,10,2,'Hutteldorferstrasse','1120', CURRENT_TIMESTAMP);
INSERT INTO ADDRESS (A_ID,ENABLED,CITY,DOOR,NUMBER,STAIR,STREET,ZIP, CREATED) VALUES (44,TRUE,'WIEN',2,17,21,'Kremser Haupstrasse','1110', CURRENT_TIMESTAMP);
INSERT INTO ADDRESS (A_ID,ENABLED,CITY,DOOR,NUMBER,STAIR,STREET,ZIP, CREATED) VALUES (45,TRUE,'WIEN',2,17,21,'Kremser Haupstrasse','1110', CURRENT_TIMESTAMP);

--Stile
INSERT INTO STYLE (S_ID,NAME,ENABLED, CREATED) VALUES (1,'Breakdance',TRUE, CURRENT_TIMESTAMP);
INSERT INTO STYLE (S_ID,NAME,ENABLED, CREATED) VALUES (2,'Step',TRUE, CURRENT_TIMESTAMP);
INSERT INTO STYLE (S_ID,NAME,ENABLED, CREATED) VALUES (3,'Ballett',TRUE, CURRENT_TIMESTAMP);
INSERT INTO STYLE (S_ID,NAME,ENABLED, CREATED) VALUES (4,'Hip Hop',TRUE, CURRENT_TIMESTAMP);
INSERT INTO STYLE (S_ID,NAME,ENABLED, CREATED) VALUES (5,'Videoclipdancing',TRUE, CURRENT_TIMESTAMP);
INSERT INTO STYLE (S_ID,NAME,ENABLED, CREATED) VALUES (6,'Musical',TRUE, CURRENT_TIMESTAMP);
INSERT INTO STYLE (S_ID,NAME,ENABLED, CREATED) VALUES (7,'Jazz',TRUE, CURRENT_TIMESTAMP);
INSERT INTO STYLE (S_ID,NAME,ENABLED, CREATED) VALUES (8,'Dance Mix',TRUE, CURRENT_TIMESTAMP);

--Eltern
INSERT INTO PERSON (P_ID,ENABLED,EMAIL,FIRSTNAME,LASTNAME,PASSWORD,TELEPHONE,A_ID,CREATED) 
VALUES (24,TRUE,'bettina@mail.com','Bettina','Gruber','ca92ddbb320e5ba3d78ff898445ab385298bb69fd7129e1c05bf30f48e407821ebc2ee3ae372047b',06801111121,1,CURRENT_TIMESTAMP);
INSERT INTO PARENT (P_ID) VALUES (24);
INSERT INTO PERSON (P_ID,ENABLED,EMAIL,FIRSTNAME,LASTNAME,PASSWORD,TELEPHONE,A_ID,CREATED) 
VALUES (47,TRUE,'klaus@mail.com','Klaus','Oberhuber','ca92ddbb320e5ba3d78ff898445ab385298bb69fd7129e1c05bf30f48e407821ebc2ee3ae372047b',06801111121,45,CURRENT_TIMESTAMP);
INSERT INTO PARENT (P_ID) VALUES (47);

--Teilnehmer
INSERT INTO PERSON (P_ID,ENABLED,EMAIL,FIRSTNAME,LASTNAME,PASSWORD,TELEPHONE,A_ID, CREATED) 
VALUES (1,TRUE,'franz@mail.com','Franz','Mayer','ca92ddbb320e5ba3d78ff898445ab385298bb69fd7129e1c05bf30f48e407821ebc2ee3ae372047b',06801111111,6,CURRENT_TIMESTAMP);
INSERT INTO PARTICIPANT (P_ID,BIRTHDAY,PARENT_ID) VALUES (1,'1996-05-07',24);
INSERT INTO PERSON (P_ID,ENABLED,EMAIL,FIRSTNAME,LASTNAME,PASSWORD,TELEPHONE,A_ID, CREATED) 
VALUES (3,TRUE,'miriam@mail.com','Miriam','Gruber','ca92ddbb320e5ba3d78ff898445ab385298bb69fd7129e1c05bf30f48e407821ebc2ee3ae372047b',06801111111,7,CURRENT_TIMESTAMP);
INSERT INTO PARTICIPANT (P_ID,BIRTHDAY) VALUES (3,'1998-04-07');
INSERT INTO PERSON (P_ID,ENABLED,EMAIL,FIRSTNAME,LASTNAME,PASSWORD,TELEPHONE,A_ID, CREATED) 
VALUES (4,TRUE,'marika@mail.com','Marika','Gruber','ca92ddbb320e5ba3d78ff898445ab385298bb69fd7129e1c05bf30f48e407821ebc2ee3ae372047b',06801111111,4,CURRENT_TIMESTAMP);
INSERT INTO PARTICIPANT (P_ID,BIRTHDAY) VALUES (4,'1994-08-07');
INSERT INTO PERSON (P_ID,ENABLED,EMAIL,FIRSTNAME,LASTNAME,PASSWORD,TELEPHONE,A_ID, CREATED) 
VALUES (5,TRUE,'josef@mail.com','Josef','Gruber','ca92ddbb320e5ba3d78ff898445ab385298bb69fd7129e1c05bf30f48e407821ebc2ee3ae372047b',06801111111,5,CURRENT_TIMESTAMP);
INSERT INTO PARTICIPANT (P_ID,BIRTHDAY) VALUES (5,'1988-01-09');
INSERT INTO PERSON (P_ID,ENABLED,EMAIL,FIRSTNAME,LASTNAME,PASSWORD,TELEPHONE,A_ID, CREATED) 
VALUES (8,TRUE,'alexandra@mail.com','Alexandra','Schulz','ca92ddbb320e5ba3d78ff898445ab385298bb69fd7129e1c05bf30f48e407821ebc2ee3ae372047b',06801111111,8,CURRENT_TIMESTAMP);
INSERT INTO PARTICIPANT (P_ID,BIRTHDAY) VALUES (8,'2001-03-29');
INSERT INTO PERSON (P_ID,ENABLED,EMAIL,FIRSTNAME,LASTNAME,PASSWORD,TELEPHONE,A_ID, CREATED) 
VALUES (9,TRUE,'philipp@mail.com','Philipp','Schwab','ca92ddbb320e5ba3d78ff898445ab385298bb69fd7129e1c05bf30f48e407821ebc2ee3ae372047b',06801111111,9,CURRENT_TIMESTAMP);
INSERT INTO PARTICIPANT (P_ID,BIRTHDAY) VALUES (9,'2003-05-10');
INSERT INTO PERSON (P_ID,ENABLED,EMAIL,FIRSTNAME,LASTNAME,PASSWORD,TELEPHONE,A_ID, CREATED) 
VALUES (10,TRUE,'laura@mail.com','Laura','Klein','ca92ddbb320e5ba3d78ff898445ab385298bb69fd7129e1c05bf30f48e407821ebc2ee3ae372047b',06801111111,10,CURRENT_TIMESTAMP);
INSERT INTO PARTICIPANT (P_ID,BIRTHDAY) VALUES (10,'1996-05-06');
INSERT INTO PERSON (P_ID,ENABLED,EMAIL,FIRSTNAME,LASTNAME,PASSWORD,TELEPHONE,A_ID, CREATED) 
VALUES (11,TRUE,'katharina@mail.com','Katharina','Ulm','ca92ddbb320e5ba3d78ff898445ab385298bb69fd7129e1c05bf30f48e407821ebc2ee3ae372047b',06801111111,11,CURRENT_TIMESTAMP);
INSERT INTO PARTICIPANT (P_ID,BIRTHDAY) VALUES (11,'1993-01-12');
INSERT INTO PERSON (P_ID,ENABLED,EMAIL,FIRSTNAME,LASTNAME,PASSWORD,TELEPHONE,A_ID, CREATED) 
VALUES (25,TRUE,'maria@mail.com','Maria','Schulzer','ca92ddbb320e5ba3d78ff898445ab385298bb69fd7129e1c05bf30f48e407821ebc2ee3ae372047b',06801111111,23,CURRENT_TIMESTAMP);
INSERT INTO PARTICIPANT (P_ID,BIRTHDAY) VALUES (25,'2001-03-29');
INSERT INTO PERSON (P_ID,ENABLED,EMAIL,FIRSTNAME,LASTNAME,PASSWORD,TELEPHONE,A_ID, CREATED) 
VALUES (26,TRUE,'lisa@mail.com','Lisa','Bauer','ca92ddbb320e5ba3d78ff898445ab385298bb69fd7129e1c05bf30f48e407821ebc2ee3ae372047b',06801111111,24,CURRENT_TIMESTAMP);
INSERT INTO PARTICIPANT (P_ID,BIRTHDAY) VALUES (26,'2003-05-10');
INSERT INTO PERSON (P_ID,ENABLED,EMAIL,FIRSTNAME,LASTNAME,PASSWORD,TELEPHONE,A_ID, CREATED) 
VALUES (27,TRUE,'susanne@mail.com','Susanne','Kimla','ca92ddbb320e5ba3d78ff898445ab385298bb69fd7129e1c05bf30f48e407821ebc2ee3ae372047b',06801111111,25,CURRENT_TIMESTAMP);
INSERT INTO PARTICIPANT (P_ID,BIRTHDAY) VALUES (27,'1996-05-06');
INSERT INTO PERSON (P_ID,ENABLED,EMAIL,FIRSTNAME,LASTNAME,PASSWORD,TELEPHONE,A_ID, CREATED) 
VALUES (28,TRUE,'eva@mail.com','Eva','Lichtenberg','ca92ddbb320e5ba3d78ff898445ab385298bb69fd7129e1c05bf30f48e407821ebc2ee3ae372047b',06801111111,26,CURRENT_TIMESTAMP);
INSERT INTO PARTICIPANT (P_ID,BIRTHDAY) VALUES (28,'1993-01-12');
INSERT INTO PERSON (P_ID,ENABLED,EMAIL,FIRSTNAME,LASTNAME,PASSWORD,TELEPHONE,A_ID, CREATED) 
VALUES (29,TRUE,'lukas@mail.com','Lukas','Rusch','ca92ddbb320e5ba3d78ff898445ab385298bb69fd7129e1c05bf30f48e407821ebc2ee3ae372047b',06801111111,27,CURRENT_TIMESTAMP);
INSERT INTO PARTICIPANT (P_ID,BIRTHDAY) VALUES (29,'2001-03-29');
INSERT INTO PERSON (P_ID,ENABLED,EMAIL,FIRSTNAME,LASTNAME,PASSWORD,TELEPHONE,A_ID, CREATED) 
VALUES (30,TRUE,'thomas@mail.com','Thomas','Schauer','ca92ddbb320e5ba3d78ff898445ab385298bb69fd7129e1c05bf30f48e407821ebc2ee3ae372047b',06801111111,28,CURRENT_TIMESTAMP);
INSERT INTO PARTICIPANT (P_ID,BIRTHDAY) VALUES (30,'2003-05-10');
INSERT INTO PERSON (P_ID,ENABLED,EMAIL,FIRSTNAME,LASTNAME,PASSWORD,TELEPHONE,A_ID, CREATED) 
VALUES (31,TRUE,'elena@mail.com','Elena','Wimmer','ca92ddbb320e5ba3d78ff898445ab385298bb69fd7129e1c05bf30f48e407821ebc2ee3ae372047b',06801111111,29,CURRENT_TIMESTAMP);
INSERT INTO PARTICIPANT (P_ID,BIRTHDAY) VALUES (31,'1996-05-06');
INSERT INTO PERSON (P_ID,ENABLED,EMAIL,FIRSTNAME,LASTNAME,PASSWORD,TELEPHONE,A_ID, CREATED) 
VALUES (32,TRUE,'francesca@mail.com','Francesca','Barbach','ca92ddbb320e5ba3d78ff898445ab385298bb69fd7129e1c05bf30f48e407821ebc2ee3ae372047b',06801111111,30,CURRENT_TIMESTAMP);
INSERT INTO PARTICIPANT (P_ID,BIRTHDAY) VALUES (32,'1993-01-12');
INSERT INTO PERSON (P_ID,ENABLED,EMAIL,FIRSTNAME,LASTNAME,PASSWORD,TELEPHONE,A_ID, CREATED) 
VALUES (33,TRUE,'anna@mail.com','Anna','Nigl','ca92ddbb320e5ba3d78ff898445ab385298bb69fd7129e1c05bf30f48e407821ebc2ee3ae372047b',06801111111,31,CURRENT_TIMESTAMP);
INSERT INTO PARTICIPANT (P_ID,BIRTHDAY) VALUES (33,'2001-03-29');
INSERT INTO PERSON (P_ID,ENABLED,EMAIL,FIRSTNAME,LASTNAME,PASSWORD,TELEPHONE,A_ID, CREATED) 
VALUES (34,TRUE,'fabian@mail.com','Fabian','Schwab','ca92ddbb320e5ba3d78ff898445ab385298bb69fd7129e1c05bf30f48e407821ebc2ee3ae372047b',06801111111,32,CURRENT_TIMESTAMP);
INSERT INTO PARTICIPANT (P_ID,BIRTHDAY) VALUES (34,'2003-05-10');
INSERT INTO PERSON (P_ID,ENABLED,EMAIL,FIRSTNAME,LASTNAME,PASSWORD,TELEPHONE,A_ID, CREATED) 
VALUES (35,TRUE,'lovelyn@mail.com','Lovelyn','Johnson','ca92ddbb320e5ba3d78ff898445ab385298bb69fd7129e1c05bf30f48e407821ebc2ee3ae372047b',06801111111,33,CURRENT_TIMESTAMP);
INSERT INTO PARTICIPANT (P_ID,BIRTHDAY) VALUES (35,'1996-05-06');
INSERT INTO PERSON (P_ID,ENABLED,EMAIL,FIRSTNAME,LASTNAME,PASSWORD,TELEPHONE,A_ID, CREATED) 
VALUES (36,TRUE,'linda@mail.com','Linda','Ritter','ca92ddbb320e5ba3d78ff898445ab385298bb69fd7129e1c05bf30f48e407821ebc2ee3ae372047b',06801111111,34,CURRENT_TIMESTAMP);
INSERT INTO PARTICIPANT (P_ID,BIRTHDAY) VALUES (36,'1993-01-12');
INSERT INTO PERSON (P_ID,ENABLED,EMAIL,FIRSTNAME,LASTNAME,PASSWORD,TELEPHONE,A_ID, CREATED) 
VALUES (37,TRUE,'valerie@mail.com','Valerie','Winter','ca92ddbb320e5ba3d78ff898445ab385298bb69fd7129e1c05bf30f48e407821ebc2ee3ae372047b',06801111111,35,CURRENT_TIMESTAMP);
INSERT INTO PARTICIPANT (P_ID,BIRTHDAY) VALUES (37,'2001-03-29');
INSERT INTO PERSON (P_ID,ENABLED,EMAIL,FIRSTNAME,LASTNAME,PASSWORD,TELEPHONE,A_ID, CREATED) 
VALUES (38,TRUE,'sonja@mail.com','Sonja','Sommer','ca92ddbb320e5ba3d78ff898445ab385298bb69fd7129e1c05bf30f48e407821ebc2ee3ae372047b',06801111111,36,CURRENT_TIMESTAMP);
INSERT INTO PARTICIPANT (P_ID,BIRTHDAY) VALUES (38,'2003-05-10');
INSERT INTO PERSON (P_ID,ENABLED,EMAIL,FIRSTNAME,LASTNAME,PASSWORD,TELEPHONE,A_ID, CREATED) 
VALUES (39,TRUE,'hanna@mail.com','Hanna','Breitenecker','ca92ddbb320e5ba3d78ff898445ab385298bb69fd7129e1c05bf30f48e407821ebc2ee3ae372047b',06801111111,37,CURRENT_TIMESTAMP);
INSERT INTO PARTICIPANT (P_ID,BIRTHDAY) VALUES (39,'1996-05-06');
INSERT INTO PERSON (P_ID,ENABLED,EMAIL,FIRSTNAME,LASTNAME,PASSWORD,TELEPHONE,A_ID, CREATED) 
VALUES (40,TRUE,'isabella@mail.com','Isabella','Tanne','ca92ddbb320e5ba3d78ff898445ab385298bb69fd7129e1c05bf30f48e407821ebc2ee3ae372047b',06801111111,38,CURRENT_TIMESTAMP);
INSERT INTO PARTICIPANT (P_ID,BIRTHDAY) VALUES (40,'1993-01-12');
INSERT INTO PERSON (P_ID,ENABLED,EMAIL,FIRSTNAME,LASTNAME,PASSWORD,TELEPHONE,A_ID, CREATED) 
VALUES (41,TRUE,'hans@mail.com','Hans','Bachner','ca92ddbb320e5ba3d78ff898445ab385298bb69fd7129e1c05bf30f48e407821ebc2ee3ae372047b',06801111111,39,CURRENT_TIMESTAMP);
INSERT INTO PARTICIPANT (P_ID,BIRTHDAY) VALUES (41,'2001-03-29');
INSERT INTO PERSON (P_ID,ENABLED,EMAIL,FIRSTNAME,LASTNAME,PASSWORD,TELEPHONE,A_ID, CREATED) 
VALUES (42,TRUE,'karin@mail.com','Karin','Hartl','ca92ddbb320e5ba3d78ff898445ab385298bb69fd7129e1c05bf30f48e407821ebc2ee3ae372047b',06801111111,40,CURRENT_TIMESTAMP);
INSERT INTO PARTICIPANT (P_ID,BIRTHDAY) VALUES (42,'2003-05-10');
INSERT INTO PERSON (P_ID,ENABLED,EMAIL,FIRSTNAME,LASTNAME,PASSWORD,TELEPHONE,A_ID, CREATED) 
VALUES (43,TRUE,'caroline@mail.com','Caroline','Slabina','ca92ddbb320e5ba3d78ff898445ab385298bb69fd7129e1c05bf30f48e407821ebc2ee3ae372047b',06801111111,41,CURRENT_TIMESTAMP);
INSERT INTO PARTICIPANT (P_ID,BIRTHDAY) VALUES (43,'1996-05-06');
INSERT INTO PERSON (P_ID,ENABLED,EMAIL,FIRSTNAME,LASTNAME,PASSWORD,TELEPHONE,A_ID, CREATED) 
VALUES (44,TRUE,'rebekka@mail.com','Rebekka','Boandl','ca92ddbb320e5ba3d78ff898445ab385298bb69fd7129e1c05bf30f48e407821ebc2ee3ae372047b',06801111111,42,CURRENT_TIMESTAMP);
INSERT INTO PARTICIPANT (P_ID,BIRTHDAY) VALUES (44,'1993-01-12');
INSERT INTO PERSON (P_ID,ENABLED,EMAIL,FIRSTNAME,LASTNAME,PASSWORD,TELEPHONE,A_ID, CREATED) 
VALUES (45,TRUE,'paula@mail.com','Paula','Boandl','ca92ddbb320e5ba3d78ff898445ab385298bb69fd7129e1c05bf30f48e407821ebc2ee3ae372047b',06801111111,43,CURRENT_TIMESTAMP);
INSERT INTO PARTICIPANT (P_ID,BIRTHDAY) VALUES (45,'2001-03-29');
INSERT INTO PERSON (P_ID,ENABLED,EMAIL,FIRSTNAME,LASTNAME,PASSWORD,TELEPHONE,A_ID, CREATED) 
VALUES (46,TRUE,'emil@mail.com','Emil','Nowotny','ca92ddbb320e5ba3d78ff898445ab385298bb69fd7129e1c05bf30f48e407821ebc2ee3ae372047b',06801111111,44,CURRENT_TIMESTAMP);
INSERT INTO PARTICIPANT (P_ID,BIRTHDAY) VALUES (46,'2003-05-10');
INSERT INTO PERSON (P_ID,ENABLED,EMAIL,FIRSTNAME,LASTNAME,PASSWORD,TELEPHONE,A_ID, CREATED) 
VALUES (85,TRUE,'basti@mail.com','Basti','Bast','ca92ddbb320e5ba3d78ff898445ab385298bb69fd7129e1c05bf30f48e407821ebc2ee3ae372047b',06801111111,6,CURRENT_TIMESTAMP);
INSERT INTO PARTICIPANT (P_ID,BIRTHDAY) VALUES (85,'1991-05-07');
INSERT INTO PERSON (P_ID,ENABLED,EMAIL,FIRSTNAME,LASTNAME,PASSWORD,TELEPHONE,A_ID, CREATED) 
VALUES (86,TRUE,'riz@mail.com','Richie','Rich','ca92ddbb320e5ba3d78ff898445ab385298bb69fd7129e1c05bf30f48e407821ebc2ee3ae372047b',06801111111,6,CURRENT_TIMESTAMP);
INSERT INTO PARTICIPANT (P_ID,BIRTHDAY) VALUES (86,'1996-05-05');

--Geschwisterbeziehung
INSERT INTO PARTICIPANT_SIBLING (P_ID, P_ID_REVERSE) VALUES (3, 4);
INSERT INTO PARTICIPANT_SIBLING (P_ID, P_ID_REVERSE) VALUES (5, 4);
INSERT INTO PARTICIPANT_SIBLING (P_ID, P_ID_REVERSE) VALUES (3, 5);
INSERT INTO PARTICIPANT_SIBLING (P_ID, P_ID_REVERSE) VALUES (9, 34);
INSERT INTO PARTICIPANT_SIBLING (P_ID, P_ID_REVERSE) VALUES (44, 45);
INSERT INTO PARTICIPANT_SIBLING (P_ID, P_ID_REVERSE) VALUES (85, 86);

--Rollen
INSERT INTO PERSON (P_ID,ENABLED,EMAIL,FIRSTNAME,LASTNAME,PASSWORD,TELEPHONE,A_ID,CREATED) 
VALUES (6,TRUE,'admin@mail.com','Elisabeth','Padalewski','ca92ddbb320e5ba3d78ff898445ab385298bb69fd7129e1c05bf30f48e407821ebc2ee3ae372047b',06801111121,1,CURRENT_TIMESTAMP);
INSERT INTO ADMIN (P_ID) VALUES (6);


INSERT INTO PERSON (P_ID,ENABLED,EMAIL,FIRSTNAME,LASTNAME,PASSWORD,TELEPHONE,A_ID,CREATED) 
VALUES (23,TRUE,'super@mail.com','Super','User','ca92ddbb320e5ba3d78ff898445ab385298bb69fd7129e1c05bf30f48e407821ebc2ee3ae372047b',06801111121,1,CURRENT_TIMESTAMP);
INSERT INTO SUPERUSER (P_ID) VALUES (23);

--Lehrer beider Studios
INSERT INTO PERSON (P_ID,ENABLED,EMAIL,FIRSTNAME,LASTNAME,PASSWORD,TELEPHONE,A_ID,CREATED) 
VALUES (2,TRUE,'bobi@mail.com','Bobi','Bacher','ca92ddbb320e5ba3d78ff898445ab385298bb69fd7129e1c05bf30f48e407821ebc2ee3ae372047b',06801111111,3,CURRENT_TIMESTAMP);
INSERT INTO TEACHER (P_ID, BIRTHDAY, SVNR, ENGAGEMENTDATE, SALARY) VALUES (2,'1960-04-03','1234','2013-09-01',400);
INSERT INTO PERSON (P_ID,ENABLED,EMAIL,FIRSTNAME,LASTNAME,PASSWORD,TELEPHONE,A_ID,CREATED) 
VALUES (7,TRUE,'hasan@mail.com','Hasan','Huber','ca92ddbb320e5ba3d78ff898445ab385298bb69fd7129e1c05bf30f48e407821ebc2ee3ae372047b',06801111121,5,CURRENT_TIMESTAMP);
INSERT INTO TEACHER (P_ID, BIRTHDAY, SVNR, ENGAGEMENTDATE, SALARY) VALUES (7, '1988-01-09','1123','2013-09-01', 120);
INSERT INTO PERSON (P_ID,ENABLED,EMAIL,FIRSTNAME,LASTNAME,PASSWORD,TELEPHONE,A_ID,CREATED) 
VALUES (12,TRUE,'heidi@mail.com','Heidi','Franzelin','ca92ddbb320e5ba3d78ff898445ab385298bb69fd7129e1c05bf30f48e407821ebc2ee3ae372047b',06801111121,12,CURRENT_TIMESTAMP);
INSERT INTO TEACHER (P_ID, BIRTHDAY, SVNR, ENGAGEMENTDATE, SALARY) VALUES (12, '1988-01-09','1123','2013-09-01', 120);
INSERT INTO PERSON (P_ID,ENABLED,EMAIL,FIRSTNAME,LASTNAME,PASSWORD,TELEPHONE,A_ID,CREATED) 
VALUES (13,TRUE,'jessy@mail.com','Jessy','Meier','ca92ddbb320e5ba3d78ff898445ab385298bb69fd7129e1c05bf30f48e407821ebc2ee3ae372047b',06801111121,13,CURRENT_TIMESTAMP);
INSERT INTO TEACHER (P_ID, BIRTHDAY, SVNR, ENGAGEMENTDATE, SALARY) VALUES (13,'1988-01-09', '1123', '2013-09-01',120);
INSERT INTO PERSON (P_ID,ENABLED,EMAIL,FIRSTNAME,LASTNAME,PASSWORD,TELEPHONE,A_ID,CREATED) 
VALUES (14,TRUE,'johanna@mail.com','Johanna','Mucha','ca92ddbb320e5ba3d78ff898445ab385298bb69fd7129e1c05bf30f48e407821ebc2ee3ae372047b',06801111121,14,CURRENT_TIMESTAMP);
INSERT INTO TEACHER (P_ID, BIRTHDAY, SVNR, ENGAGEMENTDATE, SALARY) VALUES (14,'1988-01-09', '1123','2013-09-01', 120);
INSERT INTO PERSON (P_ID,ENABLED,EMAIL,FIRSTNAME,LASTNAME,PASSWORD,TELEPHONE,A_ID,CREATED) 
VALUES (15,TRUE,'kathi@mail.com','Kathi','Kremser','ca92ddbb320e5ba3d78ff898445ab385298bb69fd7129e1c05bf30f48e407821ebc2ee3ae372047b',06801111121,15,CURRENT_TIMESTAMP);
INSERT INTO TEACHER (P_ID, BIRTHDAY, SVNR, ENGAGEMENTDATE, SALARY) VALUES (15, '1988-01-09','1123', '2013-09-01',120);
INSERT INTO PERSON (P_ID,ENABLED,EMAIL,FIRSTNAME,LASTNAME,PASSWORD,TELEPHONE,A_ID,CREATED) 
VALUES (16,TRUE,'miriam@mail.com','Miriam','Mai','ca92ddbb320e5ba3d78ff898445ab385298bb69fd7129e1c05bf30f48e407821ebc2ee3ae372047b',06801111121,16,CURRENT_TIMESTAMP);
INSERT INTO TEACHER (P_ID, BIRTHDAY, SVNR, ENGAGEMENTDATE, SALARY) VALUES (16,'1988-01-09', '1123', '2013-09-01',120);
INSERT INTO PERSON (P_ID,ENABLED,EMAIL,FIRSTNAME,LASTNAME,PASSWORD,TELEPHONE,A_ID,CREATED) 
VALUES (17,TRUE,'sarah@mail.com','Sarah','Pfeiffer','ca92ddbb320e5ba3d78ff898445ab385298bb69fd7129e1c05bf30f48e407821ebc2ee3ae372047b',06801111121,17,CURRENT_TIMESTAMP);
INSERT INTO TEACHER (P_ID, BIRTHDAY, SVNR, ENGAGEMENTDATE, SALARY) VALUES (17,'1988-01-09', '1123', '2013-09-01',120);
INSERT INTO PERSON (P_ID,ENABLED,EMAIL,FIRSTNAME,LASTNAME,PASSWORD,TELEPHONE,A_ID,CREATED) 
VALUES (18,TRUE,'carina@mail.com','Carina','Obermair','ca92ddbb320e5ba3d78ff898445ab385298bb69fd7129e1c05bf30f48e407821ebc2ee3ae372047b',06801111121,18,CURRENT_TIMESTAMP);
INSERT INTO TEACHER (P_ID, BIRTHDAY, SVNR, ENGAGEMENTDATE, SALARY) VALUES (18,'1988-01-09', '1123', '2013-09-01',120);
INSERT INTO PERSON (P_ID,ENABLED,EMAIL,FIRSTNAME,LASTNAME,PASSWORD,TELEPHONE,A_ID,CREATED) 
VALUES (19,TRUE,'elisabeth@mail.com','Elisabeth','Schremser','ca92ddbb320e5ba3d78ff898445ab385298bb69fd7129e1c05bf30f48e407821ebc2ee3ae372047b',06801111121,19,CURRENT_TIMESTAMP);
INSERT INTO TEACHER (P_ID, BIRTHDAY, SVNR, ENGAGEMENTDATE, SALARY) VALUES (19,'1988-01-09', '1123', '2013-09-01',120);
INSERT INTO PERSON (P_ID,ENABLED,EMAIL,FIRSTNAME,LASTNAME,PASSWORD,TELEPHONE,A_ID,CREATED) 
VALUES (20,TRUE,'lena@mail.com','Lena','Kraus','ca92ddbb320e5ba3d78ff898445ab385298bb69fd7129e1c05bf30f48e407821ebc2ee3ae372047b',06801111121,20,CURRENT_TIMESTAMP);
INSERT INTO TEACHER (P_ID, BIRTHDAY, SVNR, ENGAGEMENTDATE, SALARY) VALUES (20, '1988-01-09','1123', '2013-09-01',120);
INSERT INTO PERSON (P_ID,ENABLED,EMAIL,FIRSTNAME,LASTNAME,PASSWORD,TELEPHONE,A_ID,CREATED) 
VALUES (21,TRUE,'maria@mail.com','Maria','Bacher','ca92ddbb320e5ba3d78ff898445ab385298bb69fd7129e1c05bf30f48e407821ebc2ee3ae372047b',06801111121,21,CURRENT_TIMESTAMP);
INSERT INTO TEACHER (P_ID, BIRTHDAY, SVNR, ENGAGEMENTDATE, SALARY) VALUES (21,'1988-01-09', '1123', '2013-09-01',120);
INSERT INTO PERSON (P_ID,ENABLED,EMAIL,FIRSTNAME,LASTNAME,PASSWORD,TELEPHONE,A_ID,CREATED) 
VALUES (22,TRUE,'olivia@mail.com','Olivia','Padalewski','ca92ddbb320e5ba3d78ff898445ab385298bb69fd7129e1c05bf30f48e407821ebc2ee3ae372047b',06801111121,22,CURRENT_TIMESTAMP);
INSERT INTO TEACHER (P_ID, BIRTHDAY, SVNR, ENGAGEMENTDATE, SALARY) VALUES (22, '1988-01-09','1123', '2013-09-01',120);


--Stile der Lehrer
INSERT INTO STYLE_TEACHER (S_ID,P_ID) VALUES (1,2);
INSERT INTO STYLE_TEACHER (S_ID,P_ID) VALUES (4,2);
INSERT INTO STYLE_TEACHER (S_ID,P_ID) VALUES (1,7);
INSERT INTO STYLE_TEACHER (S_ID,P_ID) VALUES (4,12);
INSERT INTO STYLE_TEACHER (S_ID,P_ID) VALUES (5,12);
INSERT INTO STYLE_TEACHER (S_ID,P_ID) VALUES (4,13);
INSERT INTO STYLE_TEACHER (S_ID,P_ID) VALUES (5,13);
INSERT INTO STYLE_TEACHER (S_ID,P_ID) VALUES (6,14);
INSERT INTO STYLE_TEACHER (S_ID,P_ID) VALUES (8,14);
INSERT INTO STYLE_TEACHER (S_ID,P_ID) VALUES (4,15);
INSERT INTO STYLE_TEACHER (S_ID,P_ID) VALUES (5,15);
INSERT INTO STYLE_TEACHER (S_ID,P_ID) VALUES (5,16);
INSERT INTO STYLE_TEACHER (S_ID,P_ID) VALUES (6,16);
INSERT INTO STYLE_TEACHER (S_ID,P_ID) VALUES (4,17);
INSERT INTO STYLE_TEACHER (S_ID,P_ID) VALUES (5,17);
INSERT INTO STYLE_TEACHER (S_ID,P_ID) VALUES (7,17);
INSERT INTO STYLE_TEACHER (S_ID,P_ID) VALUES (2,18);
INSERT INTO STYLE_TEACHER (S_ID,P_ID) VALUES (3,19);
INSERT INTO STYLE_TEACHER (S_ID,P_ID) VALUES (3,20);
INSERT INTO STYLE_TEACHER (S_ID,P_ID) VALUES (3,21);
INSERT INTO STYLE_TEACHER (S_ID,P_ID) VALUES (2,22);

--Kurse Studio 1
INSERT INTO COURSE(C_ID,ENABLED,AGEGROUP,AMOUNT_PERFORMANCES,NAME,SLUG,LEVEL,TIME,SEMESTERPRICE,YEARPRICE,DURATION,ESTIMATED_SPECTATORS,WEEKDAY,YEAR,A_ID,S_ID,P_ID,CREATED) 
VALUES (1,TRUE,0,1,'Ballett 1A MO','ballett-1a-mo-1',0,'15:15:00',50.0,90.0,50,1,0,2013,1,3,19,CURRENT_TIMESTAMP);
INSERT INTO COURSE(C_ID,ENABLED,AGEGROUP,AMOUNT_PERFORMANCES,NAME,SLUG,LEVEL,TIME,SEMESTERPRICE,YEARPRICE,DURATION,ESTIMATED_SPECTATORS,WEEKDAY,YEAR,A_ID,S_ID,P_ID,CREATED)  
VALUES (2,TRUE,0,1,'Ballett 1 MO','ballett-1-mo-2',0,'16:05:00',50.0,90.0,50,2,0,2013,1,3,19,CURRENT_TIMESTAMP);
INSERT INTO COURSE(C_ID,ENABLED,AGEGROUP,AMOUNT_PERFORMANCES,NAME,SLUG,LEVEL,TIME,SEMESTERPRICE,YEARPRICE,DURATION,ESTIMATED_SPECTATORS,WEEKDAY,YEAR,A_ID,S_ID,P_ID,CREATED)  
VALUES (3,TRUE,0,1,'Ballett 3 MO','ballett-3-mo-3',0,'16:55:00',50.0,90.0,50,1,0,2013,1,3,19,CURRENT_TIMESTAMP);
INSERT INTO COURSE(C_ID,ENABLED,AGEGROUP,AMOUNT_PERFORMANCES,NAME,SLUG,LEVEL,TIME,SEMESTERPRICE,YEARPRICE,DURATION,ESTIMATED_SPECTATORS,WEEKDAY,YEAR,A_ID,S_ID,P_ID,CREATED)  
VALUES (4,TRUE,1,2,'Breakdance 2','breakdance-2-4',1,'17:45:00',50.0,90.0,75,0,0,2013,1,1,7,CURRENT_TIMESTAMP);
INSERT INTO COURSE(C_ID,ENABLED,AGEGROUP,AMOUNT_PERFORMANCES,NAME,SLUG,LEVEL,TIME,SEMESTERPRICE,YEARPRICE,DURATION,ESTIMATED_SPECTATORS,WEEKDAY,YEAR,A_ID,S_ID,P_ID,CREATED)  
VALUES (5,TRUE,2,3,'Step Fortg.','step-fortg-5',2,'19:00:00',50.0,90.0,100,0,0,2013,1,2,2,CURRENT_TIMESTAMP);
INSERT INTO COURSE(C_ID,ENABLED,AGEGROUP,AMOUNT_PERFORMANCES,NAME,SLUG,LEVEL,TIME,SEMESTERPRICE,YEARPRICE,DURATION,ESTIMATED_SPECTATORS,WEEKDAY,YEAR,A_ID,S_ID,P_ID,CREATED)  
VALUES (6,TRUE,0,1,'Ballett 2 DI','ballett-2-de-6',0,'15:00:00',50.0,90.0,50,2,1,2013,1,3,20,CURRENT_TIMESTAMP);
INSERT INTO COURSE(C_ID,ENABLED,AGEGROUP,AMOUNT_PERFORMANCES,NAME,SLUG,LEVEL,TIME,SEMESTERPRICE,YEARPRICE,DURATION,ESTIMATED_SPECTATORS,WEEKDAY,YEAR,A_ID,S_ID,P_ID,CREATED)  
VALUES (7,TRUE,0,1,'Ballett 1A DI','ballett-1a-di-7',0,'15:50:00',50.0,90.0,50,2,1,2013,1,3,20,CURRENT_TIMESTAMP);
INSERT INTO COURSE(C_ID,ENABLED,AGEGROUP,AMOUNT_PERFORMANCES,NAME,SLUG,LEVEL,TIME,SEMESTERPRICE,YEARPRICE,DURATION,ESTIMATED_SPECTATORS,WEEKDAY,YEAR,A_ID,S_ID,P_ID,CREATED)  
VALUES (8,TRUE,1,1,'Ballett 4','ballett-4-8',0,'16:40:00',50.0,90.0,50,0,1,2013,1,3,20,CURRENT_TIMESTAMP);
INSERT INTO COURSE(C_ID,ENABLED,AGEGROUP,AMOUNT_PERFORMANCES,NAME,SLUG,LEVEL,TIME,SEMESTERPRICE,YEARPRICE,DURATION,ESTIMATED_SPECTATORS,WEEKDAY,YEAR,A_ID,S_ID,P_ID,CREATED)  
VALUES (9,TRUE,1,2,'Videoclipdancing 1','videoclipdancing-1-9',0,'17:30:00',50.0,90.0,75,0,1,2013,1,5,16,CURRENT_TIMESTAMP);
INSERT INTO COURSE(C_ID,ENABLED,AGEGROUP,AMOUNT_PERFORMANCES,NAME,SLUG,LEVEL,TIME,SEMESTERPRICE,YEARPRICE,DURATION,ESTIMATED_SPECTATORS,WEEKDAY,YEAR,A_ID,S_ID,P_ID,CREATED)  
VALUES (10,TRUE,2,2,'Ballett Fortg. 2','ballett-fortg-2-10',1,'18:45:00',50.0,90.0,75,0,1,2013,1,3,21,CURRENT_TIMESTAMP);
INSERT INTO COURSE(C_ID,ENABLED,AGEGROUP,AMOUNT_PERFORMANCES,NAME,SLUG,LEVEL,TIME,SEMESTERPRICE,YEARPRICE,DURATION,ESTIMATED_SPECTATORS,WEEKDAY,YEAR,A_ID,S_ID,P_ID,CREATED)  
VALUES (11,TRUE,0,1,'Ballett Vorb. 1','ballett-vorb-1-11',0,'15:00:00',50.0,90.0,50,2,2,2013,1,3,21,CURRENT_TIMESTAMP);
INSERT INTO COURSE(C_ID,ENABLED,AGEGROUP,AMOUNT_PERFORMANCES,NAME,SLUG,LEVEL,TIME,SEMESTERPRICE,YEARPRICE,DURATION,ESTIMATED_SPECTATORS,WEEKDAY,YEAR,A_ID,S_ID,P_ID,CREATED)  
VALUES (12,TRUE,0,1,'Ballett 1 MI','ballett-1-mi-12',0,'15:50:00',50.0,90.0,50,2,2,2013,1,3,21,CURRENT_TIMESTAMP);
INSERT INTO COURSE(C_ID,ENABLED,AGEGROUP,AMOUNT_PERFORMANCES,NAME,SLUG,LEVEL,TIME,SEMESTERPRICE,YEARPRICE,DURATION,ESTIMATED_SPECTATORS,WEEKDAY,YEAR,A_ID,S_ID,P_ID,CREATED)  
VALUES (13,TRUE,0,1,'Ballett 2 MI','ballett-2-mi-13',0,'16:40:00',50.0,90.0,50,1,2,2013,1,3,21,CURRENT_TIMESTAMP);
INSERT INTO COURSE(C_ID,ENABLED,AGEGROUP,AMOUNT_PERFORMANCES,NAME,SLUG,LEVEL,TIME,SEMESTERPRICE,YEARPRICE,DURATION,ESTIMATED_SPECTATORS,WEEKDAY,YEAR,A_ID,S_ID,P_ID,CREATED)  
VALUES (14,TRUE,1,1,'Ballett Fortg. 1','ballett-fortg-1-14',1,'17:30:00',50.0,90.0,75,0,2,2013,1,3,21,CURRENT_TIMESTAMP);
INSERT INTO COURSE(C_ID,ENABLED,AGEGROUP,AMOUNT_PERFORMANCES,NAME,SLUG,LEVEL,TIME,SEMESTERPRICE,YEARPRICE,DURATION,ESTIMATED_SPECTATORS,WEEKDAY,YEAR,A_ID,S_ID,P_ID,CREATED)  
VALUES (15,TRUE,2,3,'Videoclipdancing 2','videoclipdancing-2-15',2,'18:45:00',50.0,90.0,75,0,2,2013,1,5,13,CURRENT_TIMESTAMP);
INSERT INTO COURSE(C_ID,ENABLED,AGEGROUP,AMOUNT_PERFORMANCES,NAME,SLUG,LEVEL,TIME,SEMESTERPRICE,YEARPRICE,DURATION,ESTIMATED_SPECTATORS,WEEKDAY,YEAR,A_ID,S_ID,P_ID,CREATED)  
VALUES (16,TRUE,1,1,'Ballett 3 DO','ballett-3-do-16',0,'15:20:00',50.0,90.0,50,1,3,2013,1,3,20,CURRENT_TIMESTAMP);
INSERT INTO COURSE(C_ID,ENABLED,AGEGROUP,AMOUNT_PERFORMANCES,NAME,SLUG,LEVEL,TIME,SEMESTERPRICE,YEARPRICE,DURATION,ESTIMATED_SPECTATORS,WEEKDAY,YEAR,A_ID,S_ID,P_ID,CREATED)  
VALUES (17,TRUE,0,1,'Ballett Vorb 2.','ballett-vorb-2-17',0,'16:10:00',50.0,90.0,50,2,3,2013,1,3,20,CURRENT_TIMESTAMP);
INSERT INTO COURSE(C_ID,ENABLED,AGEGROUP,AMOUNT_PERFORMANCES,NAME,SLUG,LEVEL,TIME,SEMESTERPRICE,YEARPRICE,DURATION,ESTIMATED_SPECTATORS,WEEKDAY,YEAR,A_ID,S_ID,P_ID,CREATED)  
VALUES (18,TRUE,1,1,'Ballett Fortg. 1A','ballett-fortg-1a-18',1,'17:00:00',50.0,90.0,75,2,3,2013,1,3,21,CURRENT_TIMESTAMP);
INSERT INTO COURSE(C_ID,ENABLED,AGEGROUP,AMOUNT_PERFORMANCES,NAME,SLUG,LEVEL,TIME,SEMESTERPRICE,YEARPRICE,DURATION,ESTIMATED_SPECTATORS,WEEKDAY,YEAR,A_ID,S_ID,P_ID,CREATED)  
VALUES (19,TRUE,2,1,'Step 1 American','step-1-american-19',0,'18:15:00',50.0,90.0,50,0,3,2013,1,2,18,CURRENT_TIMESTAMP);
INSERT INTO COURSE(C_ID,ENABLED,AGEGROUP,AMOUNT_PERFORMANCES,NAME,SLUG,LEVEL,TIME,SEMESTERPRICE,YEARPRICE,DURATION,ESTIMATED_SPECTATORS,WEEKDAY,YEAR,A_ID,S_ID,P_ID,CREATED)  
VALUES (20,TRUE,2,3,'Ballett Fortg. 3','ballett-fortg-3-20',2,'19:05:00',50.0,90.0,75,0,3,2013,1,3,21,CURRENT_TIMESTAMP);
INSERT INTO COURSE(C_ID,ENABLED,AGEGROUP,AMOUNT_PERFORMANCES,NAME,SLUG,LEVEL,TIME,SEMESTERPRICE,YEARPRICE,DURATION,ESTIMATED_SPECTATORS,WEEKDAY,YEAR,A_ID,S_ID,P_ID,CREATED)  
VALUES (21,TRUE,0,1,'Step Kids 1','step-kids-1-21',0,'15:00:00',50.0,90.0,50,0,4,2013,1,2,22,CURRENT_TIMESTAMP);
INSERT INTO COURSE(C_ID,ENABLED,AGEGROUP,AMOUNT_PERFORMANCES,NAME,SLUG,LEVEL,TIME,SEMESTERPRICE,YEARPRICE,DURATION,ESTIMATED_SPECTATORS,WEEKDAY,YEAR,A_ID,S_ID,P_ID,CREATED)  
VALUES (22,TRUE,0,1,'Step Kids 2','step-kids-2-22',0,'15:50:00',50.0,90.0,50,1,4,2013,1,2,22,CURRENT_TIMESTAMP);
INSERT INTO COURSE(C_ID,ENABLED,AGEGROUP,AMOUNT_PERFORMANCES,NAME,SLUG,LEVEL,TIME,SEMESTERPRICE,YEARPRICE,DURATION,ESTIMATED_SPECTATORS,WEEKDAY,YEAR,A_ID,S_ID,P_ID,CREATED)  
VALUES (23,TRUE,1,2,'Step Kids 3','step-kids-3-23',1,'16:45:00',50.0,90.0,50,1,4,2013,1,2,22,CURRENT_TIMESTAMP);
INSERT INTO COURSE(C_ID,ENABLED,AGEGROUP,AMOUNT_PERFORMANCES,NAME,SLUG,LEVEL,TIME,SEMESTERPRICE,YEARPRICE,DURATION,ESTIMATED_SPECTATORS,WEEKDAY,YEAR,A_ID,S_ID,P_ID,CREATED)  
VALUES (24,TRUE,2,3,'Rhythm Tap Fortg.','rythm-tap-fortg-24',2,'17:35:00',50.0,90.0,50,0,4,2013,1,2,22,CURRENT_TIMESTAMP);

--Kurse Studio 2
INSERT INTO COURSE(C_ID,ENABLED,AGEGROUP,AMOUNT_PERFORMANCES,NAME,SLUG,LEVEL,TIME,SEMESTERPRICE,YEARPRICE,DURATION,ESTIMATED_SPECTATORS,WEEKDAY,YEAR,A_ID,S_ID,P_ID,CREATED)  
VALUES (25,TRUE,0,1,'Hip Hop Kids','hip-hop-kids',0,'15:40:00',50.0,90.0,50,1,0,2013,2,4,12,CURRENT_TIMESTAMP);
INSERT INTO COURSE(C_ID,ENABLED,AGEGROUP,AMOUNT_PERFORMANCES,NAME,SLUG,LEVEL,TIME,SEMESTERPRICE,YEARPRICE,DURATION,ESTIMATED_SPECTATORS,WEEKDAY,YEAR,A_ID,S_ID,P_ID,CREATED)  
VALUES (26,TRUE,1,1,'Urban Hip Hop','urban-hip-hop',0,'16:30:00',50.0,90.0,75,1,0,2013,2,4,12,CURRENT_TIMESTAMP);
INSERT INTO COURSE(C_ID,ENABLED,AGEGROUP,AMOUNT_PERFORMANCES,NAME,SLUG,LEVEL,TIME,SEMESTERPRICE,YEARPRICE,DURATION,ESTIMATED_SPECTATORS,WEEKDAY,YEAR,A_ID,S_ID,P_ID,CREATED)  
VALUES (27,TRUE,1,2,'Videoclipdancing/ Hip Hop 2','hip-hop-2',1,'17:45:00',50.0,90.0,75,1,0,2013,2,5,12,CURRENT_TIMESTAMP);
INSERT INTO COURSE(C_ID,ENABLED,AGEGROUP,AMOUNT_PERFORMANCES,NAME,SLUG,LEVEL,TIME,SEMESTERPRICE,YEARPRICE,DURATION,ESTIMATED_SPECTATORS,WEEKDAY,YEAR,A_ID,S_ID,P_ID,CREATED)  
VALUES (28,TRUE,2,3,'Hip Hop Fortg.','hip-hop-fortg',2,'19:00:00',50.0,90.0,75,0,0,2013,2,4,13,CURRENT_TIMESTAMP);
INSERT INTO COURSE(C_ID,ENABLED,AGEGROUP,AMOUNT_PERFORMANCES,NAME,SLUG,LEVEL,TIME,SEMESTERPRICE,YEARPRICE,DURATION,ESTIMATED_SPECTATORS,WEEKDAY,YEAR,A_ID,S_ID,P_ID,CREATED)  
VALUES (29,TRUE,0,1,'Kiddy Jazz','kiddy-jazz',0,'16:00:00',50.0,90.0,50,1,1,2013,2,7,17,CURRENT_TIMESTAMP);
INSERT INTO COURSE(C_ID,ENABLED,AGEGROUP,AMOUNT_PERFORMANCES,NAME,SLUG,LEVEL,TIME,SEMESTERPRICE,YEARPRICE,DURATION,ESTIMATED_SPECTATORS,WEEKDAY,YEAR,A_ID,S_ID,P_ID,CREATED)  
VALUES (30,TRUE,0,1,'Videoclipdancing Kids 1A','videoclipdancing-kids-1a',0,'16:50:00',50.0,90.0,50,2,1,2013,2,5,16,CURRENT_TIMESTAMP);
INSERT INTO COURSE(C_ID,ENABLED,AGEGROUP,AMOUNT_PERFORMANCES,NAME,SLUG,LEVEL,TIME,SEMESTERPRICE,YEARPRICE,DURATION,ESTIMATED_SPECTATORS,WEEKDAY,YEAR,A_ID,S_ID,P_ID,CREATED)  
VALUES (31,TRUE,1,1,'Hip Hop Mix Fortg. 1','hip-hop-mix-fortg-1',0,'17:40:00',50.0,90.0,75,1,1,2013,2,4,17,CURRENT_TIMESTAMP);
INSERT INTO COURSE(C_ID,ENABLED,AGEGROUP,AMOUNT_PERFORMANCES,NAME,SLUG,LEVEL,TIME,SEMESTERPRICE,YEARPRICE,DURATION,ESTIMATED_SPECTATORS,WEEKDAY,YEAR,A_ID,S_ID,P_ID,CREATED)  
VALUES (32,TRUE,0,1,'Musical 1A','musical-1a',0,'15:00:00',50.0,90.0,75,1,2,2013,2,6,16,CURRENT_TIMESTAMP);
INSERT INTO COURSE(C_ID,ENABLED,AGEGROUP,AMOUNT_PERFORMANCES,NAME,SLUG,LEVEL,TIME,SEMESTERPRICE,YEARPRICE,DURATION,ESTIMATED_SPECTATORS,WEEKDAY,YEAR,A_ID,S_ID,P_ID,CREATED)  
VALUES (33,TRUE,1,2,'Videoclipdancing Kids Fortg.','videoclipdancing-kids-fortg',1,'16:15:00',50.0,90.0,75,1,2,2013,2,5,17,CURRENT_TIMESTAMP);
INSERT INTO COURSE(C_ID,ENABLED,AGEGROUP,AMOUNT_PERFORMANCES,NAME,SLUG,LEVEL,TIME,SEMESTERPRICE,YEARPRICE,DURATION,ESTIMATED_SPECTATORS,WEEKDAY,YEAR,A_ID,S_ID,P_ID,CREATED)  
VALUES (34,TRUE,0,1,'Breakdance 1','breakdance1',0,'17:30:00',50.0,90.0,75,0,2,2013,2,1,7,CURRENT_TIMESTAMP);
INSERT INTO COURSE(C_ID,ENABLED,AGEGROUP,AMOUNT_PERFORMANCES,NAME,SLUG,LEVEL,TIME,SEMESTERPRICE,YEARPRICE,DURATION,ESTIMATED_SPECTATORS,WEEKDAY,YEAR,A_ID,S_ID,P_ID,CREATED)  
VALUES (35,TRUE,2,3,'Hip Hop Funky New Style','hip-hop-funky-new-style',2,'18:45:00',50.0,90.0,75,0,2,2013,2,4,2,CURRENT_TIMESTAMP);
INSERT INTO COURSE(C_ID,ENABLED,AGEGROUP,AMOUNT_PERFORMANCES,NAME,SLUG,LEVEL,TIME,SEMESTERPRICE,YEARPRICE,DURATION,ESTIMATED_SPECTATORS,WEEKDAY,YEAR,A_ID,S_ID,P_ID,CREATED)  
VALUES (36,TRUE,1,1,'Videoclipdancing Fortg. 1A','videoclipdancin-fortg-1a',0,'15:30:00',50.0,90.0,75,1,3,2013,2,5,15,CURRENT_TIMESTAMP);
INSERT INTO COURSE(C_ID,ENABLED,AGEGROUP,AMOUNT_PERFORMANCES,NAME,SLUG,LEVEL,TIME,SEMESTERPRICE,YEARPRICE,DURATION,ESTIMATED_SPECTATORS,WEEKDAY,YEAR,A_ID,S_ID,P_ID,CREATED)  
VALUES (37,TRUE,2,1,'Hip Hop Mix Fortg. 2','hip-hop-mix-fortg-2',0,'16:45:00',50.0,90.0,75,1,3,2013,2,4,15,CURRENT_TIMESTAMP);
INSERT INTO COURSE(C_ID,ENABLED,AGEGROUP,AMOUNT_PERFORMANCES,NAME,SLUG,LEVEL,TIME,SEMESTERPRICE,YEARPRICE,DURATION,ESTIMATED_SPECTATORS,WEEKDAY,YEAR,A_ID,S_ID,P_ID,CREATED)  
VALUES (38,TRUE,2,2,'Videoclipdancing Jugendl. Fortg.','videoclipdancing-jugendl-fortg',1,'18:00:00',50.0,90.0,75,0,3,2013,2,5,15,CURRENT_TIMESTAMP);
INSERT INTO COURSE(C_ID,ENABLED,AGEGROUP,AMOUNT_PERFORMANCES,NAME,SLUG,LEVEL,TIME,SEMESTERPRICE,YEARPRICE,DURATION,ESTIMATED_SPECTATORS,WEEKDAY,YEAR,A_ID,S_ID,P_ID,CREATED)  
VALUES (39,TRUE,1,3,'Musical Fortg.','musical-fort',2,'15:00:00',50.0,90.0,75,1,4,2013,2,6,2,CURRENT_TIMESTAMP);
INSERT INTO COURSE(C_ID,ENABLED,AGEGROUP,AMOUNT_PERFORMANCES,NAME,SLUG,LEVEL,TIME,SEMESTERPRICE,YEARPRICE,DURATION,ESTIMATED_SPECTATORS,WEEKDAY,YEAR,A_ID,S_ID,P_ID,CREATED)  
VALUES (40,TRUE,2,2,'Dance Mix Fortg. 1','dance-mix-fortg-1',1,'16:15:00',50.0,90.0,75,1,4,2013,2,8,2,CURRENT_TIMESTAMP);
INSERT INTO COURSE(C_ID,ENABLED,AGEGROUP,AMOUNT_PERFORMANCES,NAME,SLUG,LEVEL,TIME,SEMESTERPRICE,YEARPRICE,DURATION,ESTIMATED_SPECTATORS,WEEKDAY,YEAR,A_ID,S_ID,P_ID,CREATED)  
VALUES (41,TRUE,2,3,'Dance Mix Fortg. 2','dance-mix-fortg-2',2,'17:30:00',50.0,90.0,75,1,4,2013,2,8,14,CURRENT_TIMESTAMP);

--Teilnehmer in Kursen
INSERT INTO COURSE_PARTICIPANT (P_ID,C_ID, CREATED, ENABLED) VALUES (8,12,CURRENT_TIMESTAMP,TRUE);
INSERT INTO COURSE_PARTICIPANT (P_ID,C_ID, DURATION,CREATED, ENABLED) VALUES (1,1,1,CURRENT_TIMESTAMP,TRUE);
INSERT INTO COURSE_PARTICIPANT (P_ID,C_ID, DURATION,CREATED, ENABLED) VALUES (1,1,2,CURRENT_TIMESTAMP,TRUE);
INSERT INTO COURSE_PARTICIPANT (P_ID,C_ID, DURATION,CREATED, ENABLED) VALUES (1,29,0,CURRENT_TIMESTAMP,TRUE);
INSERT INTO COURSE_PARTICIPANT (P_ID,C_ID, DURATION,CREATED, ENABLED) VALUES (1,13,1,CURRENT_TIMESTAMP,TRUE);
INSERT INTO COURSE_PARTICIPANT (P_ID,C_ID,CREATED, ENABLED) VALUES (1,35,CURRENT_TIMESTAMP,TRUE);
INSERT INTO COURSE_PARTICIPANT (P_ID,C_ID, DURATION,CREATED, ENABLED) VALUES (1,25,1,CURRENT_TIMESTAMP,TRUE);
INSERT INTO COURSE_PARTICIPANT (P_ID,C_ID, DURATION,CREATED, ENABLED) VALUES (3,1,1,CURRENT_TIMESTAMP,TRUE);
INSERT INTO COURSE_PARTICIPANT (P_ID,C_ID, DURATION,CREATED, ENABLED) VALUES (4,4,1,CURRENT_TIMESTAMP,TRUE);
INSERT INTO COURSE_PARTICIPANT (P_ID,C_ID, DURATION,CREATED, ENABLED) VALUES (4,21,1,CURRENT_TIMESTAMP,TRUE);
INSERT INTO COURSE_PARTICIPANT (P_ID,C_ID, DURATION,CREATED, ENABLED) VALUES (5,24,1,CURRENT_TIMESTAMP,TRUE);
INSERT INTO COURSE_PARTICIPANT (P_ID,C_ID, DURATION,CREATED, ENABLED) VALUES (5,40,1,CURRENT_TIMESTAMP,TRUE);
INSERT INTO COURSE_PARTICIPANT (P_ID,C_ID, DURATION,CREATED, ENABLED) VALUES (9,13,1,CURRENT_TIMESTAMP,TRUE);
INSERT INTO COURSE_PARTICIPANT (P_ID,C_ID, DURATION,CREATED, ENABLED) VALUES (10,20,1,CURRENT_TIMESTAMP,TRUE);
INSERT INTO COURSE_PARTICIPANT (P_ID,C_ID, DURATION,CREATED, ENABLED) VALUES (11,16,1,CURRENT_TIMESTAMP,TRUE);
INSERT INTO COURSE_PARTICIPANT (P_ID,C_ID, DURATION,CREATED, ENABLED) VALUES (25,20,1,CURRENT_TIMESTAMP,TRUE);
INSERT INTO COURSE_PARTICIPANT (P_ID,C_ID, DURATION,CREATED, ENABLED) VALUES (25,15,1,CURRENT_TIMESTAMP,TRUE);
INSERT INTO COURSE_PARTICIPANT (P_ID,C_ID, DURATION,CREATED, ENABLED) VALUES (26,21,1,CURRENT_TIMESTAMP,TRUE);
INSERT INTO COURSE_PARTICIPANT (P_ID,C_ID, DURATION,CREATED, ENABLED) VALUES (27,22,1,CURRENT_TIMESTAMP,TRUE);
INSERT INTO COURSE_PARTICIPANT (P_ID,C_ID, DURATION,CREATED, ENABLED) VALUES (28,23,1,CURRENT_TIMESTAMP,TRUE);
INSERT INTO COURSE_PARTICIPANT (P_ID,C_ID, DURATION,CREATED, ENABLED) VALUES (29,24,1,CURRENT_TIMESTAMP,TRUE);
INSERT INTO COURSE_PARTICIPANT (P_ID,C_ID, DURATION,CREATED, ENABLED) VALUES (30,25,1,CURRENT_TIMESTAMP,TRUE);
INSERT INTO COURSE_PARTICIPANT (P_ID,C_ID, DURATION,CREATED, ENABLED) VALUES (30,27,1,CURRENT_TIMESTAMP,TRUE);
INSERT INTO COURSE_PARTICIPANT (P_ID,C_ID, DURATION,CREATED, ENABLED) VALUES (31,26,1,CURRENT_TIMESTAMP,TRUE);
INSERT INTO COURSE_PARTICIPANT (P_ID,C_ID, DURATION,CREATED, ENABLED) VALUES (32,27,1,CURRENT_TIMESTAMP,TRUE);
INSERT INTO COURSE_PARTICIPANT (P_ID,C_ID, DURATION,CREATED, ENABLED) VALUES (33,28,1,CURRENT_TIMESTAMP,TRUE);
INSERT INTO COURSE_PARTICIPANT (P_ID,C_ID, DURATION,CREATED, ENABLED) VALUES (34,29,1,CURRENT_TIMESTAMP,TRUE);
INSERT INTO COURSE_PARTICIPANT (P_ID,C_ID, DURATION,CREATED, ENABLED) VALUES (35,30,1,CURRENT_TIMESTAMP,TRUE);
INSERT INTO COURSE_PARTICIPANT (P_ID,C_ID, DURATION,CREATED, ENABLED) VALUES (36,31,1,CURRENT_TIMESTAMP,TRUE);
INSERT INTO COURSE_PARTICIPANT (P_ID,C_ID, DURATION,CREATED, ENABLED) VALUES (37,32,1,CURRENT_TIMESTAMP,TRUE);
INSERT INTO COURSE_PARTICIPANT (P_ID,C_ID, DURATION,CREATED, ENABLED) VALUES (38,33,1,CURRENT_TIMESTAMP,TRUE);
INSERT INTO COURSE_PARTICIPANT (P_ID,C_ID, DURATION,CREATED, ENABLED) VALUES (39,34,1,CURRENT_TIMESTAMP,TRUE);
INSERT INTO COURSE_PARTICIPANT (P_ID,C_ID, DURATION,CREATED, ENABLED) VALUES (40,35,1,CURRENT_TIMESTAMP,TRUE);
INSERT INTO COURSE_PARTICIPANT (P_ID,C_ID, DURATION,CREATED, ENABLED) VALUES (41,36,1,CURRENT_TIMESTAMP,TRUE);
INSERT INTO COURSE_PARTICIPANT (P_ID,C_ID, DURATION,CREATED, ENABLED) VALUES (42,37,1,CURRENT_TIMESTAMP,TRUE);
INSERT INTO COURSE_PARTICIPANT (P_ID,C_ID, DURATION,CREATED, ENABLED) VALUES (43,38,1,CURRENT_TIMESTAMP,TRUE);
INSERT INTO COURSE_PARTICIPANT (P_ID,C_ID, DURATION,CREATED, ENABLED) VALUES (44,39,1,CURRENT_TIMESTAMP,TRUE);
INSERT INTO COURSE_PARTICIPANT (P_ID,C_ID, DURATION,CREATED, ENABLED) VALUES (45,40,1,CURRENT_TIMESTAMP,TRUE);
INSERT INTO COURSE_PARTICIPANT (P_ID,C_ID, DURATION,CREATED, ENABLED) VALUES (46,41,1,CURRENT_TIMESTAMP,TRUE);
INSERT INTO COURSE_PARTICIPANT (P_ID,C_ID, DURATION,CREATED, ENABLED) VALUES (85,21,1,CURRENT_TIMESTAMP,TRUE);
INSERT INTO COURSE_PARTICIPANT (P_ID,C_ID, DURATION,CREATED, ENABLED) VALUES (85,22,1,CURRENT_TIMESTAMP,TRUE);
INSERT INTO COURSE_PARTICIPANT (P_ID,C_ID, DURATION,CREATED, ENABLED) VALUES (85,31,1,CURRENT_TIMESTAMP,TRUE);
INSERT INTO COURSE_PARTICIPANT (P_ID,C_ID, DURATION,CREATED, ENABLED) VALUES (85,37,1,CURRENT_TIMESTAMP,TRUE);
INSERT INTO COURSE_PARTICIPANT (P_ID,C_ID, DURATION,CREATED, ENABLED) VALUES (86,12,1,CURRENT_TIMESTAMP,TRUE);
INSERT INTO COURSE_PARTICIPANT (P_ID,C_ID, DURATION,CREATED, ENABLED) VALUES (86,13,1,CURRENT_TIMESTAMP,TRUE);

--Auffuehrungen fuer den ersten Auffuehrungsplan
INSERT INTO PERFORMANCE (PER_ID, ENABLED,CREATED) VALUES (1, TRUE,CURRENT_TIMESTAMP);
INSERT INTO PERFORMANCE (PER_ID, ENABLED,CREATED) VALUES (2, TRUE,CURRENT_TIMESTAMP);
INSERT INTO PERFORMANCE (PER_ID, ENABLED,CREATED) VALUES (3, TRUE,CURRENT_TIMESTAMP);

INSERT INTO COURSEID (COURSEIDS, PERFORMANCE_ID) VALUES (16,1);
INSERT INTO COURSEID (COURSEIDS, PERFORMANCE_ID) VALUES (25,1);
INSERT INTO COURSEID (COURSEIDS, PERFORMANCE_ID) VALUES (12,1);
INSERT INTO COURSEID (COURSEIDS, PERFORMANCE_ID) VALUES (4,1);
INSERT INTO COURSEID (COURSEIDS, PERFORMANCE_ID) VALUES (38,1);
INSERT INTO COURSEID (COURSEIDS, PERFORMANCE_ID) VALUES (31,1);
INSERT INTO COURSEID (COURSEIDS, PERFORMANCE_ID) VALUES (26,1);
INSERT INTO COURSEID (COURSEIDS, PERFORMANCE_ID) VALUES (13,1);
INSERT INTO COURSEID (COURSEIDS, PERFORMANCE_ID) VALUES (40,1);
INSERT INTO COURSEID (COURSEIDS, PERFORMANCE_ID) VALUES (18,1);
INSERT INTO COURSEID (COURSEIDS, PERFORMANCE_ID) VALUES (23,1);
INSERT INTO COURSEID (COURSEIDS, PERFORMANCE_ID) VALUES (32,1);
INSERT INTO COURSEID (COURSEIDS, PERFORMANCE_ID) VALUES (27,1);
INSERT INTO COURSEID (COURSEIDS, PERFORMANCE_ID) VALUES (21,1);
INSERT INTO COURSEID (COURSEIDS, PERFORMANCE_ID) VALUES (35,1);
INSERT INTO COURSEID (COURSEIDS, PERFORMANCE_ID) VALUES (39,1);
INSERT INTO COURSEID (COURSEIDS, PERFORMANCE_ID) VALUES (5,1);
INSERT INTO COURSEID (COURSEIDS, PERFORMANCE_ID) VALUES (24,1);
INSERT INTO COURSEID (COURSEIDS, PERFORMANCE_ID) VALUES (41,1);
INSERT INTO COURSEID (COURSEIDS, PERFORMANCE_ID) VALUES (28,1);
INSERT INTO COURSEID (COURSEIDS, PERFORMANCE_ID) VALUES (15,1);
INSERT INTO COURSEID (COURSEIDS, PERFORMANCE_ID) VALUES (20,1);

INSERT INTO COURSEID (COURSEIDS, PERFORMANCE_ID) VALUES (6,2);
INSERT INTO COURSEID (COURSEIDS, PERFORMANCE_ID) VALUES (37,2);
INSERT INTO COURSEID (COURSEIDS, PERFORMANCE_ID) VALUES (3,2);
INSERT INTO COURSEID (COURSEIDS, PERFORMANCE_ID) VALUES (33,2);
INSERT INTO COURSEID (COURSEIDS, PERFORMANCE_ID) VALUES (10,2);
INSERT INTO COURSEID (COURSEIDS, PERFORMANCE_ID) VALUES (23,2);
INSERT INTO COURSEID (COURSEIDS, PERFORMANCE_ID) VALUES (2,2);
INSERT INTO COURSEID (COURSEIDS, PERFORMANCE_ID) VALUES (33,2);
INSERT INTO COURSEID (COURSEIDS, PERFORMANCE_ID) VALUES (14,2);
INSERT INTO COURSEID (COURSEIDS, PERFORMANCE_ID) VALUES (4,2);
INSERT INTO COURSEID (COURSEIDS, PERFORMANCE_ID) VALUES (30,2);
INSERT INTO COURSEID (COURSEIDS, PERFORMANCE_ID) VALUES (9,2);
INSERT INTO COURSEID (COURSEIDS, PERFORMANCE_ID) VALUES (36,2);
INSERT INTO COURSEID (COURSEIDS, PERFORMANCE_ID) VALUES (34,2);
INSERT INTO COURSEID (COURSEIDS, PERFORMANCE_ID) VALUES (35,2);
INSERT INTO COURSEID (COURSEIDS, PERFORMANCE_ID) VALUES (39,2);
INSERT INTO COURSEID (COURSEIDS, PERFORMANCE_ID) VALUES (5,2);
INSERT INTO COURSEID (COURSEIDS, PERFORMANCE_ID) VALUES (24,2);
INSERT INTO COURSEID (COURSEIDS, PERFORMANCE_ID) VALUES (41,2);
INSERT INTO COURSEID (COURSEIDS, PERFORMANCE_ID) VALUES (28,2);
INSERT INTO COURSEID (COURSEIDS, PERFORMANCE_ID) VALUES (15,2);
INSERT INTO COURSEID (COURSEIDS, PERFORMANCE_ID) VALUES (20,2);

INSERT INTO COURSEID (COURSEIDS, PERFORMANCE_ID) VALUES (10,3);
INSERT INTO COURSEID (COURSEIDS, PERFORMANCE_ID) VALUES (40,3);
INSERT INTO COURSEID (COURSEIDS, PERFORMANCE_ID) VALUES (11,3);
INSERT INTO COURSEID (COURSEIDS, PERFORMANCE_ID) VALUES (27,3);
INSERT INTO COURSEID (COURSEIDS, PERFORMANCE_ID) VALUES (1,3);
INSERT INTO COURSEID (COURSEIDS, PERFORMANCE_ID) VALUES (19,3);
INSERT INTO COURSEID (COURSEIDS, PERFORMANCE_ID) VALUES (7,3);
INSERT INTO COURSEID (COURSEIDS, PERFORMANCE_ID) VALUES (38,3);
INSERT INTO COURSEID (COURSEIDS, PERFORMANCE_ID) VALUES (29,3);
INSERT INTO COURSEID (COURSEIDS, PERFORMANCE_ID) VALUES (22,3);
INSERT INTO COURSEID (COURSEIDS, PERFORMANCE_ID) VALUES (17,3);
INSERT INTO COURSEID (COURSEIDS, PERFORMANCE_ID) VALUES (9,3);
INSERT INTO COURSEID (COURSEIDS, PERFORMANCE_ID) VALUES (8,3);
INSERT INTO COURSEID (COURSEIDS, PERFORMANCE_ID) VALUES (35,3);
INSERT INTO COURSEID (COURSEIDS, PERFORMANCE_ID) VALUES (39,3);
INSERT INTO COURSEID (COURSEIDS, PERFORMANCE_ID) VALUES (5,3);
INSERT INTO COURSEID (COURSEIDS, PERFORMANCE_ID) VALUES (24,3);
INSERT INTO COURSEID (COURSEIDS, PERFORMANCE_ID) VALUES (41,3);
INSERT INTO COURSEID (COURSEIDS, PERFORMANCE_ID) VALUES (28,3);
INSERT INTO COURSEID (COURSEIDS, PERFORMANCE_ID) VALUES (15,3);
INSERT INTO COURSEID (COURSEIDS, PERFORMANCE_ID) VALUES (20,3);

--Auffuehrungen fuer den zweiten Auffuehrungsplan
INSERT INTO PERFORMANCE (PER_ID, ENABLED,CREATED) VALUES (4, TRUE,CURRENT_TIMESTAMP);
INSERT INTO PERFORMANCE (PER_ID, ENABLED,CREATED) VALUES (5, TRUE,CURRENT_TIMESTAMP);
INSERT INTO PERFORMANCE (PER_ID, ENABLED,CREATED) VALUES (6, TRUE,CURRENT_TIMESTAMP);

INSERT INTO COURSEID (COURSEIDS, PERFORMANCE_ID) VALUES (27,4);
INSERT INTO COURSEID (COURSEIDS, PERFORMANCE_ID) VALUES (38,4);
INSERT INTO COURSEID (COURSEIDS, PERFORMANCE_ID) VALUES (16,4);
INSERT INTO COURSEID (COURSEIDS, PERFORMANCE_ID) VALUES (27,4);
INSERT INTO COURSEID (COURSEIDS, PERFORMANCE_ID) VALUES (2,4);
INSERT INTO COURSEID (COURSEIDS, PERFORMANCE_ID) VALUES (40,4);
INSERT INTO COURSEID (COURSEIDS, PERFORMANCE_ID) VALUES (23,4);
INSERT INTO COURSEID (COURSEIDS, PERFORMANCE_ID) VALUES (1,4);
INSERT INTO COURSEID (COURSEIDS, PERFORMANCE_ID) VALUES (34,4);
INSERT INTO COURSEID (COURSEIDS, PERFORMANCE_ID) VALUES (23,4);
INSERT INTO COURSEID (COURSEIDS, PERFORMANCE_ID) VALUES (40,4);
INSERT INTO COURSEID (COURSEIDS, PERFORMANCE_ID) VALUES (4,4);
INSERT INTO COURSEID (COURSEIDS, PERFORMANCE_ID) VALUES (17,4);
INSERT INTO COURSEID (COURSEIDS, PERFORMANCE_ID) VALUES (32,4);
INSERT INTO COURSEID (COURSEIDS, PERFORMANCE_ID) VALUES (24,4);
INSERT INTO COURSEID (COURSEIDS, PERFORMANCE_ID) VALUES (39,4);
INSERT INTO COURSEID (COURSEIDS, PERFORMANCE_ID) VALUES (15,4);
INSERT INTO COURSEID (COURSEIDS, PERFORMANCE_ID) VALUES (20,4);
INSERT INTO COURSEID (COURSEIDS, PERFORMANCE_ID) VALUES (35,4);
INSERT INTO COURSEID (COURSEIDS, PERFORMANCE_ID) VALUES (5,4);
INSERT INTO COURSEID (COURSEIDS, PERFORMANCE_ID) VALUES (28,4);
INSERT INTO COURSEID (COURSEIDS, PERFORMANCE_ID) VALUES (41,4);

INSERT INTO COURSEID (COURSEIDS, PERFORMANCE_ID) VALUES (3,5);
INSERT INTO COURSEID (COURSEIDS, PERFORMANCE_ID) VALUES (19,5);
INSERT INTO COURSEID (COURSEIDS, PERFORMANCE_ID) VALUES (18,5);
INSERT INTO COURSEID (COURSEIDS, PERFORMANCE_ID) VALUES (36,5);
INSERT INTO COURSEID (COURSEIDS, PERFORMANCE_ID) VALUES (7,5);
INSERT INTO COURSEID (COURSEIDS, PERFORMANCE_ID) VALUES (38,5);
INSERT INTO COURSEID (COURSEIDS, PERFORMANCE_ID) VALUES (14,5);
INSERT INTO COURSEID (COURSEIDS, PERFORMANCE_ID) VALUES (9,5);
INSERT INTO COURSEID (COURSEIDS, PERFORMANCE_ID) VALUES (30,5);
INSERT INTO COURSEID (COURSEIDS, PERFORMANCE_ID) VALUES (26,5);
INSERT INTO COURSEID (COURSEIDS, PERFORMANCE_ID) VALUES (9,5);
INSERT INTO COURSEID (COURSEIDS, PERFORMANCE_ID) VALUES (6,5);
INSERT INTO COURSEID (COURSEIDS, PERFORMANCE_ID) VALUES (25,5);
INSERT INTO COURSEID (COURSEIDS, PERFORMANCE_ID) VALUES (10,5);
INSERT INTO COURSEID (COURSEIDS, PERFORMANCE_ID) VALUES (24,5);
INSERT INTO COURSEID (COURSEIDS, PERFORMANCE_ID) VALUES (39,5);
INSERT INTO COURSEID (COURSEIDS, PERFORMANCE_ID) VALUES (15,5);
INSERT INTO COURSEID (COURSEIDS, PERFORMANCE_ID) VALUES (20,5);
INSERT INTO COURSEID (COURSEIDS, PERFORMANCE_ID) VALUES (35,5);
INSERT INTO COURSEID (COURSEIDS, PERFORMANCE_ID) VALUES (5,5);
INSERT INTO COURSEID (COURSEIDS, PERFORMANCE_ID) VALUES (28,5);
INSERT INTO COURSEID (COURSEIDS, PERFORMANCE_ID) VALUES (41,5);

INSERT INTO COURSEID (COURSEIDS, PERFORMANCE_ID) VALUES (21,6);
INSERT INTO COURSEID (COURSEIDS, PERFORMANCE_ID) VALUES (33,6);
INSERT INTO COURSEID (COURSEIDS, PERFORMANCE_ID) VALUES (11,6);
INSERT INTO COURSEID (COURSEIDS, PERFORMANCE_ID) VALUES (22,6);
INSERT INTO COURSEID (COURSEIDS, PERFORMANCE_ID) VALUES (4,6);
INSERT INTO COURSEID (COURSEIDS, PERFORMANCE_ID) VALUES (8,6);
INSERT INTO COURSEID (COURSEIDS, PERFORMANCE_ID) VALUES (37,6);
INSERT INTO COURSEID (COURSEIDS, PERFORMANCE_ID) VALUES (13,6);
INSERT INTO COURSEID (COURSEIDS, PERFORMANCE_ID) VALUES (33,6);
INSERT INTO COURSEID (COURSEIDS, PERFORMANCE_ID) VALUES (31,6);
INSERT INTO COURSEID (COURSEIDS, PERFORMANCE_ID) VALUES (17,6);
INSERT INTO COURSEID (COURSEIDS, PERFORMANCE_ID) VALUES (9,6);
INSERT INTO COURSEID (COURSEIDS, PERFORMANCE_ID) VALUES (8,6);
INSERT INTO COURSEID (COURSEIDS, PERFORMANCE_ID) VALUES (35,6);
INSERT INTO COURSEID (COURSEIDS, PERFORMANCE_ID) VALUES (39,6);
INSERT INTO COURSEID (COURSEIDS, PERFORMANCE_ID) VALUES (5,6);
INSERT INTO COURSEID (COURSEIDS, PERFORMANCE_ID) VALUES (24,6);
INSERT INTO COURSEID (COURSEIDS, PERFORMANCE_ID) VALUES (41,6);
INSERT INTO COURSEID (COURSEIDS, PERFORMANCE_ID) VALUES (28,6);
INSERT INTO COURSEID (COURSEIDS, PERFORMANCE_ID) VALUES (15,6);
INSERT INTO COURSEID (COURSEIDS, PERFORMANCE_ID) VALUES (20,6);

--Auffuehrungen fuer den dritten Auffuehrungsplan
INSERT INTO PERFORMANCE (PER_ID, ENABLED,CREATED) VALUES (7, TRUE,CURRENT_TIMESTAMP);
INSERT INTO PERFORMANCE (PER_ID, ENABLED,CREATED) VALUES (8, TRUE,CURRENT_TIMESTAMP);
INSERT INTO PERFORMANCE (PER_ID, ENABLED,CREATED) VALUES (9, TRUE,CURRENT_TIMESTAMP);

INSERT INTO COURSEID (COURSEIDS, PERFORMANCE_ID) VALUES (10,7);
INSERT INTO COURSEID (COURSEIDS, PERFORMANCE_ID) VALUES (32,7);
INSERT INTO COURSEID (COURSEIDS, PERFORMANCE_ID) VALUES (3,7);
INSERT INTO COURSEID (COURSEIDS, PERFORMANCE_ID) VALUES (30,7);
INSERT INTO COURSEID (COURSEIDS, PERFORMANCE_ID) VALUES (14,7);
INSERT INTO COURSEID (COURSEIDS, PERFORMANCE_ID) VALUES (23,7);
INSERT INTO COURSEID (COURSEIDS, PERFORMANCE_ID) VALUES (27,7);
INSERT INTO COURSEID (COURSEIDS, PERFORMANCE_ID) VALUES (11,7);
INSERT INTO COURSEID (COURSEIDS, PERFORMANCE_ID) VALUES (36,7);
INSERT INTO COURSEID (COURSEIDS, PERFORMANCE_ID) VALUES (22,7);
INSERT INTO COURSEID (COURSEIDS, PERFORMANCE_ID) VALUES (40,7);
INSERT INTO COURSEID (COURSEIDS, PERFORMANCE_ID) VALUES (17,7);
INSERT INTO COURSEID (COURSEIDS, PERFORMANCE_ID) VALUES (4,7);
INSERT INTO COURSEID (COURSEIDS, PERFORMANCE_ID) VALUES (6,7);
INSERT INTO COURSEID (COURSEIDS, PERFORMANCE_ID) VALUES (28,7);
INSERT INTO COURSEID (COURSEIDS, PERFORMANCE_ID) VALUES (41,7);
INSERT INTO COURSEID (COURSEIDS, PERFORMANCE_ID) VALUES (20,7);
INSERT INTO COURSEID (COURSEIDS, PERFORMANCE_ID) VALUES (39,7);
INSERT INTO COURSEID (COURSEIDS, PERFORMANCE_ID) VALUES (35,7);
INSERT INTO COURSEID (COURSEIDS, PERFORMANCE_ID) VALUES (15,7);
INSERT INTO COURSEID (COURSEIDS, PERFORMANCE_ID) VALUES (5,7);
INSERT INTO COURSEID (COURSEIDS, PERFORMANCE_ID) VALUES (24,7);

INSERT INTO COURSEID (COURSEIDS, PERFORMANCE_ID) VALUES (34,8);
INSERT INTO COURSEID (COURSEIDS, PERFORMANCE_ID) VALUES (25,8);
INSERT INTO COURSEID (COURSEIDS, PERFORMANCE_ID) VALUES (12,8);
INSERT INTO COURSEID (COURSEIDS, PERFORMANCE_ID) VALUES (31,8);
INSERT INTO COURSEID (COURSEIDS, PERFORMANCE_ID) VALUES (9,8);
INSERT INTO COURSEID (COURSEIDS, PERFORMANCE_ID) VALUES (13,8);
INSERT INTO COURSEID (COURSEIDS, PERFORMANCE_ID) VALUES (23,8);
INSERT INTO COURSEID (COURSEIDS, PERFORMANCE_ID) VALUES (2,8);
INSERT INTO COURSEID (COURSEIDS, PERFORMANCE_ID) VALUES (27,8);
INSERT INTO COURSEID (COURSEIDS, PERFORMANCE_ID) VALUES (26,8);
INSERT INTO COURSEID (COURSEIDS, PERFORMANCE_ID) VALUES (37,8);
INSERT INTO COURSEID (COURSEIDS, PERFORMANCE_ID) VALUES (9,8);
INSERT INTO COURSEID (COURSEIDS, PERFORMANCE_ID) VALUES (33,8);
INSERT INTO COURSEID (COURSEIDS, PERFORMANCE_ID) VALUES (21,8);
INSERT INTO COURSEID (COURSEIDS, PERFORMANCE_ID) VALUES (28,8);
INSERT INTO COURSEID (COURSEIDS, PERFORMANCE_ID) VALUES (41,8);
INSERT INTO COURSEID (COURSEIDS, PERFORMANCE_ID) VALUES (20,8);
INSERT INTO COURSEID (COURSEIDS, PERFORMANCE_ID) VALUES (39,8);
INSERT INTO COURSEID (COURSEIDS, PERFORMANCE_ID) VALUES (35,8);
INSERT INTO COURSEID (COURSEIDS, PERFORMANCE_ID) VALUES (15,8);
INSERT INTO COURSEID (COURSEIDS, PERFORMANCE_ID) VALUES (5,8);
INSERT INTO COURSEID (COURSEIDS, PERFORMANCE_ID) VALUES (24,8);

INSERT INTO COURSEID (COURSEIDS, PERFORMANCE_ID) VALUES (1,9);
INSERT INTO COURSEID (COURSEIDS, PERFORMANCE_ID) VALUES (38,9);
INSERT INTO COURSEID (COURSEIDS, PERFORMANCE_ID) VALUES (19,9);
INSERT INTO COURSEID (COURSEIDS, PERFORMANCE_ID) VALUES (10,9);
INSERT INTO COURSEID (COURSEIDS, PERFORMANCE_ID) VALUES (29,9);
INSERT INTO COURSEID (COURSEIDS, PERFORMANCE_ID) VALUES (7,9);
INSERT INTO COURSEID (COURSEIDS, PERFORMANCE_ID) VALUES (4,9);
INSERT INTO COURSEID (COURSEIDS, PERFORMANCE_ID) VALUES (38,9);
INSERT INTO COURSEID (COURSEIDS, PERFORMANCE_ID) VALUES (18,9);
INSERT INTO COURSEID (COURSEIDS, PERFORMANCE_ID) VALUES (40,9);
INSERT INTO COURSEID (COURSEIDS, PERFORMANCE_ID) VALUES (16,9);
INSERT INTO COURSEID (COURSEIDS, PERFORMANCE_ID) VALUES (33,9);
INSERT INTO COURSEID (COURSEIDS, PERFORMANCE_ID) VALUES (8,9);
INSERT INTO COURSEID (COURSEIDS, PERFORMANCE_ID) VALUES (28,9);
INSERT INTO COURSEID (COURSEIDS, PERFORMANCE_ID) VALUES (41,9);
INSERT INTO COURSEID (COURSEIDS, PERFORMANCE_ID) VALUES (20,9);
INSERT INTO COURSEID (COURSEIDS, PERFORMANCE_ID) VALUES (39,9);
INSERT INTO COURSEID (COURSEIDS, PERFORMANCE_ID) VALUES (35,9);
INSERT INTO COURSEID (COURSEIDS, PERFORMANCE_ID) VALUES (15,9);
INSERT INTO COURSEID (COURSEIDS, PERFORMANCE_ID) VALUES (5,9);
INSERT INTO COURSEID (COURSEIDS, PERFORMANCE_ID) VALUES (24,9);

--Auffuehrungsplan
INSERT INTO PERFORMANCEPLAN (PLAN_ID, ENABLED, CREATED, DATETIME) VALUES (1, TRUE, CURRENT_TIMESTAMP, '2012-10-18');
INSERT INTO PERFORMANCEPLAN (PLAN_ID, ENABLED, CREATED, DATETIME) VALUES (2, TRUE, CURRENT_TIMESTAMP, '2013-10-21');
INSERT INTO PERFORMANCEPLAN (PLAN_ID, ENABLED, CREATED, DATETIME) VALUES (3, TRUE, CURRENT_TIMESTAMP, '2013-10-24');

INSERT INTO PLAN_PERFORMANCE (PLAN_ID, PER_ID) VALUES (1, 1);
INSERT INTO PLAN_PERFORMANCE (PLAN_ID, PER_ID) VALUES (1, 2);
INSERT INTO PLAN_PERFORMANCE (PLAN_ID, PER_ID) VALUES (1, 3);

INSERT INTO PLAN_PERFORMANCE (PLAN_ID, PER_ID) VALUES (2, 4);
INSERT INTO PLAN_PERFORMANCE (PLAN_ID, PER_ID) VALUES (2, 5);
INSERT INTO PLAN_PERFORMANCE (PLAN_ID, PER_ID) VALUES (2, 6);

INSERT INTO PLAN_PERFORMANCE (PLAN_ID, PER_ID) VALUES (3, 7);
INSERT INTO PLAN_PERFORMANCE (PLAN_ID, PER_ID) VALUES (3, 8);
INSERT INTO PLAN_PERFORMANCE (PLAN_ID, PER_ID) VALUES (3, 9);

--Rechnungen
INSERT INTO INVOICE (I_ID, DATETIME, CREATED, ENABLED, TOTAL_AMOUNT, VAT_AMOUNT, P_ID, PARENT_ID) VALUES (1,'2013-07-08 14:58:22',CURRENT_TIMESTAMP,TRUE,100, 16.67,1,24);

INSERT INTO POSITION (I_ID, C_ID, AMOUNT, DURATION, CREATED) VALUES (1,1,50,1,CURRENT_TIMESTAMP);

--Termine
INSERT INTO APPOINTMENT (AP_ID,APPOINTMENT_DATE,NUMBER,CREATED,ENABLED,C_ID) VALUES (1,'2014-04-12',1,CURRENT_TIMESTAMP,TRUE,1);
INSERT INTO APPOINTMENT (AP_ID,APPOINTMENT_DATE,NUMBER,CREATED,ENABLED,C_ID) VALUES (2,'2014-04-19',2,CURRENT_TIMESTAMP,TRUE,1);
INSERT INTO APPOINTMENT (AP_ID,APPOINTMENT_DATE,NUMBER,CREATED,ENABLED,C_ID) VALUES (3,'2014-05-01',3,CURRENT_TIMESTAMP,TRUE,1);
INSERT INTO APPOINTMENT (AP_ID,APPOINTMENT_DATE,NUMBER,CREATED,ENABLED,C_ID) VALUES (4,'2014-05-08',4,CURRENT_TIMESTAMP,TRUE,1);
INSERT INTO APPOINTMENT (AP_ID,APPOINTMENT_DATE,NUMBER,CREATED,ENABLED,C_ID) VALUES (5,'2014-05-15',5,CURRENT_TIMESTAMP,TRUE,1);
INSERT INTO APPOINTMENT (AP_ID,APPOINTMENT_DATE,NUMBER,CREATED,ENABLED,C_ID) VALUES (6,'2014-05-22',6,CURRENT_TIMESTAMP,TRUE,1);
INSERT INTO APPOINTMENT (AP_ID,APPOINTMENT_DATE,NUMBER,CREATED,ENABLED,C_ID) VALUES (7,'2014-06-12',7,CURRENT_TIMESTAMP,TRUE,1);
INSERT INTO APPOINTMENT (AP_ID,APPOINTMENT_DATE,NUMBER,CREATED,ENABLED,C_ID) VALUES (8,'2014-06-19',8,CURRENT_TIMESTAMP,TRUE,1);
INSERT INTO APPOINTMENT (AP_ID,APPOINTMENT_DATE,NUMBER,CREATED,ENABLED,C_ID) VALUES (9,'2014-07-01',9,CURRENT_TIMESTAMP,TRUE,1);

INSERT INTO APPOINTMENT (AP_ID,APPOINTMENT_DATE,NUMBER,CREATED,ENABLED,C_ID) VALUES (10,'2014-04-10',1,CURRENT_TIMESTAMP,TRUE,2);
INSERT INTO APPOINTMENT (AP_ID,APPOINTMENT_DATE,NUMBER,CREATED,ENABLED,C_ID) VALUES (12,'2014-04-17',2,CURRENT_TIMESTAMP,TRUE,2);
INSERT INTO APPOINTMENT (AP_ID,APPOINTMENT_DATE,NUMBER,CREATED,ENABLED,C_ID) VALUES (13,'2014-04-24',3,CURRENT_TIMESTAMP,TRUE,2);
INSERT INTO APPOINTMENT (AP_ID,APPOINTMENT_DATE,NUMBER,CREATED,ENABLED,C_ID) VALUES (14,'2014-05-06',4,CURRENT_TIMESTAMP,TRUE,2);
INSERT INTO APPOINTMENT (AP_ID,APPOINTMENT_DATE,NUMBER,CREATED,ENABLED,C_ID) VALUES (15,'2014-05-13',5,CURRENT_TIMESTAMP,TRUE,2);
INSERT INTO APPOINTMENT (AP_ID,APPOINTMENT_DATE,NUMBER,CREATED,ENABLED,C_ID) VALUES (16,'2014-05-20',6,CURRENT_TIMESTAMP,TRUE,2);
INSERT INTO APPOINTMENT (AP_ID,APPOINTMENT_DATE,NUMBER,CREATED,ENABLED,C_ID) VALUES (17,'2014-06-10',7,CURRENT_TIMESTAMP,TRUE,2);
INSERT INTO APPOINTMENT (AP_ID,APPOINTMENT_DATE,NUMBER,CREATED,ENABLED,C_ID) VALUES (18,'2014-06-17',8,CURRENT_TIMESTAMP,TRUE,2);
INSERT INTO APPOINTMENT (AP_ID,APPOINTMENT_DATE,NUMBER,CREATED,ENABLED,C_ID) VALUES (19,'2014-06-24',9,CURRENT_TIMESTAMP,TRUE,2);

--ABWESENHEITEN 1 3 4 5
INSERT INTO ABSENCE(AP_ID,P_ID,REASON,CREATED,ENABLED) VALUES (1,1,'Zahnarzttermin',CURRENT_TIMESTAMP,TRUE);
INSERT INTO ABSENCE(AP_ID,P_ID,REASON,CREATED,ENABLED) VALUES (3,1,'Hochzeit',CURRENT_TIMESTAMP,TRUE);
INSERT INTO ABSENCE(AP_ID,P_ID,REASON,CREATED,ENABLED) VALUES (9,1,'Urlaub',CURRENT_TIMESTAMP,TRUE);

INSERT INTO ABSENCE(AP_ID,P_ID,REASON,CREATED,ENABLED) VALUES (2,3,'Schulausflug',CURRENT_TIMESTAMP,TRUE);
INSERT INTO ABSENCE(AP_ID,P_ID,REASON,CREATED,ENABLED) VALUES (3,3,'Hochzeit',CURRENT_TIMESTAMP,TRUE);

--Ratings
INSERT INTO RATING(R_ID, CREATED, COURSE_RATING, TEACHER_RATING, SERVICE_RATING, CONTRACRITIQUE, PROCRITIQUE, C_ID, P_ID, ENABLED) 
VALUES (1,CURRENT_TIMESTAMP, 3, 5, 4, 'Der Kurs ist zu wenig abwechslungsreich', 'Der Aufenthaltsraum und der Kaffee sind super!', 1, 1, TRUE );
INSERT INTO RATING(R_ID, CREATED, COURSE_RATING, TEACHER_RATING, SERVICE_RATING, CONTRACRITIQUE, PROCRITIQUE, C_ID, P_ID, ENABLED) 
VALUES (2,CURRENT_TIMESTAMP, 5, 5, 3, 'Manchmal ist es zu kalt.', 'Ich finde das Tanzstudio klasse - echt cool!', 29, 1, TRUE );
INSERT INTO RATING(R_ID, CREATED, COURSE_RATING, TEACHER_RATING, SERVICE_RATING, CONTRACRITIQUE, PROCRITIQUE, C_ID, P_ID, ENABLED) 
VALUES (3,CURRENT_TIMESTAMP, 4, 3, 5, 'Die Lehrerin ist streng', 'Lage und Preise sind perfekt!', 21, 26, TRUE );


--Testdaten fr 2012
--Kurse Studio 1
INSERT INTO COURSE(C_ID,ENABLED,AGEGROUP,AMOUNT_PERFORMANCES,NAME,SLUG,LEVEL,TIME,SEMESTERPRICE,YEARPRICE,DURATION,ESTIMATED_SPECTATORS,WEEKDAY,YEAR,A_ID,S_ID,P_ID,CREATED)  
VALUES (42,FALSE,0,1,'Ballett 1 MO','ballett-1-mo',0,'16:05:00',50.0,90.0,50,2,0,2012,1,3,19,CURRENT_TIMESTAMP);
INSERT INTO COURSE(C_ID,ENABLED,AGEGROUP,AMOUNT_PERFORMANCES,NAME,SLUG,LEVEL,TIME,SEMESTERPRICE,YEARPRICE,DURATION,ESTIMATED_SPECTATORS,WEEKDAY,YEAR,A_ID,S_ID,P_ID,CREATED)  
VALUES (43,FALSE,0,1,'Ballett 3 MO','ballett-3-mo',0,'16:55:00',50.0,90.0,50,1,0,2012,1,3,19,CURRENT_TIMESTAMP);
INSERT INTO COURSE(C_ID,ENABLED,AGEGROUP,AMOUNT_PERFORMANCES,NAME,SLUG,LEVEL,TIME,SEMESTERPRICE,YEARPRICE,DURATION,ESTIMATED_SPECTATORS,WEEKDAY,YEAR,A_ID,S_ID,P_ID,CREATED)  
VALUES (44,FALSE,1,2,'Breakdance 2','breakdance-2',1,'17:45:00',50.0,90.0,75,0,0,2012,1,1,7,CURRENT_TIMESTAMP);
INSERT INTO COURSE(C_ID,ENABLED,AGEGROUP,AMOUNT_PERFORMANCES,NAME,SLUG,LEVEL,TIME,SEMESTERPRICE,YEARPRICE,DURATION,ESTIMATED_SPECTATORS,WEEKDAY,YEAR,A_ID,S_ID,P_ID,CREATED)  
VALUES (45,FALSE,2,3,'Step Fortg.','step-fortg',2,'19:00:00',50.0,90.0,100,0,0,2012,1,2,2,CURRENT_TIMESTAMP);
INSERT INTO COURSE(C_ID,ENABLED,AGEGROUP,AMOUNT_PERFORMANCES,NAME,SLUG,LEVEL,TIME,SEMESTERPRICE,YEARPRICE,DURATION,ESTIMATED_SPECTATORS,WEEKDAY,YEAR,A_ID,S_ID,P_ID,CREATED)  
VALUES (46,FALSE,0,1,'Ballett 2 DI','ballett-2-de',0,'15:00:00',50.0,90.0,50,2,1,2012,1,3,20,CURRENT_TIMESTAMP);
INSERT INTO COURSE(C_ID,ENABLED,AGEGROUP,AMOUNT_PERFORMANCES,NAME,SLUG,LEVEL,TIME,SEMESTERPRICE,YEARPRICE,DURATION,ESTIMATED_SPECTATORS,WEEKDAY,YEAR,A_ID,S_ID,P_ID,CREATED)  
VALUES (47,FALSE,0,1,'Ballett 1A DI','ballett-1a-di',0,'15:50:00',50.0,90.0,50,2,1,2012,1,3,20,CURRENT_TIMESTAMP);
INSERT INTO COURSE(C_ID,ENABLED,AGEGROUP,AMOUNT_PERFORMANCES,NAME,SLUG,LEVEL,TIME,SEMESTERPRICE,YEARPRICE,DURATION,ESTIMATED_SPECTATORS,WEEKDAY,YEAR,A_ID,S_ID,P_ID,CREATED)  
VALUES (48,FALSE,1,1,'Ballett 4','ballett-4',0,'16:40:00',50.0,90.0,50,0,1,2012,1,3,20,CURRENT_TIMESTAMP);
INSERT INTO COURSE(C_ID,ENABLED,AGEGROUP,AMOUNT_PERFORMANCES,NAME,SLUG,LEVEL,TIME,SEMESTERPRICE,YEARPRICE,DURATION,ESTIMATED_SPECTATORS,WEEKDAY,YEAR,A_ID,S_ID,P_ID,CREATED)  
VALUES (49,FALSE,1,2,'Videoclipdancing 1','videoclipdancing-1',0,'17:30:00',50.0,90.0,75,0,1,2012,1,5,16,CURRENT_TIMESTAMP);
INSERT INTO COURSE(C_ID,ENABLED,AGEGROUP,AMOUNT_PERFORMANCES,NAME,SLUG,LEVEL,TIME,SEMESTERPRICE,YEARPRICE,DURATION,ESTIMATED_SPECTATORS,WEEKDAY,YEAR,A_ID,S_ID,P_ID,CREATED)  
VALUES (50,FALSE,2,2,'Ballett Fortg. 2','ballett-fortg-2',1,'18:45:00',50.0,90.0,75,0,1,2012,1,3,21,CURRENT_TIMESTAMP);
INSERT INTO COURSE(C_ID,ENABLED,AGEGROUP,AMOUNT_PERFORMANCES,NAME,SLUG,LEVEL,TIME,SEMESTERPRICE,YEARPRICE,DURATION,ESTIMATED_SPECTATORS,WEEKDAY,YEAR,A_ID,S_ID,P_ID,CREATED)  
VALUES (51,FALSE,0,1,'Ballett Vorb. 1','ballett-vorb-1',0,'15:00:00',50.0,90.0,50,2,2,2012,1,3,21,CURRENT_TIMESTAMP);
INSERT INTO COURSE(C_ID,ENABLED,AGEGROUP,AMOUNT_PERFORMANCES,NAME,SLUG,LEVEL,TIME,SEMESTERPRICE,YEARPRICE,DURATION,ESTIMATED_SPECTATORS,WEEKDAY,YEAR,A_ID,S_ID,P_ID,CREATED)  
VALUES (52,FALSE,0,1,'Ballett 1 MI','ballett-1-mi',0,'15:50:00',50.0,90.0,50,2,2,2012,1,3,21,CURRENT_TIMESTAMP);
INSERT INTO COURSE(C_ID,ENABLED,AGEGROUP,AMOUNT_PERFORMANCES,NAME,SLUG,LEVEL,TIME,SEMESTERPRICE,YEARPRICE,DURATION,ESTIMATED_SPECTATORS,WEEKDAY,YEAR,A_ID,S_ID,P_ID,CREATED)  
VALUES (53,FALSE,0,1,'Ballett 2 MI','ballett-2-mi',0,'16:40:00',50.0,90.0,50,1,2,2012,1,3,21,CURRENT_TIMESTAMP);
INSERT INTO COURSE(C_ID,ENABLED,AGEGROUP,AMOUNT_PERFORMANCES,NAME,SLUG,LEVEL,TIME,SEMESTERPRICE,YEARPRICE,DURATION,ESTIMATED_SPECTATORS,WEEKDAY,YEAR,A_ID,S_ID,P_ID,CREATED)  
VALUES (54,FALSE,1,1,'Ballett Fortg. 1','ballett-fortg-1',1,'17:30:00',50.0,90.0,75,0,2,2012,1,3,21,CURRENT_TIMESTAMP);
INSERT INTO COURSE(C_ID,ENABLED,AGEGROUP,AMOUNT_PERFORMANCES,NAME,SLUG,LEVEL,TIME,SEMESTERPRICE,YEARPRICE,DURATION,ESTIMATED_SPECTATORS,WEEKDAY,YEAR,A_ID,S_ID,P_ID,CREATED)  
VALUES (55,FALSE,2,3,'Videoclipdancing 2','videoclipdancing-2',2,'18:45:00',50.0,90.0,75,0,2,2012,1,5,13,CURRENT_TIMESTAMP);
INSERT INTO COURSE(C_ID,ENABLED,AGEGROUP,AMOUNT_PERFORMANCES,NAME,SLUG,LEVEL,TIME,SEMESTERPRICE,YEARPRICE,DURATION,ESTIMATED_SPECTATORS,WEEKDAY,YEAR,A_ID,S_ID,P_ID,CREATED)  
VALUES (56,FALSE,1,1,'Ballett 3 DO','ballett-3-do',0,'15:20:00',50.0,90.0,50,1,3,2012,1,3,20,CURRENT_TIMESTAMP);
INSERT INTO COURSE(C_ID,ENABLED,AGEGROUP,AMOUNT_PERFORMANCES,NAME,SLUG,LEVEL,TIME,SEMESTERPRICE,YEARPRICE,DURATION,ESTIMATED_SPECTATORS,WEEKDAY,YEAR,A_ID,S_ID,P_ID,CREATED)  
VALUES (57,FALSE,0,1,'Ballett Vorb 2.','ballett-vorb-2',0,'16:10:00',50.0,90.0,50,2,3,2012,1,3,20,CURRENT_TIMESTAMP);
INSERT INTO COURSE(C_ID,ENABLED,AGEGROUP,AMOUNT_PERFORMANCES,NAME,SLUG,LEVEL,TIME,SEMESTERPRICE,YEARPRICE,DURATION,ESTIMATED_SPECTATORS,WEEKDAY,YEAR,A_ID,S_ID,P_ID,CREATED)  
VALUES (58,FALSE,1,1,'Ballett Fortg. 1A','ballett-fortg-1a',1,'17:00:00',50.0,90.0,75,2,3,2012,1,3,21,CURRENT_TIMESTAMP);
INSERT INTO COURSE(C_ID,ENABLED,AGEGROUP,AMOUNT_PERFORMANCES,NAME,SLUG,LEVEL,TIME,SEMESTERPRICE,YEARPRICE,DURATION,ESTIMATED_SPECTATORS,WEEKDAY,YEAR,A_ID,S_ID,P_ID,CREATED)  
VALUES (59,FALSE,2,1,'Step 1 American','step-1-american',0,'18:15:00',50.0,90.0,50,0,3,2012,1,2,18,CURRENT_TIMESTAMP);
INSERT INTO COURSE(C_ID,ENABLED,AGEGROUP,AMOUNT_PERFORMANCES,NAME,SLUG,LEVEL,TIME,SEMESTERPRICE,YEARPRICE,DURATION,ESTIMATED_SPECTATORS,WEEKDAY,YEAR,A_ID,S_ID,P_ID,CREATED)  
VALUES (60,FALSE,2,3,'Ballett Fortg. 3','ballett-fortg-3',2,'19:05:00',50.0,90.0,75,0,3,2012,1,3,21,CURRENT_TIMESTAMP);
INSERT INTO COURSE(C_ID,ENABLED,AGEGROUP,AMOUNT_PERFORMANCES,NAME,SLUG,LEVEL,TIME,SEMESTERPRICE,YEARPRICE,DURATION,ESTIMATED_SPECTATORS,WEEKDAY,YEAR,A_ID,S_ID,P_ID,CREATED)  
VALUES (61,FALSE,0,1,'Step Kids 1','step-kids-1',0,'15:00:00',50.0,90.0,50,0,4,2012,1,2,22,CURRENT_TIMESTAMP);
INSERT INTO COURSE(C_ID,ENABLED,AGEGROUP,AMOUNT_PERFORMANCES,NAME,SLUG,LEVEL,TIME,SEMESTERPRICE,YEARPRICE,DURATION,ESTIMATED_SPECTATORS,WEEKDAY,YEAR,A_ID,S_ID,P_ID,CREATED)  
VALUES (62,FALSE,0,1,'Step Kids 2','step-kids-2',0,'15:50:00',50.0,90.0,50,1,4,2012,1,2,22,CURRENT_TIMESTAMP);
INSERT INTO COURSE(C_ID,ENABLED,AGEGROUP,AMOUNT_PERFORMANCES,NAME,SLUG,LEVEL,TIME,SEMESTERPRICE,YEARPRICE,DURATION,ESTIMATED_SPECTATORS,WEEKDAY,YEAR,A_ID,S_ID,P_ID,CREATED)  
VALUES (63,FALSE,1,2,'Step Kids 3','step-kids-3',1,'16:45:00',50.0,90.0,50,1,4,2012,1,2,22,CURRENT_TIMESTAMP);
INSERT INTO COURSE(C_ID,ENABLED,AGEGROUP,AMOUNT_PERFORMANCES,NAME,SLUG,LEVEL,TIME,SEMESTERPRICE,YEARPRICE,DURATION,ESTIMATED_SPECTATORS,WEEKDAY,YEAR,A_ID,S_ID,P_ID,CREATED)  
VALUES (64,FALSE,2,3,'Rhythm Tap Fortg.','rythm-tap-fortg',2,'17:35:00',50.0,90.0,50,0,4,2012,1,2,22,CURRENT_TIMESTAMP);

--Kurse Studio 2
INSERT INTO COURSE(C_ID,ENABLED,AGEGROUP,AMOUNT_PERFORMANCES,NAME,SLUG,LEVEL,TIME,SEMESTERPRICE,YEARPRICE,DURATION,ESTIMATED_SPECTATORS,WEEKDAY,YEAR,A_ID,S_ID,P_ID,CREATED)  
VALUES (65,FALSE,0,1,'Hip Hop Kids','hip-hop-kids',0,'15:40:00',50.0,90.0,50,1,0,2012,2,4,12,CURRENT_TIMESTAMP);
INSERT INTO COURSE(C_ID,ENABLED,AGEGROUP,AMOUNT_PERFORMANCES,NAME,SLUG,LEVEL,TIME,SEMESTERPRICE,YEARPRICE,DURATION,ESTIMATED_SPECTATORS,WEEKDAY,YEAR,A_ID,S_ID,P_ID,CREATED)  
VALUES (66,FALSE,1,1,'Urban Hip Hop','urban-hip-hop',0,'16:30:00',50.0,90.0,75,1,0,2012,2,4,12,CURRENT_TIMESTAMP);
INSERT INTO COURSE(C_ID,ENABLED,AGEGROUP,AMOUNT_PERFORMANCES,NAME,SLUG,LEVEL,TIME,SEMESTERPRICE,YEARPRICE,DURATION,ESTIMATED_SPECTATORS,WEEKDAY,YEAR,A_ID,S_ID,P_ID,CREATED)  
VALUES (67,FALSE,1,2,'Videoclipdancing/ Hip Hop 2','hip-hop-2',1,'17:45:00',50.0,90.0,75,1,0,2012,2,5,12,CURRENT_TIMESTAMP);
INSERT INTO COURSE(C_ID,ENABLED,AGEGROUP,AMOUNT_PERFORMANCES,NAME,SLUG,LEVEL,TIME,SEMESTERPRICE,YEARPRICE,DURATION,ESTIMATED_SPECTATORS,WEEKDAY,YEAR,A_ID,S_ID,P_ID,CREATED)  
VALUES (68,FALSE,2,3,'Hip Hop Fortg.','hip-hop-fortg',2,'19:00:00',50.0,90.0,75,0,0,2012,2,4,13,CURRENT_TIMESTAMP);
INSERT INTO COURSE(C_ID,ENABLED,AGEGROUP,AMOUNT_PERFORMANCES,NAME,SLUG,LEVEL,TIME,SEMESTERPRICE,YEARPRICE,DURATION,ESTIMATED_SPECTATORS,WEEKDAY,YEAR,A_ID,S_ID,P_ID,CREATED)  
VALUES (69,FALSE,0,1,'Kiddy Jazz','kiddy-jazz',0,'16:00:00',50.0,90.0,50,1,1,2012,2,7,17,CURRENT_TIMESTAMP);
INSERT INTO COURSE(C_ID,ENABLED,AGEGROUP,AMOUNT_PERFORMANCES,NAME,SLUG,LEVEL,TIME,SEMESTERPRICE,YEARPRICE,DURATION,ESTIMATED_SPECTATORS,WEEKDAY,YEAR,A_ID,S_ID,P_ID,CREATED)  
VALUES (70,FALSE,0,1,'Videoclipdancing Kids 1A','videoclipdancing-kids-1a',0,'16:50:00',50.0,90.0,50,2,1,2012,2,5,16,CURRENT_TIMESTAMP);
INSERT INTO COURSE(C_ID,ENABLED,AGEGROUP,AMOUNT_PERFORMANCES,NAME,SLUG,LEVEL,TIME,SEMESTERPRICE,YEARPRICE,DURATION,ESTIMATED_SPECTATORS,WEEKDAY,YEAR,A_ID,S_ID,P_ID,CREATED)  
VALUES (71,FALSE,1,1,'Hip Hop Mix Fortg. 1','hip-hop-mix-fortg-1',0,'17:40:00',50.0,90.0,75,1,1,2012,2,4,17,CURRENT_TIMESTAMP);
INSERT INTO COURSE(C_ID,ENABLED,AGEGROUP,AMOUNT_PERFORMANCES,NAME,SLUG,LEVEL,TIME,SEMESTERPRICE,YEARPRICE,DURATION,ESTIMATED_SPECTATORS,WEEKDAY,YEAR,A_ID,S_ID,P_ID,CREATED)  
VALUES (72,FALSE,0,1,'Musical 1A','musical-1a',0,'15:00:00',50.0,90.0,75,1,2,2012,2,6,16,CURRENT_TIMESTAMP);
INSERT INTO COURSE(C_ID,ENABLED,AGEGROUP,AMOUNT_PERFORMANCES,NAME,SLUG,LEVEL,TIME,SEMESTERPRICE,YEARPRICE,DURATION,ESTIMATED_SPECTATORS,WEEKDAY,YEAR,A_ID,S_ID,P_ID,CREATED)  
VALUES (73,FALSE,1,2,'Videoclipdancing Kids Fortg.','videoclipdancing-kids-fortg',1,'16:15:00',50.0,90.0,75,1,2,2012,2,5,17,CURRENT_TIMESTAMP);
INSERT INTO COURSE(C_ID,ENABLED,AGEGROUP,AMOUNT_PERFORMANCES,NAME,SLUG,LEVEL,TIME,SEMESTERPRICE,YEARPRICE,DURATION,ESTIMATED_SPECTATORS,WEEKDAY,YEAR,A_ID,S_ID,P_ID,CREATED)  
VALUES (74,FALSE,0,1,'Breakdance 1','breakdance1',0,'17:30:00',50.0,90.0,75,0,2,2012,2,1,7,CURRENT_TIMESTAMP);
INSERT INTO COURSE(C_ID,ENABLED,AGEGROUP,AMOUNT_PERFORMANCES,NAME,SLUG,LEVEL,TIME,SEMESTERPRICE,YEARPRICE,DURATION,ESTIMATED_SPECTATORS,WEEKDAY,YEAR,A_ID,S_ID,P_ID,CREATED)  
VALUES (75,FALSE,2,3,'Hip Hop Funky New Style','hip-hop-funky-new-style',2,'18:45:00',50.0,90.0,75,0,2,2012,2,4,2,CURRENT_TIMESTAMP);
INSERT INTO COURSE(C_ID,ENABLED,AGEGROUP,AMOUNT_PERFORMANCES,NAME,SLUG,LEVEL,TIME,SEMESTERPRICE,YEARPRICE,DURATION,ESTIMATED_SPECTATORS,WEEKDAY,YEAR,A_ID,S_ID,P_ID,CREATED)  
VALUES (76,FALSE,1,1,'Videoclipdancing Fortg. 1A','videoclipdancin-fortg-1a',0,'15:30:00',50.0,90.0,75,1,3,2012,2,5,15,CURRENT_TIMESTAMP);
INSERT INTO COURSE(C_ID,ENABLED,AGEGROUP,AMOUNT_PERFORMANCES,NAME,SLUG,LEVEL,TIME,SEMESTERPRICE,YEARPRICE,DURATION,ESTIMATED_SPECTATORS,WEEKDAY,YEAR,A_ID,S_ID,P_ID,CREATED)  
VALUES (77,FALSE,2,1,'Hip Hop Mix Fortg. 2','hip-hop-mix-fortg-2',0,'16:45:00',50.0,90.0,75,1,3,2012,2,4,15,CURRENT_TIMESTAMP);
INSERT INTO COURSE(C_ID,ENABLED,AGEGROUP,AMOUNT_PERFORMANCES,NAME,SLUG,LEVEL,TIME,SEMESTERPRICE,YEARPRICE,DURATION,ESTIMATED_SPECTATORS,WEEKDAY,YEAR,A_ID,S_ID,P_ID,CREATED)  
VALUES (78,FALSE,2,2,'Videoclipdancing Jugendl. Fortg.','videoclipdancing-jugendl-fortg',1,'18:00:00',50.0,90.0,75,0,3,2012,2,5,15,CURRENT_TIMESTAMP);
INSERT INTO COURSE(C_ID,ENABLED,AGEGROUP,AMOUNT_PERFORMANCES,NAME,SLUG,LEVEL,TIME,SEMESTERPRICE,YEARPRICE,DURATION,ESTIMATED_SPECTATORS,WEEKDAY,YEAR,A_ID,S_ID,P_ID,CREATED)  
VALUES (79,FALSE,1,3,'Musical Fortg.','musical-fort',2,'15:00:00',50.0,90.0,75,1,4,2012,2,6,2,CURRENT_TIMESTAMP);
INSERT INTO COURSE(C_ID,ENABLED,AGEGROUP,AMOUNT_PERFORMANCES,NAME,SLUG,LEVEL,TIME,SEMESTERPRICE,YEARPRICE,DURATION,ESTIMATED_SPECTATORS,WEEKDAY,YEAR,A_ID,S_ID,P_ID,CREATED)  
VALUES (80,FALSE,2,2,'Dance Mix Fortg. 1','dance-mix-fortg-1',1,'16:15:00',50.0,90.0,75,1,4,2012,2,8,2,CURRENT_TIMESTAMP);
INSERT INTO COURSE(C_ID,ENABLED,AGEGROUP,AMOUNT_PERFORMANCES,NAME,SLUG,LEVEL,TIME,SEMESTERPRICE,YEARPRICE,DURATION,ESTIMATED_SPECTATORS,WEEKDAY,YEAR,A_ID,S_ID,P_ID,CREATED)  
VALUES (81,FALSE,2,3,'Dance Mix Fortg. 2','dance-mix-fortg-2',2,'17:30:00',50.0,90.0,75,1,4,2012,2,8,14,CURRENT_TIMESTAMP);

--Teilnehmer in Kursen
INSERT INTO COURSE_PARTICIPANT (P_ID,C_ID, DURATION,CREATED, ENABLED) VALUES (1,47,1,CURRENT_TIMESTAMP,FALSE);
INSERT INTO COURSE_PARTICIPANT (P_ID,C_ID, DURATION,CREATED, ENABLED) VALUES (1,45,1,CURRENT_TIMESTAMP,FALSE);
INSERT INTO COURSE_PARTICIPANT (P_ID,C_ID, DURATION,CREATED, ENABLED) VALUES (1,50,1,CURRENT_TIMESTAMP,FALSE);
INSERT INTO COURSE_PARTICIPANT (P_ID,C_ID, DURATION,CREATED, ENABLED) VALUES (1,52,1,CURRENT_TIMESTAMP,FALSE);
INSERT INTO COURSE_PARTICIPANT (P_ID,C_ID, DURATION,CREATED, ENABLED) VALUES (1,54,1,CURRENT_TIMESTAMP,FALSE);
INSERT INTO COURSE_PARTICIPANT (P_ID,C_ID, DURATION,CREATED, ENABLED) VALUES (3,60,1,CURRENT_TIMESTAMP,FALSE);
INSERT INTO COURSE_PARTICIPANT (P_ID,C_ID, DURATION,CREATED, ENABLED) VALUES (4,56,1,CURRENT_TIMESTAMP,FALSE);
INSERT INTO COURSE_PARTICIPANT (P_ID,C_ID, DURATION,CREATED, ENABLED) VALUES (4,57,1,CURRENT_TIMESTAMP,FALSE);
INSERT INTO COURSE_PARTICIPANT (P_ID,C_ID, DURATION,CREATED, ENABLED) VALUES (5,57,1,CURRENT_TIMESTAMP,FALSE);
INSERT INTO COURSE_PARTICIPANT (P_ID,C_ID, DURATION,CREATED, ENABLED) VALUES (8,44,1,CURRENT_TIMESTAMP,FALSE);
INSERT INTO COURSE_PARTICIPANT (P_ID,C_ID, DURATION,CREATED, ENABLED) VALUES (9,43,1,CURRENT_TIMESTAMP,FALSE);
INSERT INTO COURSE_PARTICIPANT (P_ID,C_ID, DURATION,CREATED, ENABLED) VALUES (10,70,1,CURRENT_TIMESTAMP,FALSE);
INSERT INTO COURSE_PARTICIPANT (P_ID,C_ID, DURATION,CREATED, ENABLED) VALUES (11,67,1,CURRENT_TIMESTAMP,FALSE);
INSERT INTO COURSE_PARTICIPANT (P_ID,C_ID, DURATION,CREATED, ENABLED) VALUES (25,64,1,CURRENT_TIMESTAMP,FALSE);
INSERT INTO COURSE_PARTICIPANT (P_ID,C_ID, DURATION,CREATED, ENABLED) VALUES (25,63,1,CURRENT_TIMESTAMP,FALSE);
INSERT INTO COURSE_PARTICIPANT (P_ID,C_ID, DURATION,CREATED, ENABLED) VALUES (26,63,1,CURRENT_TIMESTAMP,FALSE);
INSERT INTO COURSE_PARTICIPANT (P_ID,C_ID, DURATION,CREATED, ENABLED) VALUES (27,81,1,CURRENT_TIMESTAMP,FALSE);
INSERT INTO COURSE_PARTICIPANT (P_ID,C_ID, DURATION,CREATED, ENABLED) VALUES (28,79,1,CURRENT_TIMESTAMP,FALSE);
INSERT INTO COURSE_PARTICIPANT (P_ID,C_ID, DURATION,CREATED, ENABLED) VALUES (29,78,1,CURRENT_TIMESTAMP,FALSE);
INSERT INTO COURSE_PARTICIPANT (P_ID,C_ID, DURATION,CREATED, ENABLED) VALUES (30,60,1,CURRENT_TIMESTAMP,FALSE);
INSERT INTO COURSE_PARTICIPANT (P_ID,C_ID, DURATION,CREATED, ENABLED) VALUES (30,55,1,CURRENT_TIMESTAMP,FALSE);
INSERT INTO COURSE_PARTICIPANT (P_ID,C_ID, DURATION,CREATED, ENABLED) VALUES (31,57,1,CURRENT_TIMESTAMP,FALSE);
INSERT INTO COURSE_PARTICIPANT (P_ID,C_ID, DURATION,CREATED, ENABLED) VALUES (32,44,1,CURRENT_TIMESTAMP,FALSE);
INSERT INTO COURSE_PARTICIPANT (P_ID,C_ID, DURATION,CREATED, ENABLED) VALUES (33,48,1,CURRENT_TIMESTAMP,FALSE);
INSERT INTO COURSE_PARTICIPANT (P_ID,C_ID, DURATION,CREATED, ENABLED) VALUES (34,77,1,CURRENT_TIMESTAMP,FALSE);
INSERT INTO COURSE_PARTICIPANT (P_ID,C_ID, DURATION,CREATED, ENABLED) VALUES (35,79,1,CURRENT_TIMESTAMP,FALSE);
INSERT INTO COURSE_PARTICIPANT (P_ID,C_ID, DURATION,CREATED, ENABLED) VALUES (36,80,1,CURRENT_TIMESTAMP,FALSE);
INSERT INTO COURSE_PARTICIPANT (P_ID,C_ID, DURATION,CREATED, ENABLED) VALUES (37,71,1,CURRENT_TIMESTAMP,FALSE);
INSERT INTO COURSE_PARTICIPANT (P_ID,C_ID, DURATION,CREATED, ENABLED) VALUES (38,74,1,CURRENT_TIMESTAMP,FALSE);
INSERT INTO COURSE_PARTICIPANT (P_ID,C_ID, DURATION,CREATED, ENABLED) VALUES (39,65,1,CURRENT_TIMESTAMP,FALSE);
INSERT INTO COURSE_PARTICIPANT (P_ID,C_ID, DURATION,CREATED, ENABLED) VALUES (40,77,1,CURRENT_TIMESTAMP,FALSE);
INSERT INTO COURSE_PARTICIPANT (P_ID,C_ID, DURATION,CREATED, ENABLED) VALUES (41,50,1,CURRENT_TIMESTAMP,FALSE);
INSERT INTO COURSE_PARTICIPANT (P_ID,C_ID, DURATION,CREATED, ENABLED) VALUES (42,60,1,CURRENT_TIMESTAMP,FALSE);
INSERT INTO COURSE_PARTICIPANT (P_ID,C_ID, DURATION,CREATED, ENABLED) VALUES (43,60,1,CURRENT_TIMESTAMP,FALSE);
INSERT INTO COURSE_PARTICIPANT (P_ID,C_ID, DURATION,CREATED, ENABLED) VALUES (44,67,1,CURRENT_TIMESTAMP,FALSE);
INSERT INTO COURSE_PARTICIPANT (P_ID,C_ID, DURATION,CREATED, ENABLED) VALUES (45,69,1,CURRENT_TIMESTAMP,FALSE);
INSERT INTO COURSE_PARTICIPANT (P_ID,C_ID, DURATION,CREATED, ENABLED) VALUES (46,81,1,CURRENT_TIMESTAMP,FALSE);
INSERT INTO COURSE_PARTICIPANT (P_ID,C_ID, DURATION,CREATED, ENABLED) VALUES (42,80,1,CURRENT_TIMESTAMP,FALSE);
INSERT INTO COURSE_PARTICIPANT (P_ID,C_ID, DURATION,CREATED, ENABLED) VALUES (43,42,1,CURRENT_TIMESTAMP,FALSE);
INSERT INTO COURSE_PARTICIPANT (P_ID,C_ID, DURATION,CREATED, ENABLED) VALUES (44,44,1,CURRENT_TIMESTAMP,FALSE);
INSERT INTO COURSE_PARTICIPANT (P_ID,C_ID, DURATION,CREATED, ENABLED) VALUES (45,43,1,CURRENT_TIMESTAMP,FALSE);
INSERT INTO COURSE_PARTICIPANT (P_ID,C_ID, DURATION,CREATED, ENABLED) VALUES (46,70,1,CURRENT_TIMESTAMP,FALSE);
